"Καλημέρα, τι κάνεις; Είσαι έτοιμος για τη συνάντηση σήμερα το απόγευμα; ..?",NO_SPAM
"Συγχαρητήρια! Ο αριθμός σου επιλέχθηκε για το μεγάλο έπαθλο των 10.000 ευρώ, μπες στο link. Ref:854",SPAM
"Κέρδισε ένα δωρεάν iPhone 15, απομένουν λίγες θέσεις, συμπλήρωσε τη φόρμα. Ref:658",SPAM
"Πρόλαβες; Μοναδικές προσφορές έως -80% μόνο για σήμερα, αγόρασε τώρα. Ref:132",SPAM
"Κάντε login τώρα για να επιβεβαιώσετε τα στοιχεία του λογαριασμού σας, κίνδυνος αποκλεισμού. Ref:338",SPAM
"Καλημέρα, τι κάνεις; Είσαι έτοιμος για τη συνάντηση σήμερα το απόγευμα; ..!",NO_SPAM
"Όλα καλά φίλε, μην αγχώνεσαι, θα το λύσουμε το θέμα αύριο. .....",NO_SPAM
"Δανεισμός εξπρές χωρίς δικαιολογητικά και εγγυητές, εγκρίσεις σε 10 λεπτά. Ref:384",SPAM
"Καλημέρα, τι κάνεις; Είσαι έτοιμος για τη συνάντηση σήμερα το απόγευμα; ..!",NO_SPAM
"Γεια σου, μπορείς να με πάρεις τηλέφωνο μόλις ελευθερωθείς; ..?",NO_SPAM
"Αποκλειστική προσφορά για εσάς, κάντε κλικ για να εξαργυρώσετε το κουπόνι σας. Ref:444",SPAM
"Πρόλαβες; Μοναδικές προσφορές έως -80% μόνο για σήμερα, αγόρασε τώρα. Ref:199",SPAM
"Γεια σου, μπορείς να με πάρεις τηλέφωνο μόλις ελευθερωθείς; ..?",NO_SPAM
"Όλα καλά φίλε, μην αγχώνεσαι, θα το λύσουμε το θέμα αύριο. .....",NO_SPAM
"Η παραγγελία σας έχει αποσταλεί και θα παραδοθεί σε 1-2 εργάσιμες ημέρες. .....",NO_SPAM
"FREE entry to our weekly competition! Text WIN to 89121 to claim your reward. Ref:949",SPAM
"Η παραγγελία σας έχει αποσταλεί και θα παραδοθεί σε 1-2 εργάσιμες ημέρες. ..?",NO_SPAM
"Όλα καλά φίλε, μην αγχώνεσαι, θα το λύσουμε το θέμα αύριο. ...",NO_SPAM
"Κάντε login τώρα για να επιβεβαιώσετε τα στοιχεία του λογαριασμού σας, κίνδυνος αποκλεισμού. Ref:891",SPAM
"Turn $100 into millions overnight! Guaranteed automated system, claim your prize. Ref:975",SPAM
"Turn $100 into millions overnight! Guaranteed automated system, claim your prize. Ref:489",SPAM
"Get rich quickly! Invest in bitcoin today and see your profit explode. Ref:954",SPAM
"Γεια σου, μπορείς να με πάρεις τηλέφωνο μόλις ελευθερωθείς; ..?",NO_SPAM
"FREE entry to our weekly competition! Text WIN to 89121 to claim your reward. Ref:818",SPAM
"Σας στέλνω τις αλλαγές για το project, παρακαλώ ρίξτε μια ματιά πριν το meeting. ...",NO_SPAM
"Σου έστειλα το email με τις σημειώσεις του μαθήματος, τσέκαρέ το όταν προλάβεις. ..!",NO_SPAM
"Πρόλαβες; Μοναδικές προσφορές έως -80% μόνο για σήμερα, αγόρασε τώρα. Ref:376",SPAM
"Σας στέλνω τις αλλαγές για το project, παρακαλώ ρίξτε μια ματιά πριν το meeting. ..!",NO_SPAM
"Μπορείς να μου στείλεις τον κωδικό του Wi-Fi γιατί τον ξέχασα; ...",NO_SPAM
"ΕΠΕΙΓΟΝ! Κέρδισες ένα δωρεάν bonus στην πλατφόρμα μας. Κάνε κλικ εδώ τώρα! Ref:924",SPAM
"Ναι, συμφωνώ απόλυτα, ας το κανονίσουμε έτσι. ...",NO_SPAM
"Δανεισμός εξπρές χωρίς δικαιολογητικά και εγγυητές, εγκρίσεις σε 10 λεπτά. Ref:997",SPAM
"Μην ξεχάσεις να πάρεις γάλα και ψωμί επιστρέφοντας από τη δουλειά. .....",NO_SPAM
"Η παραγγελία σας έχει αποσταλεί και θα παραδοθεί σε 1-2 εργάσιμες ημέρες. .....",NO_SPAM
"Συγχαρητήρια! Ο αριθμός σου επιλέχθηκε για το μεγάλο έπαθλο των 10.000 ευρώ, μπες στο link. Ref:352",SPAM
"Καλή επιτυχία στις εξετάσεις αύριο, είμαι σίγουρος ότι θα τα πας περίφημα! ..?",NO_SPAM
"Το Password / PIN σας άλλαξε επιτυχώς στο Piraeus app. Αν δεν ήσασταν εσείς, καλέστε άμεσα. .....",NO_SPAM
"Σου έστειλα το email με τις σημειώσεις του μαθήματος, τσέκαρέ το όταν προλάβεις. .....",NO_SPAM
"ΕΠΕΙΓΟΝ! Κέρδισες ένα δωρεάν bonus στην πλατφόρμα μας. Κάνε κλικ εδώ τώρα! Ref:981",SPAM
"Get rich quickly! Invest in bitcoin today and see your profit explode. Ref:263",SPAM
"Το Password / PIN σας άλλαξε επιτυχώς στο Piraeus app. Αν δεν ήσασταν εσείς, καλέστε άμεσα. ...",NO_SPAM
"Πού είσαι; Έχουμε μαζευτεί όλοι στο μαγαζί και σε περιμένουμε. .....",NO_SPAM
"Καλή επιτυχία στις εξετάσεις αύριο, είμαι σίγουρος ότι θα τα πας περίφημα! ...",NO_SPAM
"Έλα φίλε, θα πάμε τελικά για καφέ ή θα το αφήσουμε για αύριο; ..?",NO_SPAM
"Γεια σου, μπορείς να με πάρεις τηλέφωνο μόλις ελευθερωθείς; ...",NO_SPAM
"Συγχαρητήρια! Ο αριθμός σου επιλέχθηκε για το μεγάλο έπαθλο των 10.000 ευρώ, μπες στο link. Ref:564",SPAM
"Κέρδισε ένα δωρεάν iPhone 15, απομένουν λίγες θέσεις, συμπλήρωσε τη φόρμα. Ref:996",SPAM
"Καλή επιτυχία στις εξετάσεις αύριο, είμαι σίγουρος ότι θα τα πας περίφημα! ..!",NO_SPAM
"Έλα φίλε, θα πάμε τελικά για καφέ ή θα το αφήσουμε για αύριο; ..?",NO_SPAM
"Καλή επιτυχία στις εξετάσεις αύριο, είμαι σίγουρος ότι θα τα πας περίφημα! ..!",NO_SPAM
"Αποκλειστική προσφορά για εσάς, κάντε κλικ για να εξαργυρώσετε το κουπόνι σας. Ref:265",SPAM
"Θα καθυστερήσω λίγο λόγω κίνησης, ξεκινήστε χωρίς εμένα. ...",NO_SPAM
"Σας ενημερώνουμε ότι η μισθοδοσία σας κατατέθηκε στον λογαριασμό σας. ...",NO_SPAM
"Ανακάλυψε τον πιο εύκολο τρόπο να βγάλεις χρήματα από το σπίτι, χωρίς κεφάλαιο. Ref:999",SPAM
"Θα καθυστερήσω λίγο λόγω κίνησης, ξεκινήστε χωρίς εμένα. ..?",NO_SPAM
"Κάντε login τώρα για να επιβεβαιώσετε τα στοιχεία του λογαριασμού σας, κίνδυνος αποκλεισμού. Ref:999",SPAM
"Έλα φίλε, θα πάμε τελικά για καφέ ή θα το αφήσουμε για αύριο; ...",NO_SPAM
"Μπορείς να μου στείλεις τον κωδικό του Wi-Fi γιατί τον ξέχασα; ...",NO_SPAM
"Καλή επιτυχία στις εξετάσεις αύριο, είμαι σίγουρος ότι θα τα πας περίφημα! ..!",NO_SPAM
"URGENT: Your account password has expired. Update your access features immediately. Ref:662",SPAM
"Χάσε 10 κιλά σε μία εβδομάδα με το νέο φυσικό προϊόν, εγγυημένα αποτελέσματα. Ref:993",SPAM
"Μην ξεχάσεις να πάρεις γάλα και ψωμί επιστρέφοντας από τη δουλειά. ..!",NO_SPAM
"Το Password / PIN σας άλλαξε επιτυχώς στο Piraeus app. Αν δεν ήσασταν εσείς, καλέστε άμεσα. ..?",NO_SPAM
"Καλή επιτυχία στις εξετάσεις αύριο, είμαι σίγουρος ότι θα τα πας περίφημα! .....",NO_SPAM
"Κάντε login τώρα για να επιβεβαιώσετε τα στοιχεία του λογαριασμού σας, κίνδυνος αποκλεισμού. Ref:165",SPAM
"Πού είσαι; Έχουμε μαζευτεί όλοι στο μαγαζί και σε περιμένουμε. ..!",NO_SPAM
"Καλημέρα, τι κάνεις; Είσαι έτοιμος για τη συνάντηση σήμερα το απόγευμα; ...",NO_SPAM
"Καλημέρα, τι κάνεις; Είσαι έτοιμος για τη συνάντηση σήμερα το απόγευμα; ..!",NO_SPAM
"ΕΠΕΙΓΟΝ! Κέρδισες ένα δωρεάν bonus στην πλατφόρμα μας. Κάνε κλικ εδώ τώρα! Ref:980",SPAM
"Καλή επιτυχία στις εξετάσεις αύριο, είμαι σίγουρος ότι θα τα πας περίφημα! ..!",NO_SPAM
"URGENT: Your account password has expired. Update your access features immediately. Ref:319",SPAM
"Όλα καλά φίλε, μην αγχώνεσαι, θα το λύσουμε το θέμα αύριο. .....",NO_SPAM
"URGENT: Your account password has expired. Update your access features immediately. Ref:926",SPAM
"Έλα φίλε, θα πάμε τελικά για καφέ ή θα το αφήσουμε για αύριο; ...",NO_SPAM
"Γεια σου, μπορείς να με πάρεις τηλέφωνο μόλις ελευθερωθείς; .....",NO_SPAM
"Μπορείς να μου στείλεις τον κωδικό του Wi-Fi γιατί τον ξέχασα; ...",NO_SPAM
"Σας στέλνω τις αλλαγές για το project, παρακαλώ ρίξτε μια ματιά πριν το meeting. ...",NO_SPAM
"Κέρδισε ένα δωρεάν iPhone 15, απομένουν λίγες θέσεις, συμπλήρωσε τη φόρμα. Ref:447",SPAM
"Έλα φίλε, θα πάμε τελικά για καφέ ή θα το αφήσουμε για αύριο; ..!",NO_SPAM
"Χάσε 10 κιλά σε μία εβδομάδα με το νέο φυσικό προϊόν, εγγυημένα αποτελέσματα. Ref:559",SPAM
"Συγχαρητήρια! Ο αριθμός σου επιλέχθηκε για το μεγάλο έπαθλο των 10.000 ευρώ, μπες στο link. Ref:385",SPAM
"Μπορείς να μου στείλεις τον κωδικό του Wi-Fi γιατί τον ξέχασα; ...",NO_SPAM
"Μπορείς να μου στείλεις τον κωδικό του Wi-Fi γιατί τον ξέχασα; ...",NO_SPAM
"Χάσε 10 κιλά σε μία εβδομάδα με το νέο φυσικό προϊόν, εγγυημένα αποτελέσματα. Ref:956",SPAM
"Turn $100 into millions overnight! Guaranteed automated system, claim your prize. Ref:871",SPAM
"Σου έστειλα το email με τις σημειώσεις του μαθήματος, τσέκαρέ το όταν προλάβεις. .....",NO_SPAM
"Μην ξεχάσεις να πάρεις γάλα και ψωμί επιστρέφοντας από τη δουλειά. .....",NO_SPAM
"Σου έστειλα το email με τις σημειώσεις του μαθήματος, τσέκαρέ το όταν προλάβεις. .....",NO_SPAM
"Πρόλαβες; Μοναδικές προσφορές έως -80% μόνο για σήμερα, αγόρασε τώρα. Ref:371",SPAM
"Θα καθυστερήσω λίγο λόγω κίνησης, ξεκινήστε χωρίς εμένα. .....",NO_SPAM
"Κέρδισε ένα δωρεάν iPhone 15, απομένουν λίγες θέσεις, συμπλήρωσε τη φόρμα. Ref:848",SPAM
"Καλή επιτυχία στις εξετάσεις αύριο, είμαι σίγουρος ότι θα τα πας περίφημα! .....",NO_SPAM
"FREE entry to our weekly competition! Text WIN to 89121 to claim your reward. Ref:322",SPAM
"Πού είσαι; Έχουμε μαζευτεί όλοι στο μαγαζί και σε περιμένουμε. ...",NO_SPAM
"Καλημέρα, τι κάνεις; Είσαι έτοιμος για τη συνάντηση σήμερα το απόγευμα; ...",NO_SPAM
"Καλή επιτυχία στις εξετάσεις αύριο, είμαι σίγουρος ότι θα τα πας περίφημα! ..!",NO_SPAM
"Χάσε 10 κιλά σε μία εβδομάδα με το νέο φυσικό προϊόν, εγγυημένα αποτελέσματα. Ref:182",SPAM
"Έλα φίλε, θα πάμε τελικά για καφέ ή θα το αφήσουμε για αύριο; ...",NO_SPAM
"Μην ξεχάσεις να πάρεις γάλα και ψωμί επιστρέφοντας από τη δουλειά. .....",NO_SPAM
"Δανεισμός εξπρές χωρίς δικαιολογητικά και εγγυητές, εγκρίσεις σε 10 λεπτά. Ref:352",SPAM
"Καλημέρα, τι κάνεις; Είσαι έτοιμος για τη συνάντηση σήμερα το απόγευμα; ...",NO_SPAM
"Πού είσαι; Έχουμε μαζευτεί όλοι στο μαγαζί και σε περιμένουμε. ..?",NO_SPAM
"Μην ξεχάσεις να πάρεις γάλα και ψωμί επιστρέφοντας από τη δουλειά. ..?",NO_SPAM
"Πρόλαβες; Μοναδικές προσφορές έως -80% μόνο για σήμερα, αγόρασε τώρα. Ref:234",SPAM
"Ναι, συμφωνώ απόλυτα, ας το κανονίσουμε έτσι. .....",NO_SPAM
"Θα καθυστερήσω λίγο λόγω κίνησης, ξεκινήστε χωρίς εμένα. ...",NO_SPAM
"Δανεισμός εξπρές χωρίς δικαιολογητικά και εγγυητές, εγκρίσεις σε 10 λεπτά. Ref:676",SPAM
"Έλα φίλε, θα πάμε τελικά για καφέ ή θα το αφήσουμε για αύριο; ..!",NO_SPAM
"Σου έστειλα το email με τις σημειώσεις του μαθήματος, τσέκαρέ το όταν προλάβεις. ..?",NO_SPAM
"Η παραγγελία σας έχει αποσταλεί και θα παραδοθεί σε 1-2 εργάσιμες ημέρες. ..!",NO_SPAM
"Σου έστειλα το email με τις σημειώσεις του μαθήματος, τσέκαρέ το όταν προλάβεις. .....",NO_SPAM
"Όλα καλά φίλε, μην αγχώνεσαι, θα το λύσουμε το θέμα αύριο. ..?",NO_SPAM
"Θα καθυστερήσω λίγο λόγω κίνησης, ξεκινήστε χωρίς εμένα. ...",NO_SPAM
"Καλή επιτυχία στις εξετάσεις αύριο, είμαι σίγουρος ότι θα τα πας περίφημα! ..?",NO_SPAM
"Έλα φίλε, θα πάμε τελικά για καφέ ή θα το αφήσουμε για αύριο; ..!",NO_SPAM
"Turn $100 into millions overnight! Guaranteed automated system, claim your prize. Ref:860",SPAM
"Ναι, συμφωνώ απόλυτα, ας το κανονίσουμε έτσι. ..?",NO_SPAM
"Όλα καλά φίλε, μην αγχώνεσαι, θα το λύσουμε το θέμα αύριο. ..?",NO_SPAM
"Get rich quickly! Invest in bitcoin today and see your profit explode. Ref:973",SPAM
"URGENT: Your account password has expired. Update your access features immediately. Ref:357",SPAM
"Μπορείς να μου στείλεις τον κωδικό του Wi-Fi γιατί τον ξέχασα; ...",NO_SPAM
"Πρόλαβες; Μοναδικές προσφορές έως -80% μόνο για σήμερα, αγόρασε τώρα. Ref:949",SPAM
"ΕΠΕΙΓΟΝ! Κέρδισες ένα δωρεάν bonus στην πλατφόρμα μας. Κάνε κλικ εδώ τώρα! Ref:441",SPAM
"Σας στέλνω τις αλλαγές για το project, παρακαλώ ρίξτε μια ματιά πριν το meeting. ..?",NO_SPAM
"URGENT: Your account password has expired. Update your access features immediately. Ref:664",SPAM
"Καλή επιτυχία στις εξετάσεις αύριο, είμαι σίγουρος ότι θα τα πας περίφημα! ...",NO_SPAM
"Κέρδισε ένα δωρεάν iPhone 15, απομένουν λίγες θέσεις, συμπλήρωσε τη φόρμα. Ref:252",SPAM
"Μπορείς να μου στείλεις τον κωδικό του Wi-Fi γιατί τον ξέχασα; ..?",NO_SPAM
"Σου έστειλα το email με τις σημειώσεις του μαθήματος, τσέκαρέ το όταν προλάβεις. .....",NO_SPAM
"FREE entry to our weekly competition! Text WIN to 89121 to claim your reward. Ref:473",SPAM
"Θα καθυστερήσω λίγο λόγω κίνησης, ξεκινήστε χωρίς εμένα. ...",NO_SPAM
"Μην ξεχάσεις να πάρεις γάλα και ψωμί επιστρέφοντας από τη δουλειά. ..!",NO_SPAM
"Γεια σου, μπορείς να με πάρεις τηλέφωνο μόλις ελευθερωθείς; .....",NO_SPAM
"Όλα καλά φίλε, μην αγχώνεσαι, θα το λύσουμε το θέμα αύριο. ..!",NO_SPAM
"Μην ξεχάσεις να πάρεις γάλα και ψωμί επιστρέφοντας από τη δουλειά. ..!",NO_SPAM
"Θα καθυστερήσω λίγο λόγω κίνησης, ξεκινήστε χωρίς εμένα. ..!",NO_SPAM
"Καλημέρα, τι κάνεις; Είσαι έτοιμος για τη συνάντηση σήμερα το απόγευμα; ..!",NO_SPAM
"Γεια σου, μπορείς να με πάρεις τηλέφωνο μόλις ελευθερωθείς; .....",NO_SPAM
"Μπορείς να μου στείλεις τον κωδικό του Wi-Fi γιατί τον ξέχασα; ..!",NO_SPAM
"Αποκλειστική προσφορά για εσάς, κάντε κλικ για να εξαργυρώσετε το κουπόνι σας. Ref:818",SPAM
"Your crypto wallet needs verification, click this secure link to prevent loss. Ref:139",SPAM
"Μην ξεχάσεις να πάρεις γάλα και ψωμί επιστρέφοντας από τη δουλειά. ..!",NO_SPAM
"Σας ενημερώνουμε ότι η μισθοδοσία σας κατατέθηκε στον λογαριασμό σας. ..?",NO_SPAM
"Θα καθυστερήσω λίγο λόγω κίνησης, ξεκινήστε χωρίς εμένα. ..!",NO_SPAM
"Get rich quickly! Invest in bitcoin today and see your profit explode. Ref:297",SPAM
"Ναι, συμφωνώ απόλυτα, ας το κανονίσουμε έτσι. ...",NO_SPAM
"Ναι, συμφωνώ απόλυτα, ας το κανονίσουμε έτσι. ..?",NO_SPAM
"Το Password / PIN σας άλλαξε επιτυχώς στο Piraeus app. Αν δεν ήσασταν εσείς, καλέστε άμεσα. ..?",NO_SPAM
"Έλα φίλε, θα πάμε τελικά για καφέ ή θα το αφήσουμε για αύριο; ..?",NO_SPAM
"FREE entry to our weekly competition! Text WIN to 89121 to claim your reward. Ref:139",SPAM
"Πρόλαβες; Μοναδικές προσφορές έως -80% μόνο για σήμερα, αγόρασε τώρα. Ref:453",SPAM
"Γεια σου, μπορείς να με πάρεις τηλέφωνο μόλις ελευθερωθείς; .....",NO_SPAM
"Καλή επιτυχία στις εξετάσεις αύριο, είμαι σίγουρος ότι θα τα πας περίφημα! ...",NO_SPAM
"Πού είσαι; Έχουμε μαζευτεί όλοι στο μαγαζί και σε περιμένουμε. ..!",NO_SPAM
"Κέρδισε ένα δωρεάν iPhone 15, απομένουν λίγες θέσεις, συμπλήρωσε τη φόρμα. Ref:546",SPAM
"Αποκλειστική προσφορά για εσάς, κάντε κλικ για να εξαργυρώσετε το κουπόνι σας. Ref:651",SPAM
"Όλα καλά φίλε, μην αγχώνεσαι, θα το λύσουμε το θέμα αύριο. ..!",NO_SPAM
"Έλα φίλε, θα πάμε τελικά για καφέ ή θα το αφήσουμε για αύριο; ..?",NO_SPAM
"Σας στέλνω τις αλλαγές για το project, παρακαλώ ρίξτε μια ματιά πριν το meeting. ...",NO_SPAM
"Ναι, συμφωνώ απόλυτα, ας το κανονίσουμε έτσι. ..?",NO_SPAM
"Γεια σου, μπορείς να με πάρεις τηλέφωνο μόλις ελευθερωθείς; .....",NO_SPAM
"Καλή επιτυχία στις εξετάσεις αύριο, είμαι σίγουρος ότι θα τα πας περίφημα! ..!",NO_SPAM
"Get rich quickly! Invest in bitcoin today and see your profit explode. Ref:488",SPAM
"Η παραγγελία σας έχει αποσταλεί και θα παραδοθεί σε 1-2 εργάσιμες ημέρες. ..!",NO_SPAM
"Ναι, συμφωνώ απόλυτα, ας το κανονίσουμε έτσι. .....",NO_SPAM
"Καλημέρα, τι κάνεις; Είσαι έτοιμος για τη συνάντηση σήμερα το απόγευμα; ..?",NO_SPAM
"Πρόλαβες; Μοναδικές προσφορές έως -80% μόνο για σήμερα, αγόρασε τώρα. Ref:904",SPAM
"Σας στέλνω τις αλλαγές για το project, παρακαλώ ρίξτε μια ματιά πριν το meeting. ..?",NO_SPAM
"Σας ενημερώνουμε ότι η μισθοδοσία σας κατατέθηκε στον λογαριασμό σας. ..!",NO_SPAM
"Θα καθυστερήσω λίγο λόγω κίνησης, ξεκινήστε χωρίς εμένα. ..!",NO_SPAM
"Ναι, συμφωνώ απόλυτα, ας το κανονίσουμε έτσι. ..?",NO_SPAM
"Αποκλειστική προσφορά για εσάς, κάντε κλικ για να εξαργυρώσετε το κουπόνι σας. Ref:340",SPAM
"Μην ξεχάσεις να πάρεις γάλα και ψωμί επιστρέφοντας από τη δουλειά. ..!",NO_SPAM
"ΕΠΕΙΓΟΝ! Κέρδισες ένα δωρεάν bonus στην πλατφόρμα μας. Κάνε κλικ εδώ τώρα! Ref:350",SPAM
"Πού είσαι; Έχουμε μαζευτεί όλοι στο μαγαζί και σε περιμένουμε. ...",NO_SPAM
"Η παραγγελία σας έχει αποσταλεί και θα παραδοθεί σε 1-2 εργάσιμες ημέρες. ..!",NO_SPAM
"Το Password / PIN σας άλλαξε επιτυχώς στο Piraeus app. Αν δεν ήσασταν εσείς, καλέστε άμεσα. .....",NO_SPAM
"Σου έστειλα το email με τις σημειώσεις του μαθήματος, τσέκαρέ το όταν προλάβεις. ...",NO_SPAM
"Μπορείς να μου στείλεις τον κωδικό του Wi-Fi γιατί τον ξέχασα; ...",NO_SPAM
"Μην ξεχάσεις να πάρεις γάλα και ψωμί επιστρέφοντας από τη δουλειά. ..!",NO_SPAM
"Όλα καλά φίλε, μην αγχώνεσαι, θα το λύσουμε το θέμα αύριο. .....",NO_SPAM
"Κάντε login τώρα για να επιβεβαιώσετε τα στοιχεία του λογαριασμού σας, κίνδυνος αποκλεισμού. Ref:968",SPAM
"Συγχαρητήρια! Ο αριθμός σου επιλέχθηκε για το μεγάλο έπαθλο των 10.000 ευρώ, μπες στο link. Ref:920",SPAM
"Καλή επιτυχία στις εξετάσεις αύριο, είμαι σίγουρος ότι θα τα πας περίφημα! ..?",NO_SPAM
"Η παραγγελία σας έχει αποσταλεί και θα παραδοθεί σε 1-2 εργάσιμες ημέρες. .....",NO_SPAM
"Όλα καλά φίλε, μην αγχώνεσαι, θα το λύσουμε το θέμα αύριο. .....",NO_SPAM
"Καλή επιτυχία στις εξετάσεις αύριο, είμαι σίγουρος ότι θα τα πας περίφημα! .....",NO_SPAM
"Όλα καλά φίλε, μην αγχώνεσαι, θα το λύσουμε το θέμα αύριο. .....",NO_SPAM
"Θα καθυστερήσω λίγο λόγω κίνησης, ξεκινήστε χωρίς εμένα. ..!",NO_SPAM
"Ναι, συμφωνώ απόλυτα, ας το κανονίσουμε έτσι. .....",NO_SPAM
"Ναι, συμφωνώ απόλυτα, ας το κανονίσουμε έτσι. .....",NO_SPAM
"FREE entry to our weekly competition! Text WIN to 89121 to claim your reward. Ref:340",SPAM
"Ανακάλυψε τον πιο εύκολο τρόπο να βγάλεις χρήματα από το σπίτι, χωρίς κεφάλαιο. Ref:653",SPAM
"Συγχαρητήρια! Ο αριθμός σου επιλέχθηκε για το μεγάλο έπαθλο των 10.000 ευρώ, μπες στο link. Ref:336",SPAM
"Σου έστειλα το email με τις σημειώσεις του μαθήματος, τσέκαρέ το όταν προλάβεις. ..!",NO_SPAM
"Πρόλαβες; Μοναδικές προσφορές έως -80% μόνο για σήμερα, αγόρασε τώρα. Ref:438",SPAM
"Το Password / PIN σας άλλαξε επιτυχώς στο Piraeus app. Αν δεν ήσασταν εσείς, καλέστε άμεσα. ...",NO_SPAM
"Πρόλαβες; Μοναδικές προσφορές έως -80% μόνο για σήμερα, αγόρασε τώρα. Ref:498",SPAM
"Πού είσαι; Έχουμε μαζευτεί όλοι στο μαγαζί και σε περιμένουμε. ...",NO_SPAM
"Θα καθυστερήσω λίγο λόγω κίνησης, ξεκινήστε χωρίς εμένα. .....",NO_SPAM
"Γεια σου, μπορείς να με πάρεις τηλέφωνο μόλις ελευθερωθείς; ..?",NO_SPAM
"Μπορείς να μου στείλεις τον κωδικό του Wi-Fi γιατί τον ξέχασα; .....",NO_SPAM
"Όλα καλά φίλε, μην αγχώνεσαι, θα το λύσουμε το θέμα αύριο. ..!",NO_SPAM
"Ναι, συμφωνώ απόλυτα, ας το κανονίσουμε έτσι. .....",NO_SPAM
"Το Password / PIN σας άλλαξε επιτυχώς στο Piraeus app. Αν δεν ήσασταν εσείς, καλέστε άμεσα. ..?",NO_SPAM
"Θα καθυστερήσω λίγο λόγω κίνησης, ξεκινήστε χωρίς εμένα. .....",NO_SPAM
"Μπορείς να μου στείλεις τον κωδικό του Wi-Fi γιατί τον ξέχασα; .....",NO_SPAM
"Πού είσαι; Έχουμε μαζευτεί όλοι στο μαγαζί και σε περιμένουμε. ...",NO_SPAM
"Πού είσαι; Έχουμε μαζευτεί όλοι στο μαγαζί και σε περιμένουμε. ...",NO_SPAM
"Πρόλαβες; Μοναδικές προσφορές έως -80% μόνο για σήμερα, αγόρασε τώρα. Ref:238",SPAM
"Σου έστειλα το email με τις σημειώσεις του μαθήματος, τσέκαρέ το όταν προλάβεις. ...",NO_SPAM
"Ανακάλυψε τον πιο εύκολο τρόπο να βγάλεις χρήματα από το σπίτι, χωρίς κεφάλαιο. Ref:316",SPAM
"Γεια σου, μπορείς να με πάρεις τηλέφωνο μόλις ελευθερωθείς; .....",NO_SPAM
"Your crypto wallet needs verification, click this secure link to prevent loss. Ref:531",SPAM
"Turn $100 into millions overnight! Guaranteed automated system, claim your prize. Ref:581",SPAM
"Χάσε 10 κιλά σε μία εβδομάδα με το νέο φυσικό προϊόν, εγγυημένα αποτελέσματα. Ref:153",SPAM
"Γεια σου, μπορείς να με πάρεις τηλέφωνο μόλις ελευθερωθείς; ..!",NO_SPAM
"Θα καθυστερήσω λίγο λόγω κίνησης, ξεκινήστε χωρίς εμένα. ...",NO_SPAM
"Μην ξεχάσεις να πάρεις γάλα και ψωμί επιστρέφοντας από τη δουλειά. ..!",NO_SPAM
"Πού είσαι; Έχουμε μαζευτεί όλοι στο μαγαζί και σε περιμένουμε. ..!",NO_SPAM
"URGENT: Your account password has expired. Update your access features immediately. Ref:785",SPAM
"Κάντε login τώρα για να επιβεβαιώσετε τα στοιχεία του λογαριασμού σας, κίνδυνος αποκλεισμού. Ref:576",SPAM
"Θα καθυστερήσω λίγο λόγω κίνησης, ξεκινήστε χωρίς εμένα. ..?",NO_SPAM
"Δανεισμός εξπρές χωρίς δικαιολογητικά και εγγυητές, εγκρίσεις σε 10 λεπτά. Ref:865",SPAM
"Θα καθυστερήσω λίγο λόγω κίνησης, ξεκινήστε χωρίς εμένα. ..!",NO_SPAM
"Έλα φίλε, θα πάμε τελικά για καφέ ή θα το αφήσουμε για αύριο; ...",NO_SPAM
"Πού είσαι; Έχουμε μαζευτεί όλοι στο μαγαζί και σε περιμένουμε. .....",NO_SPAM
"Όλα καλά φίλε, μην αγχώνεσαι, θα το λύσουμε το θέμα αύριο. ..!",NO_SPAM
"Κέρδισε ένα δωρεάν iPhone 15, απομένουν λίγες θέσεις, συμπλήρωσε τη φόρμα. Ref:950",SPAM
"Έλα φίλε, θα πάμε τελικά για καφέ ή θα το αφήσουμε για αύριο; ..?",NO_SPAM
"Πού είσαι; Έχουμε μαζευτεί όλοι στο μαγαζί και σε περιμένουμε. ...",NO_SPAM
"Πού είσαι; Έχουμε μαζευτεί όλοι στο μαγαζί και σε περιμένουμε. ...",NO_SPAM
"Το Password / PIN σας άλλαξε επιτυχώς στο Piraeus app. Αν δεν ήσασταν εσείς, καλέστε άμεσα. ..?",NO_SPAM
"Get rich quickly! Invest in bitcoin today and see your profit explode. Ref:449",SPAM
"Πρόλαβες; Μοναδικές προσφορές έως -80% μόνο για σήμερα, αγόρασε τώρα. Ref:942",SPAM
"Το Password / PIN σας άλλαξε επιτυχώς στο Piraeus app. Αν δεν ήσασταν εσείς, καλέστε άμεσα. ..?",NO_SPAM
"Μπορείς να μου στείλεις τον κωδικό του Wi-Fi γιατί τον ξέχασα; .....",NO_SPAM
"Το Password / PIN σας άλλαξε επιτυχώς στο Piraeus app. Αν δεν ήσασταν εσείς, καλέστε άμεσα. ..!",NO_SPAM
"Σας στέλνω τις αλλαγές για το project, παρακαλώ ρίξτε μια ματιά πριν το meeting. ..?",NO_SPAM
"Η παραγγελία σας έχει αποσταλεί και θα παραδοθεί σε 1-2 εργάσιμες ημέρες. .....",NO_SPAM
"Μπορείς να μου στείλεις τον κωδικό του Wi-Fi γιατί τον ξέχασα; ..?",NO_SPAM
"Μην ξεχάσεις να πάρεις γάλα και ψωμί επιστρέφοντας από τη δουλειά. ...",NO_SPAM
"URGENT: Your account password has expired. Update your access features immediately. Ref:349",SPAM
"Πού είσαι; Έχουμε μαζευτεί όλοι στο μαγαζί και σε περιμένουμε. .....",NO_SPAM
"Σας ενημερώνουμε ότι η μισθοδοσία σας κατατέθηκε στον λογαριασμό σας. ..?",NO_SPAM
"Κάντε login τώρα για να επιβεβαιώσετε τα στοιχεία του λογαριασμού σας, κίνδυνος αποκλεισμού. Ref:463",SPAM
"Γεια σου, μπορείς να με πάρεις τηλέφωνο μόλις ελευθερωθείς; ..?",NO_SPAM
"Όλα καλά φίλε, μην αγχώνεσαι, θα το λύσουμε το θέμα αύριο. ..?",NO_SPAM
"Καλή επιτυχία στις εξετάσεις αύριο, είμαι σίγουρος ότι θα τα πας περίφημα! ..!",NO_SPAM
"Κέρδισε ένα δωρεάν iPhone 15, απομένουν λίγες θέσεις, συμπλήρωσε τη φόρμα. Ref:516",SPAM
"Θα καθυστερήσω λίγο λόγω κίνησης, ξεκινήστε χωρίς εμένα. ..!",NO_SPAM
"Σας στέλνω τις αλλαγές για το project, παρακαλώ ρίξτε μια ματιά πριν το meeting. .....",NO_SPAM
"Καλημέρα, τι κάνεις; Είσαι έτοιμος για τη συνάντηση σήμερα το απόγευμα; ...",NO_SPAM
"Πρόλαβες; Μοναδικές προσφορές έως -80% μόνο για σήμερα, αγόρασε τώρα. Ref:808",SPAM
"Get rich quickly! Invest in bitcoin today and see your profit explode. Ref:695",SPAM
"Καλή επιτυχία στις εξετάσεις αύριο, είμαι σίγουρος ότι θα τα πας περίφημα! ..?",NO_SPAM
"Όλα καλά φίλε, μην αγχώνεσαι, θα το λύσουμε το θέμα αύριο. ..?",NO_SPAM
"Σας ενημερώνουμε ότι η μισθοδοσία σας κατατέθηκε στον λογαριασμό σας. ..?",NO_SPAM
"Μην ξεχάσεις να πάρεις γάλα και ψωμί επιστρέφοντας από τη δουλειά. ...",NO_SPAM
"Γεια σου, μπορείς να με πάρεις τηλέφωνο μόλις ελευθερωθείς; ...",NO_SPAM
"Θα καθυστερήσω λίγο λόγω κίνησης, ξεκινήστε χωρίς εμένα. ..!",NO_SPAM
"Κέρδισε ένα δωρεάν iPhone 15, απομένουν λίγες θέσεις, συμπλήρωσε τη φόρμα. Ref:595",SPAM
"Δανεισμός εξπρές χωρίς δικαιολογητικά και εγγυητές, εγκρίσεις σε 10 λεπτά. Ref:878",SPAM
"Ναι, συμφωνώ απόλυτα, ας το κανονίσουμε έτσι. ...",NO_SPAM
"Ναι, συμφωνώ απόλυτα, ας το κανονίσουμε έτσι. ..!",NO_SPAM
"Ναι, συμφωνώ απόλυτα, ας το κανονίσουμε έτσι. ...",NO_SPAM
"Σου έστειλα το email με τις σημειώσεις του μαθήματος, τσέκαρέ το όταν προλάβεις. ..?",NO_SPAM
"ΕΠΕΙΓΟΝ! Κέρδισες ένα δωρεάν bonus στην πλατφόρμα μας. Κάνε κλικ εδώ τώρα! Ref:666",SPAM
"Συγχαρητήρια! Ο αριθμός σου επιλέχθηκε για το μεγάλο έπαθλο των 10.000 ευρώ, μπες στο link. Ref:753",SPAM
"Σας ενημερώνουμε ότι η μισθοδοσία σας κατατέθηκε στον λογαριασμό σας. ...",NO_SPAM
"Πού είσαι; Έχουμε μαζευτεί όλοι στο μαγαζί και σε περιμένουμε. ..?",NO_SPAM
"Σας ενημερώνουμε ότι η μισθοδοσία σας κατατέθηκε στον λογαριασμό σας. ..?",NO_SPAM
"ΕΠΕΙΓΟΝ! Κέρδισες ένα δωρεάν bonus στην πλατφόρμα μας. Κάνε κλικ εδώ τώρα! Ref:358",SPAM
"Σας ενημερώνουμε ότι η μισθοδοσία σας κατατέθηκε στον λογαριασμό σας. ...",NO_SPAM
"Το Password / PIN σας άλλαξε επιτυχώς στο Piraeus app. Αν δεν ήσασταν εσείς, καλέστε άμεσα. .....",NO_SPAM
"Get rich quickly! Invest in bitcoin today and see your profit explode. Ref:802",SPAM
"Συγχαρητήρια! Ο αριθμός σου επιλέχθηκε για το μεγάλο έπαθλο των 10.000 ευρώ, μπες στο link. Ref:930",SPAM
"Ναι, συμφωνώ απόλυτα, ας το κανονίσουμε έτσι. ...",NO_SPAM
"Έλα φίλε, θα πάμε τελικά για καφέ ή θα το αφήσουμε για αύριο; .....",NO_SPAM
"Θα καθυστερήσω λίγο λόγω κίνησης, ξεκινήστε χωρίς εμένα. ..!",NO_SPAM
"Το Password / PIN σας άλλαξε επιτυχώς στο Piraeus app. Αν δεν ήσασταν εσείς, καλέστε άμεσα. .....",NO_SPAM
"Ναι, συμφωνώ απόλυτα, ας το κανονίσουμε έτσι. .....",NO_SPAM
"Πού είσαι; Έχουμε μαζευτεί όλοι στο μαγαζί και σε περιμένουμε. ...",NO_SPAM
"Όλα καλά φίλε, μην αγχώνεσαι, θα το λύσουμε το θέμα αύριο. ...",NO_SPAM
"Μην ξεχάσεις να πάρεις γάλα και ψωμί επιστρέφοντας από τη δουλειά. ..!",NO_SPAM
"Turn $100 into millions overnight! Guaranteed automated system, claim your prize. Ref:260",SPAM
"Χάσε 10 κιλά σε μία εβδομάδα με το νέο φυσικό προϊόν, εγγυημένα αποτελέσματα. Ref:176",SPAM
"Πρόλαβες; Μοναδικές προσφορές έως -80% μόνο για σήμερα, αγόρασε τώρα. Ref:561",SPAM
"Σας ενημερώνουμε ότι η μισθοδοσία σας κατατέθηκε στον λογαριασμό σας. ..?",NO_SPAM
"FREE entry to our weekly competition! Text WIN to 89121 to claim your reward. Ref:823",SPAM
"Your crypto wallet needs verification, click this secure link to prevent loss. Ref:564",SPAM
"Κάντε login τώρα για να επιβεβαιώσετε τα στοιχεία του λογαριασμού σας, κίνδυνος αποκλεισμού. Ref:370",SPAM
"Σας στέλνω τις αλλαγές για το project, παρακαλώ ρίξτε μια ματιά πριν το meeting. ..!",NO_SPAM
"Καλή επιτυχία στις εξετάσεις αύριο, είμαι σίγουρος ότι θα τα πας περίφημα! ..!",NO_SPAM
"Η παραγγελία σας έχει αποσταλεί και θα παραδοθεί σε 1-2 εργάσιμες ημέρες. ..?",NO_SPAM
"Έλα φίλε, θα πάμε τελικά για καφέ ή θα το αφήσουμε για αύριο; ...",NO_SPAM
"FREE entry to our weekly competition! Text WIN to 89121 to claim your reward. Ref:709",SPAM
"Πού είσαι; Έχουμε μαζευτεί όλοι στο μαγαζί και σε περιμένουμε. ..?",NO_SPAM
"Σας ενημερώνουμε ότι η μισθοδοσία σας κατατέθηκε στον λογαριασμό σας. ..?",NO_SPAM
"Ναι, συμφωνώ απόλυτα, ας το κανονίσουμε έτσι. .....",NO_SPAM
"Πού είσαι; Έχουμε μαζευτεί όλοι στο μαγαζί και σε περιμένουμε. ...",NO_SPAM
"Όλα καλά φίλε, μην αγχώνεσαι, θα το λύσουμε το θέμα αύριο. ..?",NO_SPAM
"Καλημέρα, τι κάνεις; Είσαι έτοιμος για τη συνάντηση σήμερα το απόγευμα; ...",NO_SPAM
"Get rich quickly! Invest in bitcoin today and see your profit explode. Ref:956",SPAM
"Πού είσαι; Έχουμε μαζευτεί όλοι στο μαγαζί και σε περιμένουμε. ...",NO_SPAM
"Σας στέλνω τις αλλαγές για το project, παρακαλώ ρίξτε μια ματιά πριν το meeting. ..?",NO_SPAM
"Θα καθυστερήσω λίγο λόγω κίνησης, ξεκινήστε χωρίς εμένα. ..!",NO_SPAM
"Σας στέλνω τις αλλαγές για το project, παρακαλώ ρίξτε μια ματιά πριν το meeting. .....",NO_SPAM
"Σου έστειλα το email με τις σημειώσεις του μαθήματος, τσέκαρέ το όταν προλάβεις. .....",NO_SPAM
"Σας ενημερώνουμε ότι η μισθοδοσία σας κατατέθηκε στον λογαριασμό σας. ...",NO_SPAM
"Το Password / PIN σας άλλαξε επιτυχώς στο Piraeus app. Αν δεν ήσασταν εσείς, καλέστε άμεσα. ..?",NO_SPAM
"Έλα φίλε, θα πάμε τελικά για καφέ ή θα το αφήσουμε για αύριο; ..!",NO_SPAM
"Όλα καλά φίλε, μην αγχώνεσαι, θα το λύσουμε το θέμα αύριο. .....",NO_SPAM
"Πρόλαβες; Μοναδικές προσφορές έως -80% μόνο για σήμερα, αγόρασε τώρα. Ref:933",SPAM
"Καλημέρα, τι κάνεις; Είσαι έτοιμος για τη συνάντηση σήμερα το απόγευμα; .....",NO_SPAM
"FREE entry to our weekly competition! Text WIN to 89121 to claim your reward. Ref:431",SPAM
"Αποκλειστική προσφορά για εσάς, κάντε κλικ για να εξαργυρώσετε το κουπόνι σας. Ref:513",SPAM
"Μπορείς να μου στείλεις τον κωδικό του Wi-Fi γιατί τον ξέχασα; ...",NO_SPAM
"Καλή επιτυχία στις εξετάσεις αύριο, είμαι σίγουρος ότι θα τα πας περίφημα! .....",NO_SPAM
"Μην ξεχάσεις να πάρεις γάλα και ψωμί επιστρέφοντας από τη δουλειά. ..?",NO_SPAM
"Σας ενημερώνουμε ότι η μισθοδοσία σας κατατέθηκε στον λογαριασμό σας. .....",NO_SPAM
"Μην ξεχάσεις να πάρεις γάλα και ψωμί επιστρέφοντας από τη δουλειά. ..?",NO_SPAM
"Η παραγγελία σας έχει αποσταλεί και θα παραδοθεί σε 1-2 εργάσιμες ημέρες. ..?",NO_SPAM
"Όλα καλά φίλε, μην αγχώνεσαι, θα το λύσουμε το θέμα αύριο. .....",NO_SPAM
"Get rich quickly! Invest in bitcoin today and see your profit explode. Ref:723",SPAM
"Όλα καλά φίλε, μην αγχώνεσαι, θα το λύσουμε το θέμα αύριο. ..!",NO_SPAM
"Καλημέρα, τι κάνεις; Είσαι έτοιμος για τη συνάντηση σήμερα το απόγευμα; .....",NO_SPAM
"Your crypto wallet needs verification, click this secure link to prevent loss. Ref:216",SPAM
"Έλα φίλε, θα πάμε τελικά για καφέ ή θα το αφήσουμε για αύριο; ..!",NO_SPAM
"Όλα καλά φίλε, μην αγχώνεσαι, θα το λύσουμε το θέμα αύριο. ..?",NO_SPAM
"Ναι, συμφωνώ απόλυτα, ας το κανονίσουμε έτσι. .....",NO_SPAM
"Σας ενημερώνουμε ότι η μισθοδοσία σας κατατέθηκε στον λογαριασμό σας. ..!",NO_SPAM
"Σου έστειλα το email με τις σημειώσεις του μαθήματος, τσέκαρέ το όταν προλάβεις. .....",NO_SPAM
"Δανεισμός εξπρές χωρίς δικαιολογητικά και εγγυητές, εγκρίσεις σε 10 λεπτά. Ref:620",SPAM
"Σου έστειλα το email με τις σημειώσεις του μαθήματος, τσέκαρέ το όταν προλάβεις. ...",NO_SPAM
"Αποκλειστική προσφορά για εσάς, κάντε κλικ για να εξαργυρώσετε το κουπόνι σας. Ref:974",SPAM
"Η παραγγελία σας έχει αποσταλεί και θα παραδοθεί σε 1-2 εργάσιμες ημέρες. ..?",NO_SPAM
"Ναι, συμφωνώ απόλυτα, ας το κανονίσουμε έτσι. ..?",NO_SPAM
"Πού είσαι; Έχουμε μαζευτεί όλοι στο μαγαζί και σε περιμένουμε. .....",NO_SPAM
"Σας ενημερώνουμε ότι η μισθοδοσία σας κατατέθηκε στον λογαριασμό σας. .....",NO_SPAM
"Καλή επιτυχία στις εξετάσεις αύριο, είμαι σίγουρος ότι θα τα πας περίφημα! .....",NO_SPAM
"Γεια σου, μπορείς να με πάρεις τηλέφωνο μόλις ελευθερωθείς; ..!",NO_SPAM
"Μην ξεχάσεις να πάρεις γάλα και ψωμί επιστρέφοντας από τη δουλειά. .....",NO_SPAM
"Αποκλειστική προσφορά για εσάς, κάντε κλικ για να εξαργυρώσετε το κουπόνι σας. Ref:520",SPAM
"Κέρδισε ένα δωρεάν iPhone 15, απομένουν λίγες θέσεις, συμπλήρωσε τη φόρμα. Ref:584",SPAM
"Θα καθυστερήσω λίγο λόγω κίνησης, ξεκινήστε χωρίς εμένα. .....",NO_SPAM
"Σας στέλνω τις αλλαγές για το project, παρακαλώ ρίξτε μια ματιά πριν το meeting. ..!",NO_SPAM
"Καλημέρα, τι κάνεις; Είσαι έτοιμος για τη συνάντηση σήμερα το απόγευμα; ..!",NO_SPAM
"Πού είσαι; Έχουμε μαζευτεί όλοι στο μαγαζί και σε περιμένουμε. ..?",NO_SPAM
"Μπορείς να μου στείλεις τον κωδικό του Wi-Fi γιατί τον ξέχασα; .....",NO_SPAM
"URGENT: Your account password has expired. Update your access features immediately. Ref:115",SPAM
"Το Password / PIN σας άλλαξε επιτυχώς στο Piraeus app. Αν δεν ήσασταν εσείς, καλέστε άμεσα. ..!",NO_SPAM
"Αποκλειστική προσφορά για εσάς, κάντε κλικ για να εξαργυρώσετε το κουπόνι σας. Ref:371",SPAM
"Όλα καλά φίλε, μην αγχώνεσαι, θα το λύσουμε το θέμα αύριο. .....",NO_SPAM
"Μπορείς να μου στείλεις τον κωδικό του Wi-Fi γιατί τον ξέχασα; ..?",NO_SPAM
"Μπορείς να μου στείλεις τον κωδικό του Wi-Fi γιατί τον ξέχασα; .....",NO_SPAM
"Σας στέλνω τις αλλαγές για το project, παρακαλώ ρίξτε μια ματιά πριν το meeting. .....",NO_SPAM
"Καλημέρα, τι κάνεις; Είσαι έτοιμος για τη συνάντηση σήμερα το απόγευμα; ...",NO_SPAM
"Get rich quickly! Invest in bitcoin today and see your profit explode. Ref:394",SPAM
"Όλα καλά φίλε, μην αγχώνεσαι, θα το λύσουμε το θέμα αύριο. ...",NO_SPAM
"Έλα φίλε, θα πάμε τελικά για καφέ ή θα το αφήσουμε για αύριο; ...",NO_SPAM
"Όλα καλά φίλε, μην αγχώνεσαι, θα το λύσουμε το θέμα αύριο. ..?",NO_SPAM
"Καλημέρα, τι κάνεις; Είσαι έτοιμος για τη συνάντηση σήμερα το απόγευμα; ..?",NO_SPAM
"Ναι, συμφωνώ απόλυτα, ας το κανονίσουμε έτσι. ..?",NO_SPAM
"Σου έστειλα το email με τις σημειώσεις του μαθήματος, τσέκαρέ το όταν προλάβεις. ..!",NO_SPAM
"Πού είσαι; Έχουμε μαζευτεί όλοι στο μαγαζί και σε περιμένουμε. ..!",NO_SPAM
"Turn $100 into millions overnight! Guaranteed automated system, claim your prize. Ref:724",SPAM
"Πού είσαι; Έχουμε μαζευτεί όλοι στο μαγαζί και σε περιμένουμε. ..!",NO_SPAM
"Πού είσαι; Έχουμε μαζευτεί όλοι στο μαγαζί και σε περιμένουμε. ..!",NO_SPAM
"Get rich quickly! Invest in bitcoin today and see your profit explode. Ref:360",SPAM
"Σας στέλνω τις αλλαγές για το project, παρακαλώ ρίξτε μια ματιά πριν το meeting. ...",NO_SPAM
"Σας ενημερώνουμε ότι η μισθοδοσία σας κατατέθηκε στον λογαριασμό σας. ..?",NO_SPAM
"Σου έστειλα το email με τις σημειώσεις του μαθήματος, τσέκαρέ το όταν προλάβεις. ...",NO_SPAM
"Γεια σου, μπορείς να με πάρεις τηλέφωνο μόλις ελευθερωθείς; ..?",NO_SPAM
"Το Password / PIN σας άλλαξε επιτυχώς στο Piraeus app. Αν δεν ήσασταν εσείς, καλέστε άμεσα. ..?",NO_SPAM
"Ναι, συμφωνώ απόλυτα, ας το κανονίσουμε έτσι. ..!",NO_SPAM
"Μπορείς να μου στείλεις τον κωδικό του Wi-Fi γιατί τον ξέχασα; .....",NO_SPAM
"Πρόλαβες; Μοναδικές προσφορές έως -80% μόνο για σήμερα, αγόρασε τώρα. Ref:685",SPAM
"Ναι, συμφωνώ απόλυτα, ας το κανονίσουμε έτσι. ..?",NO_SPAM
"Your crypto wallet needs verification, click this secure link to prevent loss. Ref:774",SPAM
"Καλημέρα, τι κάνεις; Είσαι έτοιμος για τη συνάντηση σήμερα το απόγευμα; ...",NO_SPAM
"Όλα καλά φίλε, μην αγχώνεσαι, θα το λύσουμε το θέμα αύριο. .....",NO_SPAM
"Η παραγγελία σας έχει αποσταλεί και θα παραδοθεί σε 1-2 εργάσιμες ημέρες. ..?",NO_SPAM
"Μην ξεχάσεις να πάρεις γάλα και ψωμί επιστρέφοντας από τη δουλειά. ..?",NO_SPAM
"Κάντε login τώρα για να επιβεβαιώσετε τα στοιχεία του λογαριασμού σας, κίνδυνος αποκλεισμού. Ref:735",SPAM
"Αποκλειστική προσφορά για εσάς, κάντε κλικ για να εξαργυρώσετε το κουπόνι σας. Ref:838",SPAM
"Σας στέλνω τις αλλαγές για το project, παρακαλώ ρίξτε μια ματιά πριν το meeting. ..!",NO_SPAM
"Η παραγγελία σας έχει αποσταλεί και θα παραδοθεί σε 1-2 εργάσιμες ημέρες. ...",NO_SPAM
"Σας ενημερώνουμε ότι η μισθοδοσία σας κατατέθηκε στον λογαριασμό σας. ...",NO_SPAM
"Όλα καλά φίλε, μην αγχώνεσαι, θα το λύσουμε το θέμα αύριο. ..!",NO_SPAM
"FREE entry to our weekly competition! Text WIN to 89121 to claim your reward. Ref:434",SPAM
"Σου έστειλα το email με τις σημειώσεις του μαθήματος, τσέκαρέ το όταν προλάβεις. ..!",NO_SPAM
"Χάσε 10 κιλά σε μία εβδομάδα με το νέο φυσικό προϊόν, εγγυημένα αποτελέσματα. Ref:997",SPAM
"Καλή επιτυχία στις εξετάσεις αύριο, είμαι σίγουρος ότι θα τα πας περίφημα! ..?",NO_SPAM
"Ναι, συμφωνώ απόλυτα, ας το κανονίσουμε έτσι. .....",NO_SPAM
"Ναι, συμφωνώ απόλυτα, ας το κανονίσουμε έτσι. ..?",NO_SPAM
"Σας ενημερώνουμε ότι η μισθοδοσία σας κατατέθηκε στον λογαριασμό σας. ...",NO_SPAM
"Κάντε login τώρα για να επιβεβαιώσετε τα στοιχεία του λογαριασμού σας, κίνδυνος αποκλεισμού. Ref:980",SPAM
"Σας στέλνω τις αλλαγές για το project, παρακαλώ ρίξτε μια ματιά πριν το meeting. .....",NO_SPAM
"Θα καθυστερήσω λίγο λόγω κίνησης, ξεκινήστε χωρίς εμένα. ..?",NO_SPAM
"Πρόλαβες; Μοναδικές προσφορές έως -80% μόνο για σήμερα, αγόρασε τώρα. Ref:114",SPAM
"Turn $100 into millions overnight! Guaranteed automated system, claim your prize. Ref:565",SPAM
"Όλα καλά φίλε, μην αγχώνεσαι, θα το λύσουμε το θέμα αύριο. ..?",NO_SPAM
"Μπορείς να μου στείλεις τον κωδικό του Wi-Fi γιατί τον ξέχασα; ..?",NO_SPAM
"Κάντε login τώρα για να επιβεβαιώσετε τα στοιχεία του λογαριασμού σας, κίνδυνος αποκλεισμού. Ref:582",SPAM
"Χάσε 10 κιλά σε μία εβδομάδα με το νέο φυσικό προϊόν, εγγυημένα αποτελέσματα. Ref:435",SPAM
"Μην ξεχάσεις να πάρεις γάλα και ψωμί επιστρέφοντας από τη δουλειά. ...",NO_SPAM
"Σας ενημερώνουμε ότι η μισθοδοσία σας κατατέθηκε στον λογαριασμό σας. ..?",NO_SPAM
"Έλα φίλε, θα πάμε τελικά για καφέ ή θα το αφήσουμε για αύριο; ..!",NO_SPAM
"ΕΠΕΙΓΟΝ! Κέρδισες ένα δωρεάν bonus στην πλατφόρμα μας. Κάνε κλικ εδώ τώρα! Ref:411",SPAM
"Έλα φίλε, θα πάμε τελικά για καφέ ή θα το αφήσουμε για αύριο; ...",NO_SPAM
"Χάσε 10 κιλά σε μία εβδομάδα με το νέο φυσικό προϊόν, εγγυημένα αποτελέσματα. Ref:238",SPAM
"Γεια σου, μπορείς να με πάρεις τηλέφωνο μόλις ελευθερωθείς; .....",NO_SPAM
"Όλα καλά φίλε, μην αγχώνεσαι, θα το λύσουμε το θέμα αύριο. ..!",NO_SPAM
"Σας στέλνω τις αλλαγές για το project, παρακαλώ ρίξτε μια ματιά πριν το meeting. ...",NO_SPAM
"Πού είσαι; Έχουμε μαζευτεί όλοι στο μαγαζί και σε περιμένουμε. .....",NO_SPAM
"Ναι, συμφωνώ απόλυτα, ας το κανονίσουμε έτσι. ...",NO_SPAM
"Μην ξεχάσεις να πάρεις γάλα και ψωμί επιστρέφοντας από τη δουλειά. .....",NO_SPAM
"Μην ξεχάσεις να πάρεις γάλα και ψωμί επιστρέφοντας από τη δουλειά. ..?",NO_SPAM
"Get rich quickly! Invest in bitcoin today and see your profit explode. Ref:476",SPAM
"Σας στέλνω τις αλλαγές για το project, παρακαλώ ρίξτε μια ματιά πριν το meeting. ..?",NO_SPAM
"FREE entry to our weekly competition! Text WIN to 89121 to claim your reward. Ref:294",SPAM
"Μπορείς να μου στείλεις τον κωδικό του Wi-Fi γιατί τον ξέχασα; .....",NO_SPAM
"Κάντε login τώρα για να επιβεβαιώσετε τα στοιχεία του λογαριασμού σας, κίνδυνος αποκλεισμού. Ref:757",SPAM
"Καλημέρα, τι κάνεις; Είσαι έτοιμος για τη συνάντηση σήμερα το απόγευμα; ...",NO_SPAM
"Μην ξεχάσεις να πάρεις γάλα και ψωμί επιστρέφοντας από τη δουλειά. ..!",NO_SPAM
"Μην ξεχάσεις να πάρεις γάλα και ψωμί επιστρέφοντας από τη δουλειά. ...",NO_SPAM
"Καλή επιτυχία στις εξετάσεις αύριο, είμαι σίγουρος ότι θα τα πας περίφημα! ..!",NO_SPAM
"Μπορείς να μου στείλεις τον κωδικό του Wi-Fi γιατί τον ξέχασα; ..!",NO_SPAM
"Σου έστειλα το email με τις σημειώσεις του μαθήματος, τσέκαρέ το όταν προλάβεις. ...",NO_SPAM
"Συγχαρητήρια! Ο αριθμός σου επιλέχθηκε για το μεγάλο έπαθλο των 10.000 ευρώ, μπες στο link. Ref:233",SPAM
"Θα καθυστερήσω λίγο λόγω κίνησης, ξεκινήστε χωρίς εμένα. ..!",NO_SPAM
"Your crypto wallet needs verification, click this secure link to prevent loss. Ref:126",SPAM
"Ανακάλυψε τον πιο εύκολο τρόπο να βγάλεις χρήματα από το σπίτι, χωρίς κεφάλαιο. Ref:908",SPAM
"Πού είσαι; Έχουμε μαζευτεί όλοι στο μαγαζί και σε περιμένουμε. ..?",NO_SPAM
"FREE entry to our weekly competition! Text WIN to 89121 to claim your reward. Ref:153",SPAM
"Πρόλαβες; Μοναδικές προσφορές έως -80% μόνο για σήμερα, αγόρασε τώρα. Ref:638",SPAM
"Turn $100 into millions overnight! Guaranteed automated system, claim your prize. Ref:587",SPAM
"Γεια σου, μπορείς να με πάρεις τηλέφωνο μόλις ελευθερωθείς; ...",NO_SPAM
"Μην ξεχάσεις να πάρεις γάλα και ψωμί επιστρέφοντας από τη δουλειά. ...",NO_SPAM
"Η παραγγελία σας έχει αποσταλεί και θα παραδοθεί σε 1-2 εργάσιμες ημέρες. ..?",NO_SPAM
"Καλημέρα, τι κάνεις; Είσαι έτοιμος για τη συνάντηση σήμερα το απόγευμα; ...",NO_SPAM
"Μπορείς να μου στείλεις τον κωδικό του Wi-Fi γιατί τον ξέχασα; .....",NO_SPAM
"Έλα φίλε, θα πάμε τελικά για καφέ ή θα το αφήσουμε για αύριο; .....",NO_SPAM
"Σας ενημερώνουμε ότι η μισθοδοσία σας κατατέθηκε στον λογαριασμό σας. ...",NO_SPAM
"Γεια σου, μπορείς να με πάρεις τηλέφωνο μόλις ελευθερωθείς; ..!",NO_SPAM
"FREE entry to our weekly competition! Text WIN to 89121 to claim your reward. Ref:739",SPAM
"Καλή επιτυχία στις εξετάσεις αύριο, είμαι σίγουρος ότι θα τα πας περίφημα! ..?",NO_SPAM
"Πού είσαι; Έχουμε μαζευτεί όλοι στο μαγαζί και σε περιμένουμε. ..?",NO_SPAM
"Πού είσαι; Έχουμε μαζευτεί όλοι στο μαγαζί και σε περιμένουμε. .....",NO_SPAM
"Κέρδισε ένα δωρεάν iPhone 15, απομένουν λίγες θέσεις, συμπλήρωσε τη φόρμα. Ref:217",SPAM
"Σας στέλνω τις αλλαγές για το project, παρακαλώ ρίξτε μια ματιά πριν το meeting. ..!",NO_SPAM
"Η παραγγελία σας έχει αποσταλεί και θα παραδοθεί σε 1-2 εργάσιμες ημέρες. ..!",NO_SPAM
"Μπορείς να μου στείλεις τον κωδικό του Wi-Fi γιατί τον ξέχασα; .....",NO_SPAM
"Όλα καλά φίλε, μην αγχώνεσαι, θα το λύσουμε το θέμα αύριο. ...",NO_SPAM
"Γεια σου, μπορείς να με πάρεις τηλέφωνο μόλις ελευθερωθείς; ..?",NO_SPAM
"Σου έστειλα το email με τις σημειώσεις του μαθήματος, τσέκαρέ το όταν προλάβεις. .....",NO_SPAM
"Your crypto wallet needs verification, click this secure link to prevent loss. Ref:187",SPAM
"Turn $100 into millions overnight! Guaranteed automated system, claim your prize. Ref:862",SPAM
"Θα καθυστερήσω λίγο λόγω κίνησης, ξεκινήστε χωρίς εμένα. ..!",NO_SPAM
"Πού είσαι; Έχουμε μαζευτεί όλοι στο μαγαζί και σε περιμένουμε. ..?",NO_SPAM
"Το Password / PIN σας άλλαξε επιτυχώς στο Piraeus app. Αν δεν ήσασταν εσείς, καλέστε άμεσα. ..?",NO_SPAM
"Θα καθυστερήσω λίγο λόγω κίνησης, ξεκινήστε χωρίς εμένα. .....",NO_SPAM
"Όλα καλά φίλε, μην αγχώνεσαι, θα το λύσουμε το θέμα αύριο. ...",NO_SPAM
"Πού είσαι; Έχουμε μαζευτεί όλοι στο μαγαζί και σε περιμένουμε. ..?",NO_SPAM
"Πού είσαι; Έχουμε μαζευτεί όλοι στο μαγαζί και σε περιμένουμε. ..!",NO_SPAM
"URGENT: Your account password has expired. Update your access features immediately. Ref:329",SPAM
"Γεια σου, μπορείς να με πάρεις τηλέφωνο μόλις ελευθερωθείς; ..?",NO_SPAM
"FREE entry to our weekly competition! Text WIN to 89121 to claim your reward. Ref:687",SPAM
"Πρόλαβες; Μοναδικές προσφορές έως -80% μόνο για σήμερα, αγόρασε τώρα. Ref:965",SPAM
"Θα καθυστερήσω λίγο λόγω κίνησης, ξεκινήστε χωρίς εμένα. ...",NO_SPAM
"Σας στέλνω τις αλλαγές για το project, παρακαλώ ρίξτε μια ματιά πριν το meeting. ..?",NO_SPAM
"FREE entry to our weekly competition! Text WIN to 89121 to claim your reward. Ref:819",SPAM
"Η παραγγελία σας έχει αποσταλεί και θα παραδοθεί σε 1-2 εργάσιμες ημέρες. ..?",NO_SPAM
"Σου έστειλα το email με τις σημειώσεις του μαθήματος, τσέκαρέ το όταν προλάβεις. ..!",NO_SPAM
"Το Password / PIN σας άλλαξε επιτυχώς στο Piraeus app. Αν δεν ήσασταν εσείς, καλέστε άμεσα. ...",NO_SPAM
"Get rich quickly! Invest in bitcoin today and see your profit explode. Ref:131",SPAM
"Χάσε 10 κιλά σε μία εβδομάδα με το νέο φυσικό προϊόν, εγγυημένα αποτελέσματα. Ref:320",SPAM
"Σας ενημερώνουμε ότι η μισθοδοσία σας κατατέθηκε στον λογαριασμό σας. ..?",NO_SPAM
"FREE entry to our weekly competition! Text WIN to 89121 to claim your reward. Ref:838",SPAM
"Πού είσαι; Έχουμε μαζευτεί όλοι στο μαγαζί και σε περιμένουμε. ...",NO_SPAM
"Σου έστειλα το email με τις σημειώσεις του μαθήματος, τσέκαρέ το όταν προλάβεις. ..!",NO_SPAM
"Καλημέρα, τι κάνεις; Είσαι έτοιμος για τη συνάντηση σήμερα το απόγευμα; ...",NO_SPAM
"Get rich quickly! Invest in bitcoin today and see your profit explode. Ref:534",SPAM
"Σας ενημερώνουμε ότι η μισθοδοσία σας κατατέθηκε στον λογαριασμό σας. .....",NO_SPAM
"Αποκλειστική προσφορά για εσάς, κάντε κλικ για να εξαργυρώσετε το κουπόνι σας. Ref:624",SPAM
"Πρόλαβες; Μοναδικές προσφορές έως -80% μόνο για σήμερα, αγόρασε τώρα. Ref:213",SPAM
"Get rich quickly! Invest in bitcoin today and see your profit explode. Ref:707",SPAM
"Σας στέλνω τις αλλαγές για το project, παρακαλώ ρίξτε μια ματιά πριν το meeting. ..?",NO_SPAM
"Πρόλαβες; Μοναδικές προσφορές έως -80% μόνο για σήμερα, αγόρασε τώρα. Ref:713",SPAM
"Κάντε login τώρα για να επιβεβαιώσετε τα στοιχεία του λογαριασμού σας, κίνδυνος αποκλεισμού. Ref:408",SPAM
"Θα καθυστερήσω λίγο λόγω κίνησης, ξεκινήστε χωρίς εμένα. ..!",NO_SPAM
"Ναι, συμφωνώ απόλυτα, ας το κανονίσουμε έτσι. ..?",NO_SPAM
"URGENT: Your account password has expired. Update your access features immediately. Ref:864",SPAM
"Σου έστειλα το email με τις σημειώσεις του μαθήματος, τσέκαρέ το όταν προλάβεις. .....",NO_SPAM
"Μην ξεχάσεις να πάρεις γάλα και ψωμί επιστρέφοντας από τη δουλειά. ..?",NO_SPAM
"Your crypto wallet needs verification, click this secure link to prevent loss. Ref:859",SPAM
"ΕΠΕΙΓΟΝ! Κέρδισες ένα δωρεάν bonus στην πλατφόρμα μας. Κάνε κλικ εδώ τώρα! Ref:570",SPAM
"Μπορείς να μου στείλεις τον κωδικό του Wi-Fi γιατί τον ξέχασα; ..?",NO_SPAM
"Πού είσαι; Έχουμε μαζευτεί όλοι στο μαγαζί και σε περιμένουμε. .....",NO_SPAM
"Το Password / PIN σας άλλαξε επιτυχώς στο Piraeus app. Αν δεν ήσασταν εσείς, καλέστε άμεσα. ..?",NO_SPAM
"ΕΠΕΙΓΟΝ! Κέρδισες ένα δωρεάν bonus στην πλατφόρμα μας. Κάνε κλικ εδώ τώρα! Ref:432",SPAM
"Δανεισμός εξπρές χωρίς δικαιολογητικά και εγγυητές, εγκρίσεις σε 10 λεπτά. Ref:571",SPAM
"Η παραγγελία σας έχει αποσταλεί και θα παραδοθεί σε 1-2 εργάσιμες ημέρες. ..?",NO_SPAM
"Your crypto wallet needs verification, click this secure link to prevent loss. Ref:208",SPAM
"Δανεισμός εξπρές χωρίς δικαιολογητικά και εγγυητές, εγκρίσεις σε 10 λεπτά. Ref:510",SPAM
"Το Password / PIN σας άλλαξε επιτυχώς στο Piraeus app. Αν δεν ήσασταν εσείς, καλέστε άμεσα. ..?",NO_SPAM
"Μην ξεχάσεις να πάρεις γάλα και ψωμί επιστρέφοντας από τη δουλειά. ..?",NO_SPAM
"Έλα φίλε, θα πάμε τελικά για καφέ ή θα το αφήσουμε για αύριο; ...",NO_SPAM
"Μην ξεχάσεις να πάρεις γάλα και ψωμί επιστρέφοντας από τη δουλειά. ..?",NO_SPAM
"Μπορείς να μου στείλεις τον κωδικό του Wi-Fi γιατί τον ξέχασα; ..!",NO_SPAM
"Συγχαρητήρια! Ο αριθμός σου επιλέχθηκε για το μεγάλο έπαθλο των 10.000 ευρώ, μπες στο link. Ref:362",SPAM
"Δανεισμός εξπρές χωρίς δικαιολογητικά και εγγυητές, εγκρίσεις σε 10 λεπτά. Ref:256",SPAM
"Σας στέλνω τις αλλαγές για το project, παρακαλώ ρίξτε μια ματιά πριν το meeting. ...",NO_SPAM
"Αποκλειστική προσφορά για εσάς, κάντε κλικ για να εξαργυρώσετε το κουπόνι σας. Ref:743",SPAM
"Θα καθυστερήσω λίγο λόγω κίνησης, ξεκινήστε χωρίς εμένα. .....",NO_SPAM
"Η παραγγελία σας έχει αποσταλεί και θα παραδοθεί σε 1-2 εργάσιμες ημέρες. ..?",NO_SPAM
"Σας στέλνω τις αλλαγές για το project, παρακαλώ ρίξτε μια ματιά πριν το meeting. ..?",NO_SPAM
"Turn $100 into millions overnight! Guaranteed automated system, claim your prize. Ref:580",SPAM
"Ναι, συμφωνώ απόλυτα, ας το κανονίσουμε έτσι. ..?",NO_SPAM
"Γεια σου, μπορείς να με πάρεις τηλέφωνο μόλις ελευθερωθείς; ...",NO_SPAM
"Σας ενημερώνουμε ότι η μισθοδοσία σας κατατέθηκε στον λογαριασμό σας. ...",NO_SPAM
"Your crypto wallet needs verification, click this secure link to prevent loss. Ref:393",SPAM
"Your crypto wallet needs verification, click this secure link to prevent loss. Ref:975",SPAM
"Δανεισμός εξπρές χωρίς δικαιολογητικά και εγγυητές, εγκρίσεις σε 10 λεπτά. Ref:619",SPAM
"Πού είσαι; Έχουμε μαζευτεί όλοι στο μαγαζί και σε περιμένουμε. ...",NO_SPAM
"Θα καθυστερήσω λίγο λόγω κίνησης, ξεκινήστε χωρίς εμένα. ..!",NO_SPAM
"Σας ενημερώνουμε ότι η μισθοδοσία σας κατατέθηκε στον λογαριασμό σας. ..!",NO_SPAM
"Σας ενημερώνουμε ότι η μισθοδοσία σας κατατέθηκε στον λογαριασμό σας. ...",NO_SPAM
"Μπορείς να μου στείλεις τον κωδικό του Wi-Fi γιατί τον ξέχασα; ..?",NO_SPAM
"Έλα φίλε, θα πάμε τελικά για καφέ ή θα το αφήσουμε για αύριο; ..!",NO_SPAM
"Κέρδισε ένα δωρεάν iPhone 15, απομένουν λίγες θέσεις, συμπλήρωσε τη φόρμα. Ref:548",SPAM
"Καλή επιτυχία στις εξετάσεις αύριο, είμαι σίγουρος ότι θα τα πας περίφημα! ..!",NO_SPAM
"Η παραγγελία σας έχει αποσταλεί και θα παραδοθεί σε 1-2 εργάσιμες ημέρες. ..?",NO_SPAM
"Θα καθυστερήσω λίγο λόγω κίνησης, ξεκινήστε χωρίς εμένα. ..?",NO_SPAM
"Καλημέρα, τι κάνεις; Είσαι έτοιμος για τη συνάντηση σήμερα το απόγευμα; ..?",NO_SPAM
"Turn $100 into millions overnight! Guaranteed automated system, claim your prize. Ref:671",SPAM
"Ναι, συμφωνώ απόλυτα, ας το κανονίσουμε έτσι. ..?",NO_SPAM
"Σας στέλνω τις αλλαγές για το project, παρακαλώ ρίξτε μια ματιά πριν το meeting. ..!",NO_SPAM
"Πού είσαι; Έχουμε μαζευτεί όλοι στο μαγαζί και σε περιμένουμε. ..!",NO_SPAM
"Ναι, συμφωνώ απόλυτα, ας το κανονίσουμε έτσι. .....",NO_SPAM
"Κέρδισε ένα δωρεάν iPhone 15, απομένουν λίγες θέσεις, συμπλήρωσε τη φόρμα. Ref:186",SPAM
"Το Password / PIN σας άλλαξε επιτυχώς στο Piraeus app. Αν δεν ήσασταν εσείς, καλέστε άμεσα. ..?",NO_SPAM
"Σας στέλνω τις αλλαγές για το project, παρακαλώ ρίξτε μια ματιά πριν το meeting. ...",NO_SPAM
"Το Password / PIN σας άλλαξε επιτυχώς στο Piraeus app. Αν δεν ήσασταν εσείς, καλέστε άμεσα. ..?",NO_SPAM
"FREE entry to our weekly competition! Text WIN to 89121 to claim your reward. Ref:284",SPAM
"Γεια σου, μπορείς να με πάρεις τηλέφωνο μόλις ελευθερωθείς; .....",NO_SPAM
"Συγχαρητήρια! Ο αριθμός σου επιλέχθηκε για το μεγάλο έπαθλο των 10.000 ευρώ, μπες στο link. Ref:258",SPAM
"Your crypto wallet needs verification, click this secure link to prevent loss. Ref:907",SPAM
"Αποκλειστική προσφορά για εσάς, κάντε κλικ για να εξαργυρώσετε το κουπόνι σας. Ref:652",SPAM
"Η παραγγελία σας έχει αποσταλεί και θα παραδοθεί σε 1-2 εργάσιμες ημέρες. ...",NO_SPAM
"Η παραγγελία σας έχει αποσταλεί και θα παραδοθεί σε 1-2 εργάσιμες ημέρες. ..!",NO_SPAM
"Σου έστειλα το email με τις σημειώσεις του μαθήματος, τσέκαρέ το όταν προλάβεις. ..!",NO_SPAM
"Κέρδισε ένα δωρεάν iPhone 15, απομένουν λίγες θέσεις, συμπλήρωσε τη φόρμα. Ref:889",SPAM
"Η παραγγελία σας έχει αποσταλεί και θα παραδοθεί σε 1-2 εργάσιμες ημέρες. ..!",NO_SPAM
"Καλημέρα, τι κάνεις; Είσαι έτοιμος για τη συνάντηση σήμερα το απόγευμα; .....",NO_SPAM
"Όλα καλά φίλε, μην αγχώνεσαι, θα το λύσουμε το θέμα αύριο. ..!",NO_SPAM
"Πού είσαι; Έχουμε μαζευτεί όλοι στο μαγαζί και σε περιμένουμε. ..?",NO_SPAM
"Θα καθυστερήσω λίγο λόγω κίνησης, ξεκινήστε χωρίς εμένα. .....",NO_SPAM
"Κάντε login τώρα για να επιβεβαιώσετε τα στοιχεία του λογαριασμού σας, κίνδυνος αποκλεισμού. Ref:416",SPAM
"Θα καθυστερήσω λίγο λόγω κίνησης, ξεκινήστε χωρίς εμένα. .....",NO_SPAM
"Μην ξεχάσεις να πάρεις γάλα και ψωμί επιστρέφοντας από τη δουλειά. ..?",NO_SPAM
"Πού είσαι; Έχουμε μαζευτεί όλοι στο μαγαζί και σε περιμένουμε. .....",NO_SPAM
"Ναι, συμφωνώ απόλυτα, ας το κανονίσουμε έτσι. .....",NO_SPAM
"Το Password / PIN σας άλλαξε επιτυχώς στο Piraeus app. Αν δεν ήσασταν εσείς, καλέστε άμεσα. ..!",NO_SPAM
"Θα καθυστερήσω λίγο λόγω κίνησης, ξεκινήστε χωρίς εμένα. ..!",NO_SPAM
"Καλημέρα, τι κάνεις; Είσαι έτοιμος για τη συνάντηση σήμερα το απόγευμα; .....",NO_SPAM
"Καλή επιτυχία στις εξετάσεις αύριο, είμαι σίγουρος ότι θα τα πας περίφημα! ...",NO_SPAM
"Καλή επιτυχία στις εξετάσεις αύριο, είμαι σίγουρος ότι θα τα πας περίφημα! ...",NO_SPAM
"Αποκλειστική προσφορά για εσάς, κάντε κλικ για να εξαργυρώσετε το κουπόνι σας. Ref:264",SPAM
"Χάσε 10 κιλά σε μία εβδομάδα με το νέο φυσικό προϊόν, εγγυημένα αποτελέσματα. Ref:250",SPAM
"Έλα φίλε, θα πάμε τελικά για καφέ ή θα το αφήσουμε για αύριο; ..!",NO_SPAM
"Η παραγγελία σας έχει αποσταλεί και θα παραδοθεί σε 1-2 εργάσιμες ημέρες. ..?",NO_SPAM
"Το Password / PIN σας άλλαξε επιτυχώς στο Piraeus app. Αν δεν ήσασταν εσείς, καλέστε άμεσα. ...",NO_SPAM
"Γεια σου, μπορείς να με πάρεις τηλέφωνο μόλις ελευθερωθείς; ..!",NO_SPAM
"Έλα φίλε, θα πάμε τελικά για καφέ ή θα το αφήσουμε για αύριο; ..?",NO_SPAM
"Ανακάλυψε τον πιο εύκολο τρόπο να βγάλεις χρήματα από το σπίτι, χωρίς κεφάλαιο. Ref:201",SPAM
"Σας στέλνω τις αλλαγές για το project, παρακαλώ ρίξτε μια ματιά πριν το meeting. ..?",NO_SPAM
"Σου έστειλα το email με τις σημειώσεις του μαθήματος, τσέκαρέ το όταν προλάβεις. ...",NO_SPAM
"Your crypto wallet needs verification, click this secure link to prevent loss. Ref:583",SPAM
"Σου έστειλα το email με τις σημειώσεις του μαθήματος, τσέκαρέ το όταν προλάβεις. .....",NO_SPAM
"Καλημέρα, τι κάνεις; Είσαι έτοιμος για τη συνάντηση σήμερα το απόγευμα; ...",NO_SPAM
"Κάντε login τώρα για να επιβεβαιώσετε τα στοιχεία του λογαριασμού σας, κίνδυνος αποκλεισμού. Ref:955",SPAM
"Κέρδισε ένα δωρεάν iPhone 15, απομένουν λίγες θέσεις, συμπλήρωσε τη φόρμα. Ref:723",SPAM
"Έλα φίλε, θα πάμε τελικά για καφέ ή θα το αφήσουμε για αύριο; ..?",NO_SPAM
"Turn $100 into millions overnight! Guaranteed automated system, claim your prize. Ref:148",SPAM
"Get rich quickly! Invest in bitcoin today and see your profit explode. Ref:912",SPAM
"Έλα φίλε, θα πάμε τελικά για καφέ ή θα το αφήσουμε για αύριο; ...",NO_SPAM
"Σας ενημερώνουμε ότι η μισθοδοσία σας κατατέθηκε στον λογαριασμό σας. ...",NO_SPAM
"Πού είσαι; Έχουμε μαζευτεί όλοι στο μαγαζί και σε περιμένουμε. ..!",NO_SPAM
"Ναι, συμφωνώ απόλυτα, ας το κανονίσουμε έτσι. .....",NO_SPAM
"Ανακάλυψε τον πιο εύκολο τρόπο να βγάλεις χρήματα από το σπίτι, χωρίς κεφάλαιο. Ref:346",SPAM
"Σου έστειλα το email με τις σημειώσεις του μαθήματος, τσέκαρέ το όταν προλάβεις. ...",NO_SPAM
"Γεια σου, μπορείς να με πάρεις τηλέφωνο μόλις ελευθερωθείς; ...",NO_SPAM
"Καλή επιτυχία στις εξετάσεις αύριο, είμαι σίγουρος ότι θα τα πας περίφημα! ...",NO_SPAM
"Σας ενημερώνουμε ότι η μισθοδοσία σας κατατέθηκε στον λογαριασμό σας. ...",NO_SPAM
"Γεια σου, μπορείς να με πάρεις τηλέφωνο μόλις ελευθερωθείς; ..?",NO_SPAM
"Γεια σου, μπορείς να με πάρεις τηλέφωνο μόλις ελευθερωθείς; ...",NO_SPAM
"Όλα καλά φίλε, μην αγχώνεσαι, θα το λύσουμε το θέμα αύριο. ...",NO_SPAM
"Όλα καλά φίλε, μην αγχώνεσαι, θα το λύσουμε το θέμα αύριο. ..?",NO_SPAM
"Ανακάλυψε τον πιο εύκολο τρόπο να βγάλεις χρήματα από το σπίτι, χωρίς κεφάλαιο. Ref:659",SPAM
"Σας στέλνω τις αλλαγές για το project, παρακαλώ ρίξτε μια ματιά πριν το meeting. ..!",NO_SPAM
"Σας στέλνω τις αλλαγές για το project, παρακαλώ ρίξτε μια ματιά πριν το meeting. .....",NO_SPAM
"Σας ενημερώνουμε ότι η μισθοδοσία σας κατατέθηκε στον λογαριασμό σας. ..!",NO_SPAM
"Έλα φίλε, θα πάμε τελικά για καφέ ή θα το αφήσουμε για αύριο; .....",NO_SPAM
"Κάντε login τώρα για να επιβεβαιώσετε τα στοιχεία του λογαριασμού σας, κίνδυνος αποκλεισμού. Ref:144",SPAM
"Η παραγγελία σας έχει αποσταλεί και θα παραδοθεί σε 1-2 εργάσιμες ημέρες. ...",NO_SPAM
"Ναι, συμφωνώ απόλυτα, ας το κανονίσουμε έτσι. .....",NO_SPAM
"Καλή επιτυχία στις εξετάσεις αύριο, είμαι σίγουρος ότι θα τα πας περίφημα! .....",NO_SPAM
"Αποκλειστική προσφορά για εσάς, κάντε κλικ για να εξαργυρώσετε το κουπόνι σας. Ref:762",SPAM
"Ανακάλυψε τον πιο εύκολο τρόπο να βγάλεις χρήματα από το σπίτι, χωρίς κεφάλαιο. Ref:982",SPAM
"Μπορείς να μου στείλεις τον κωδικό του Wi-Fi γιατί τον ξέχασα; ..?",NO_SPAM
"Αποκλειστική προσφορά για εσάς, κάντε κλικ για να εξαργυρώσετε το κουπόνι σας. Ref:476",SPAM
"Το Password / PIN σας άλλαξε επιτυχώς στο Piraeus app. Αν δεν ήσασταν εσείς, καλέστε άμεσα. .....",NO_SPAM
"Το Password / PIN σας άλλαξε επιτυχώς στο Piraeus app. Αν δεν ήσασταν εσείς, καλέστε άμεσα. ..?",NO_SPAM
"Σας ενημερώνουμε ότι η μισθοδοσία σας κατατέθηκε στον λογαριασμό σας. .....",NO_SPAM
"Θα καθυστερήσω λίγο λόγω κίνησης, ξεκινήστε χωρίς εμένα. ..?",NO_SPAM
"Όλα καλά φίλε, μην αγχώνεσαι, θα το λύσουμε το θέμα αύριο. .....",NO_SPAM
"Δανεισμός εξπρές χωρίς δικαιολογητικά και εγγυητές, εγκρίσεις σε 10 λεπτά. Ref:942",SPAM
"FREE entry to our weekly competition! Text WIN to 89121 to claim your reward. Ref:428",SPAM
"Ανακάλυψε τον πιο εύκολο τρόπο να βγάλεις χρήματα από το σπίτι, χωρίς κεφάλαιο. Ref:776",SPAM
"URGENT: Your account password has expired. Update your access features immediately. Ref:717",SPAM
"Σου έστειλα το email με τις σημειώσεις του μαθήματος, τσέκαρέ το όταν προλάβεις. .....",NO_SPAM
"Καλημέρα, τι κάνεις; Είσαι έτοιμος για τη συνάντηση σήμερα το απόγευμα; ..?",NO_SPAM
"Το Password / PIN σας άλλαξε επιτυχώς στο Piraeus app. Αν δεν ήσασταν εσείς, καλέστε άμεσα. ..?",NO_SPAM
"Θα καθυστερήσω λίγο λόγω κίνησης, ξεκινήστε χωρίς εμένα. ...",NO_SPAM
"Get rich quickly! Invest in bitcoin today and see your profit explode. Ref:515",SPAM
"Θα καθυστερήσω λίγο λόγω κίνησης, ξεκινήστε χωρίς εμένα. ..!",NO_SPAM
"Σου έστειλα το email με τις σημειώσεις του μαθήματος, τσέκαρέ το όταν προλάβεις. .....",NO_SPAM
"Turn $100 into millions overnight! Guaranteed automated system, claim your prize. Ref:341",SPAM
"Γεια σου, μπορείς να με πάρεις τηλέφωνο μόλις ελευθερωθείς; ..?",NO_SPAM
"Πού είσαι; Έχουμε μαζευτεί όλοι στο μαγαζί και σε περιμένουμε. ...",NO_SPAM
"Σας στέλνω τις αλλαγές για το project, παρακαλώ ρίξτε μια ματιά πριν το meeting. .....",NO_SPAM
"Γεια σου, μπορείς να με πάρεις τηλέφωνο μόλις ελευθερωθείς; .....",NO_SPAM
"Πού είσαι; Έχουμε μαζευτεί όλοι στο μαγαζί και σε περιμένουμε. ..!",NO_SPAM
"Το Password / PIN σας άλλαξε επιτυχώς στο Piraeus app. Αν δεν ήσασταν εσείς, καλέστε άμεσα. ..?",NO_SPAM
"Μην ξεχάσεις να πάρεις γάλα και ψωμί επιστρέφοντας από τη δουλειά. ...",NO_SPAM
"Συγχαρητήρια! Ο αριθμός σου επιλέχθηκε για το μεγάλο έπαθλο των 10.000 ευρώ, μπες στο link. Ref:611",SPAM
"Η παραγγελία σας έχει αποσταλεί και θα παραδοθεί σε 1-2 εργάσιμες ημέρες. ...",NO_SPAM
"FREE entry to our weekly competition! Text WIN to 89121 to claim your reward. Ref:820",SPAM
"Πού είσαι; Έχουμε μαζευτεί όλοι στο μαγαζί και σε περιμένουμε. ..?",NO_SPAM
"Σας ενημερώνουμε ότι η μισθοδοσία σας κατατέθηκε στον λογαριασμό σας. ..!",NO_SPAM
"Your crypto wallet needs verification, click this secure link to prevent loss. Ref:175",SPAM
"Η παραγγελία σας έχει αποσταλεί και θα παραδοθεί σε 1-2 εργάσιμες ημέρες. .....",NO_SPAM
"Θα καθυστερήσω λίγο λόγω κίνησης, ξεκινήστε χωρίς εμένα. ..?",NO_SPAM
"Όλα καλά φίλε, μην αγχώνεσαι, θα το λύσουμε το θέμα αύριο. ...",NO_SPAM
"Ναι, συμφωνώ απόλυτα, ας το κανονίσουμε έτσι. ..?",NO_SPAM
"Όλα καλά φίλε, μην αγχώνεσαι, θα το λύσουμε το θέμα αύριο. ..!",NO_SPAM
"Καλή επιτυχία στις εξετάσεις αύριο, είμαι σίγουρος ότι θα τα πας περίφημα! ..!",NO_SPAM
"Κάντε login τώρα για να επιβεβαιώσετε τα στοιχεία του λογαριασμού σας, κίνδυνος αποκλεισμού. Ref:911",SPAM
"Αποκλειστική προσφορά για εσάς, κάντε κλικ για να εξαργυρώσετε το κουπόνι σας. Ref:605",SPAM
"Χάσε 10 κιλά σε μία εβδομάδα με το νέο φυσικό προϊόν, εγγυημένα αποτελέσματα. Ref:686",SPAM
"Θα καθυστερήσω λίγο λόγω κίνησης, ξεκινήστε χωρίς εμένα. ..!",NO_SPAM
"Έλα φίλε, θα πάμε τελικά για καφέ ή θα το αφήσουμε για αύριο; ...",NO_SPAM
"Όλα καλά φίλε, μην αγχώνεσαι, θα το λύσουμε το θέμα αύριο. .....",NO_SPAM
"Θα καθυστερήσω λίγο λόγω κίνησης, ξεκινήστε χωρίς εμένα. .....",NO_SPAM
"Έλα φίλε, θα πάμε τελικά για καφέ ή θα το αφήσουμε για αύριο; ..!",NO_SPAM
"Σας στέλνω τις αλλαγές για το project, παρακαλώ ρίξτε μια ματιά πριν το meeting. ...",NO_SPAM
"Σας στέλνω τις αλλαγές για το project, παρακαλώ ρίξτε μια ματιά πριν το meeting. ..?",NO_SPAM
"Your crypto wallet needs verification, click this secure link to prevent loss. Ref:898",SPAM
"Πού είσαι; Έχουμε μαζευτεί όλοι στο μαγαζί και σε περιμένουμε. ..!",NO_SPAM
"Σου έστειλα το email με τις σημειώσεις του μαθήματος, τσέκαρέ το όταν προλάβεις. .....",NO_SPAM
"Μπορείς να μου στείλεις τον κωδικό του Wi-Fi γιατί τον ξέχασα; ...",NO_SPAM
"Καλή επιτυχία στις εξετάσεις αύριο, είμαι σίγουρος ότι θα τα πας περίφημα! ..!",NO_SPAM
"Σου έστειλα το email με τις σημειώσεις του μαθήματος, τσέκαρέ το όταν προλάβεις. ..?",NO_SPAM
"Μην ξεχάσεις να πάρεις γάλα και ψωμί επιστρέφοντας από τη δουλειά. ..?",NO_SPAM
"Καλή επιτυχία στις εξετάσεις αύριο, είμαι σίγουρος ότι θα τα πας περίφημα! ..?",NO_SPAM
"Ναι, συμφωνώ απόλυτα, ας το κανονίσουμε έτσι. ..!",NO_SPAM
"Καλή επιτυχία στις εξετάσεις αύριο, είμαι σίγουρος ότι θα τα πας περίφημα! ..?",NO_SPAM
"FREE entry to our weekly competition! Text WIN to 89121 to claim your reward. Ref:729",SPAM
"Καλή επιτυχία στις εξετάσεις αύριο, είμαι σίγουρος ότι θα τα πας περίφημα! ..!",NO_SPAM
"Πού είσαι; Έχουμε μαζευτεί όλοι στο μαγαζί και σε περιμένουμε. ..!",NO_SPAM
"Δανεισμός εξπρές χωρίς δικαιολογητικά και εγγυητές, εγκρίσεις σε 10 λεπτά. Ref:837",SPAM
"Γεια σου, μπορείς να με πάρεις τηλέφωνο μόλις ελευθερωθείς; ...",NO_SPAM
"Καλημέρα, τι κάνεις; Είσαι έτοιμος για τη συνάντηση σήμερα το απόγευμα; ...",NO_SPAM
"Get rich quickly! Invest in bitcoin today and see your profit explode. Ref:889",SPAM
"Σας στέλνω τις αλλαγές για το project, παρακαλώ ρίξτε μια ματιά πριν το meeting. ..!",NO_SPAM
"Το Password / PIN σας άλλαξε επιτυχώς στο Piraeus app. Αν δεν ήσασταν εσείς, καλέστε άμεσα. ...",NO_SPAM
"Σας στέλνω τις αλλαγές για το project, παρακαλώ ρίξτε μια ματιά πριν το meeting. ..?",NO_SPAM
"Ναι, συμφωνώ απόλυτα, ας το κανονίσουμε έτσι. .....",NO_SPAM
"Αποκλειστική προσφορά για εσάς, κάντε κλικ για να εξαργυρώσετε το κουπόνι σας. Ref:801",SPAM
"Σας ενημερώνουμε ότι η μισθοδοσία σας κατατέθηκε στον λογαριασμό σας. ...",NO_SPAM
"Σου έστειλα το email με τις σημειώσεις του μαθήματος, τσέκαρέ το όταν προλάβεις. .....",NO_SPAM
"Σας ενημερώνουμε ότι η μισθοδοσία σας κατατέθηκε στον λογαριασμό σας. ..!",NO_SPAM
"Σου έστειλα το email με τις σημειώσεις του μαθήματος, τσέκαρέ το όταν προλάβεις. ..?",NO_SPAM
"Γεια σου, μπορείς να με πάρεις τηλέφωνο μόλις ελευθερωθείς; ..?",NO_SPAM
"Σου έστειλα το email με τις σημειώσεις του μαθήματος, τσέκαρέ το όταν προλάβεις. ..?",NO_SPAM
"Έλα φίλε, θα πάμε τελικά για καφέ ή θα το αφήσουμε για αύριο; ..?",NO_SPAM
"Turn $100 into millions overnight! Guaranteed automated system, claim your prize. Ref:373",SPAM
"Σου έστειλα το email με τις σημειώσεις του μαθήματος, τσέκαρέ το όταν προλάβεις. ...",NO_SPAM
"Πρόλαβες; Μοναδικές προσφορές έως -80% μόνο για σήμερα, αγόρασε τώρα. Ref:984",SPAM
"Μην ξεχάσεις να πάρεις γάλα και ψωμί επιστρέφοντας από τη δουλειά. ..!",NO_SPAM
"Η παραγγελία σας έχει αποσταλεί και θα παραδοθεί σε 1-2 εργάσιμες ημέρες. ..?",NO_SPAM
"Συγχαρητήρια! Ο αριθμός σου επιλέχθηκε για το μεγάλο έπαθλο των 10.000 ευρώ, μπες στο link. Ref:610",SPAM
"Σας ενημερώνουμε ότι η μισθοδοσία σας κατατέθηκε στον λογαριασμό σας. .....",NO_SPAM
"Σας ενημερώνουμε ότι η μισθοδοσία σας κατατέθηκε στον λογαριασμό σας. ...",NO_SPAM
"Πρόλαβες; Μοναδικές προσφορές έως -80% μόνο για σήμερα, αγόρασε τώρα. Ref:617",SPAM
"Μην ξεχάσεις να πάρεις γάλα και ψωμί επιστρέφοντας από τη δουλειά. ..!",NO_SPAM
"Καλημέρα, τι κάνεις; Είσαι έτοιμος για τη συνάντηση σήμερα το απόγευμα; ...",NO_SPAM
"Δανεισμός εξπρές χωρίς δικαιολογητικά και εγγυητές, εγκρίσεις σε 10 λεπτά. Ref:963",SPAM
"Σας ενημερώνουμε ότι η μισθοδοσία σας κατατέθηκε στον λογαριασμό σας. ..?",NO_SPAM
"Μπορείς να μου στείλεις τον κωδικό του Wi-Fi γιατί τον ξέχασα; ...",NO_SPAM
"Η παραγγελία σας έχει αποσταλεί και θα παραδοθεί σε 1-2 εργάσιμες ημέρες. ..?",NO_SPAM
"Θα καθυστερήσω λίγο λόγω κίνησης, ξεκινήστε χωρίς εμένα. .....",NO_SPAM
"Το Password / PIN σας άλλαξε επιτυχώς στο Piraeus app. Αν δεν ήσασταν εσείς, καλέστε άμεσα. ...",NO_SPAM
"Μην ξεχάσεις να πάρεις γάλα και ψωμί επιστρέφοντας από τη δουλειά. ..?",NO_SPAM
"Έλα φίλε, θα πάμε τελικά για καφέ ή θα το αφήσουμε για αύριο; .....",NO_SPAM
"Θα καθυστερήσω λίγο λόγω κίνησης, ξεκινήστε χωρίς εμένα. ..?",NO_SPAM
"Πού είσαι; Έχουμε μαζευτεί όλοι στο μαγαζί και σε περιμένουμε. ...",NO_SPAM
"Turn $100 into millions overnight! Guaranteed automated system, claim your prize. Ref:503",SPAM
"Γεια σου, μπορείς να με πάρεις τηλέφωνο μόλις ελευθερωθείς; ..?",NO_SPAM
"Μην ξεχάσεις να πάρεις γάλα και ψωμί επιστρέφοντας από τη δουλειά. .....",NO_SPAM
"Καλημέρα, τι κάνεις; Είσαι έτοιμος για τη συνάντηση σήμερα το απόγευμα; ...",NO_SPAM
"Ανακάλυψε τον πιο εύκολο τρόπο να βγάλεις χρήματα από το σπίτι, χωρίς κεφάλαιο. Ref:923",SPAM
"Σας ενημερώνουμε ότι η μισθοδοσία σας κατατέθηκε στον λογαριασμό σας. ..!",NO_SPAM
"Καλή επιτυχία στις εξετάσεις αύριο, είμαι σίγουρος ότι θα τα πας περίφημα! ..!",NO_SPAM
"Πού είσαι; Έχουμε μαζευτεί όλοι στο μαγαζί και σε περιμένουμε. ..?",NO_SPAM
"Δανεισμός εξπρές χωρίς δικαιολογητικά και εγγυητές, εγκρίσεις σε 10 λεπτά. Ref:857",SPAM
"Πού είσαι; Έχουμε μαζευτεί όλοι στο μαγαζί και σε περιμένουμε. ..?",NO_SPAM
"Καλή επιτυχία στις εξετάσεις αύριο, είμαι σίγουρος ότι θα τα πας περίφημα! .....",NO_SPAM
"Ναι, συμφωνώ απόλυτα, ας το κανονίσουμε έτσι. .....",NO_SPAM
"Γεια σου, μπορείς να με πάρεις τηλέφωνο μόλις ελευθερωθείς; ..?",NO_SPAM
"Το Password / PIN σας άλλαξε επιτυχώς στο Piraeus app. Αν δεν ήσασταν εσείς, καλέστε άμεσα. ..?",NO_SPAM
"Όλα καλά φίλε, μην αγχώνεσαι, θα το λύσουμε το θέμα αύριο. ...",NO_SPAM
"Ναι, συμφωνώ απόλυτα, ας το κανονίσουμε έτσι. ..!",NO_SPAM
"Πού είσαι; Έχουμε μαζευτεί όλοι στο μαγαζί και σε περιμένουμε. .....",NO_SPAM
"Get rich quickly! Invest in bitcoin today and see your profit explode. Ref:838",SPAM
"Μπορείς να μου στείλεις τον κωδικό του Wi-Fi γιατί τον ξέχασα; .....",NO_SPAM
"Get rich quickly! Invest in bitcoin today and see your profit explode. Ref:348",SPAM
"Κέρδισε ένα δωρεάν iPhone 15, απομένουν λίγες θέσεις, συμπλήρωσε τη φόρμα. Ref:212",SPAM
"URGENT: Your account password has expired. Update your access features immediately. Ref:421",SPAM
"Το Password / PIN σας άλλαξε επιτυχώς στο Piraeus app. Αν δεν ήσασταν εσείς, καλέστε άμεσα. ..!",NO_SPAM
"Θα καθυστερήσω λίγο λόγω κίνησης, ξεκινήστε χωρίς εμένα. .....",NO_SPAM
"Όλα καλά φίλε, μην αγχώνεσαι, θα το λύσουμε το θέμα αύριο. ...",NO_SPAM
"Καλή επιτυχία στις εξετάσεις αύριο, είμαι σίγουρος ότι θα τα πας περίφημα! ..!",NO_SPAM
"Σας στέλνω τις αλλαγές για το project, παρακαλώ ρίξτε μια ματιά πριν το meeting. .....",NO_SPAM
"Γεια σου, μπορείς να με πάρεις τηλέφωνο μόλις ελευθερωθείς; ..!",NO_SPAM
"Καλή επιτυχία στις εξετάσεις αύριο, είμαι σίγουρος ότι θα τα πας περίφημα! ..?",NO_SPAM
"Σας στέλνω τις αλλαγές για το project, παρακαλώ ρίξτε μια ματιά πριν το meeting. ..?",NO_SPAM
"Μην ξεχάσεις να πάρεις γάλα και ψωμί επιστρέφοντας από τη δουλειά. ..!",NO_SPAM
"FREE entry to our weekly competition! Text WIN to 89121 to claim your reward. Ref:330",SPAM
"Ναι, συμφωνώ απόλυτα, ας το κανονίσουμε έτσι. ..?",NO_SPAM
"Όλα καλά φίλε, μην αγχώνεσαι, θα το λύσουμε το θέμα αύριο. .....",NO_SPAM
"Γεια σου, μπορείς να με πάρεις τηλέφωνο μόλις ελευθερωθείς; ..?",NO_SPAM
"Δανεισμός εξπρές χωρίς δικαιολογητικά και εγγυητές, εγκρίσεις σε 10 λεπτά. Ref:792",SPAM
"Η παραγγελία σας έχει αποσταλεί και θα παραδοθεί σε 1-2 εργάσιμες ημέρες. .....",NO_SPAM
"Θα καθυστερήσω λίγο λόγω κίνησης, ξεκινήστε χωρίς εμένα. ..!",NO_SPAM
"FREE entry to our weekly competition! Text WIN to 89121 to claim your reward. Ref:831",SPAM
"URGENT: Your account password has expired. Update your access features immediately. Ref:771",SPAM
"URGENT: Your account password has expired. Update your access features immediately. Ref:319",SPAM
"Χάσε 10 κιλά σε μία εβδομάδα με το νέο φυσικό προϊόν, εγγυημένα αποτελέσματα. Ref:377",SPAM
"Όλα καλά φίλε, μην αγχώνεσαι, θα το λύσουμε το θέμα αύριο. ..?",NO_SPAM
"Δανεισμός εξπρές χωρίς δικαιολογητικά και εγγυητές, εγκρίσεις σε 10 λεπτά. Ref:858",SPAM
"Μην ξεχάσεις να πάρεις γάλα και ψωμί επιστρέφοντας από τη δουλειά. ...",NO_SPAM
"Καλή επιτυχία στις εξετάσεις αύριο, είμαι σίγουρος ότι θα τα πας περίφημα! ..!",NO_SPAM
"Καλημέρα, τι κάνεις; Είσαι έτοιμος για τη συνάντηση σήμερα το απόγευμα; ...",NO_SPAM
"Όλα καλά φίλε, μην αγχώνεσαι, θα το λύσουμε το θέμα αύριο. .....",NO_SPAM
"Αποκλειστική προσφορά για εσάς, κάντε κλικ για να εξαργυρώσετε το κουπόνι σας. Ref:240",SPAM
"Χάσε 10 κιλά σε μία εβδομάδα με το νέο φυσικό προϊόν, εγγυημένα αποτελέσματα. Ref:261",SPAM
"Η παραγγελία σας έχει αποσταλεί και θα παραδοθεί σε 1-2 εργάσιμες ημέρες. .....",NO_SPAM
"Μην ξεχάσεις να πάρεις γάλα και ψωμί επιστρέφοντας από τη δουλειά. ..?",NO_SPAM
"Σας στέλνω τις αλλαγές για το project, παρακαλώ ρίξτε μια ματιά πριν το meeting. ...",NO_SPAM
"Έλα φίλε, θα πάμε τελικά για καφέ ή θα το αφήσουμε για αύριο; ..!",NO_SPAM
"Όλα καλά φίλε, μην αγχώνεσαι, θα το λύσουμε το θέμα αύριο. ...",NO_SPAM
"Σου έστειλα το email με τις σημειώσεις του μαθήματος, τσέκαρέ το όταν προλάβεις. .....",NO_SPAM
"Σου έστειλα το email με τις σημειώσεις του μαθήματος, τσέκαρέ το όταν προλάβεις. ...",NO_SPAM
"Το Password / PIN σας άλλαξε επιτυχώς στο Piraeus app. Αν δεν ήσασταν εσείς, καλέστε άμεσα. .....",NO_SPAM
"Κέρδισε ένα δωρεάν iPhone 15, απομένουν λίγες θέσεις, συμπλήρωσε τη φόρμα. Ref:993",SPAM
"Η παραγγελία σας έχει αποσταλεί και θα παραδοθεί σε 1-2 εργάσιμες ημέρες. ...",NO_SPAM
"Δανεισμός εξπρές χωρίς δικαιολογητικά και εγγυητές, εγκρίσεις σε 10 λεπτά. Ref:717",SPAM
"Ανακάλυψε τον πιο εύκολο τρόπο να βγάλεις χρήματα από το σπίτι, χωρίς κεφάλαιο. Ref:391",SPAM
"Σας στέλνω τις αλλαγές για το project, παρακαλώ ρίξτε μια ματιά πριν το meeting. .....",NO_SPAM
"Σου έστειλα το email με τις σημειώσεις του μαθήματος, τσέκαρέ το όταν προλάβεις. .....",NO_SPAM
"Αποκλειστική προσφορά για εσάς, κάντε κλικ για να εξαργυρώσετε το κουπόνι σας. Ref:215",SPAM
"Όλα καλά φίλε, μην αγχώνεσαι, θα το λύσουμε το θέμα αύριο. .....",NO_SPAM
"Όλα καλά φίλε, μην αγχώνεσαι, θα το λύσουμε το θέμα αύριο. ..!",NO_SPAM
"Ανακάλυψε τον πιο εύκολο τρόπο να βγάλεις χρήματα από το σπίτι, χωρίς κεφάλαιο. Ref:909",SPAM
"Get rich quickly! Invest in bitcoin today and see your profit explode. Ref:875",SPAM
"Δανεισμός εξπρές χωρίς δικαιολογητικά και εγγυητές, εγκρίσεις σε 10 λεπτά. Ref:976",SPAM
"Το Password / PIN σας άλλαξε επιτυχώς στο Piraeus app. Αν δεν ήσασταν εσείς, καλέστε άμεσα. .....",NO_SPAM
"Έλα φίλε, θα πάμε τελικά για καφέ ή θα το αφήσουμε για αύριο; .....",NO_SPAM
"Σου έστειλα το email με τις σημειώσεις του μαθήματος, τσέκαρέ το όταν προλάβεις. ..!",NO_SPAM
"Η παραγγελία σας έχει αποσταλεί και θα παραδοθεί σε 1-2 εργάσιμες ημέρες. ..!",NO_SPAM
"Πρόλαβες; Μοναδικές προσφορές έως -80% μόνο για σήμερα, αγόρασε τώρα. Ref:341",SPAM
"Ναι, συμφωνώ απόλυτα, ας το κανονίσουμε έτσι. ..?",NO_SPAM
"Όλα καλά φίλε, μην αγχώνεσαι, θα το λύσουμε το θέμα αύριο. ...",NO_SPAM
"Ανακάλυψε τον πιο εύκολο τρόπο να βγάλεις χρήματα από το σπίτι, χωρίς κεφάλαιο. Ref:809",SPAM
"Get rich quickly! Invest in bitcoin today and see your profit explode. Ref:221",SPAM
"Σου έστειλα το email με τις σημειώσεις του μαθήματος, τσέκαρέ το όταν προλάβεις. .....",NO_SPAM
"Η παραγγελία σας έχει αποσταλεί και θα παραδοθεί σε 1-2 εργάσιμες ημέρες. ..?",NO_SPAM
"Σας στέλνω τις αλλαγές για το project, παρακαλώ ρίξτε μια ματιά πριν το meeting. ..?",NO_SPAM
"Μην ξεχάσεις να πάρεις γάλα και ψωμί επιστρέφοντας από τη δουλειά. ..!",NO_SPAM
"Σας ενημερώνουμε ότι η μισθοδοσία σας κατατέθηκε στον λογαριασμό σας. ..!",NO_SPAM
"Πού είσαι; Έχουμε μαζευτεί όλοι στο μαγαζί και σε περιμένουμε. ..?",NO_SPAM
"Καλή επιτυχία στις εξετάσεις αύριο, είμαι σίγουρος ότι θα τα πας περίφημα! .....",NO_SPAM
"Θα καθυστερήσω λίγο λόγω κίνησης, ξεκινήστε χωρίς εμένα. ..!",NO_SPAM
"Σας στέλνω τις αλλαγές για το project, παρακαλώ ρίξτε μια ματιά πριν το meeting. ...",NO_SPAM
"Καλή επιτυχία στις εξετάσεις αύριο, είμαι σίγουρος ότι θα τα πας περίφημα! ..?",NO_SPAM
"Δανεισμός εξπρές χωρίς δικαιολογητικά και εγγυητές, εγκρίσεις σε 10 λεπτά. Ref:214",SPAM
"Χάσε 10 κιλά σε μία εβδομάδα με το νέο φυσικό προϊόν, εγγυημένα αποτελέσματα. Ref:617",SPAM
"Χάσε 10 κιλά σε μία εβδομάδα με το νέο φυσικό προϊόν, εγγυημένα αποτελέσματα. Ref:253",SPAM
"Your crypto wallet needs verification, click this secure link to prevent loss. Ref:632",SPAM
"Σας στέλνω τις αλλαγές για το project, παρακαλώ ρίξτε μια ματιά πριν το meeting. ..!",NO_SPAM
"Σας ενημερώνουμε ότι η μισθοδοσία σας κατατέθηκε στον λογαριασμό σας. ...",NO_SPAM
"Σας ενημερώνουμε ότι η μισθοδοσία σας κατατέθηκε στον λογαριασμό σας. ...",NO_SPAM
"Καλή επιτυχία στις εξετάσεις αύριο, είμαι σίγουρος ότι θα τα πας περίφημα! .....",NO_SPAM
"Καλημέρα, τι κάνεις; Είσαι έτοιμος για τη συνάντηση σήμερα το απόγευμα; .....",NO_SPAM
"Ναι, συμφωνώ απόλυτα, ας το κανονίσουμε έτσι. ...",NO_SPAM
"Μπορείς να μου στείλεις τον κωδικό του Wi-Fi γιατί τον ξέχασα; ...",NO_SPAM
"Πού είσαι; Έχουμε μαζευτεί όλοι στο μαγαζί και σε περιμένουμε. ...",NO_SPAM
"Ανακάλυψε τον πιο εύκολο τρόπο να βγάλεις χρήματα από το σπίτι, χωρίς κεφάλαιο. Ref:817",SPAM
"ΕΠΕΙΓΟΝ! Κέρδισες ένα δωρεάν bonus στην πλατφόρμα μας. Κάνε κλικ εδώ τώρα! Ref:170",SPAM
"Σας ενημερώνουμε ότι η μισθοδοσία σας κατατέθηκε στον λογαριασμό σας. ...",NO_SPAM
"Συγχαρητήρια! Ο αριθμός σου επιλέχθηκε για το μεγάλο έπαθλο των 10.000 ευρώ, μπες στο link. Ref:887",SPAM
"Get rich quickly! Invest in bitcoin today and see your profit explode. Ref:846",SPAM
"Το Password / PIN σας άλλαξε επιτυχώς στο Piraeus app. Αν δεν ήσασταν εσείς, καλέστε άμεσα. ..?",NO_SPAM
"Το Password / PIN σας άλλαξε επιτυχώς στο Piraeus app. Αν δεν ήσασταν εσείς, καλέστε άμεσα. .....",NO_SPAM
"Η παραγγελία σας έχει αποσταλεί και θα παραδοθεί σε 1-2 εργάσιμες ημέρες. .....",NO_SPAM
"Σας στέλνω τις αλλαγές για το project, παρακαλώ ρίξτε μια ματιά πριν το meeting. ..!",NO_SPAM
"Γεια σου, μπορείς να με πάρεις τηλέφωνο μόλις ελευθερωθείς; ...",NO_SPAM
"Χάσε 10 κιλά σε μία εβδομάδα με το νέο φυσικό προϊόν, εγγυημένα αποτελέσματα. Ref:502",SPAM
"Όλα καλά φίλε, μην αγχώνεσαι, θα το λύσουμε το θέμα αύριο. ..!",NO_SPAM
"Θα καθυστερήσω λίγο λόγω κίνησης, ξεκινήστε χωρίς εμένα. ...",NO_SPAM
"Σας ενημερώνουμε ότι η μισθοδοσία σας κατατέθηκε στον λογαριασμό σας. .....",NO_SPAM
"Μπορείς να μου στείλεις τον κωδικό του Wi-Fi γιατί τον ξέχασα; ..!",NO_SPAM
"Ανακάλυψε τον πιο εύκολο τρόπο να βγάλεις χρήματα από το σπίτι, χωρίς κεφάλαιο. Ref:258",SPAM
"Κέρδισε ένα δωρεάν iPhone 15, απομένουν λίγες θέσεις, συμπλήρωσε τη φόρμα. Ref:883",SPAM
"Αποκλειστική προσφορά για εσάς, κάντε κλικ για να εξαργυρώσετε το κουπόνι σας. Ref:776",SPAM
"Θα καθυστερήσω λίγο λόγω κίνησης, ξεκινήστε χωρίς εμένα. ...",NO_SPAM
"Turn $100 into millions overnight! Guaranteed automated system, claim your prize. Ref:203",SPAM
"Σας ενημερώνουμε ότι η μισθοδοσία σας κατατέθηκε στον λογαριασμό σας. ...",NO_SPAM
"ΕΠΕΙΓΟΝ! Κέρδισες ένα δωρεάν bonus στην πλατφόρμα μας. Κάνε κλικ εδώ τώρα! Ref:511",SPAM
"Καλή επιτυχία στις εξετάσεις αύριο, είμαι σίγουρος ότι θα τα πας περίφημα! ..!",NO_SPAM
"Θα καθυστερήσω λίγο λόγω κίνησης, ξεκινήστε χωρίς εμένα. ...",NO_SPAM
"FREE entry to our weekly competition! Text WIN to 89121 to claim your reward. Ref:339",SPAM
"Όλα καλά φίλε, μην αγχώνεσαι, θα το λύσουμε το θέμα αύριο. ..?",NO_SPAM
"Θα καθυστερήσω λίγο λόγω κίνησης, ξεκινήστε χωρίς εμένα. ..?",NO_SPAM
"Συγχαρητήρια! Ο αριθμός σου επιλέχθηκε για το μεγάλο έπαθλο των 10.000 ευρώ, μπες στο link. Ref:776",SPAM
"Το Password / PIN σας άλλαξε επιτυχώς στο Piraeus app. Αν δεν ήσασταν εσείς, καλέστε άμεσα. ..?",NO_SPAM
"Χάσε 10 κιλά σε μία εβδομάδα με το νέο φυσικό προϊόν, εγγυημένα αποτελέσματα. Ref:705",SPAM
"Η παραγγελία σας έχει αποσταλεί και θα παραδοθεί σε 1-2 εργάσιμες ημέρες. ..!",NO_SPAM
"Το Password / PIN σας άλλαξε επιτυχώς στο Piraeus app. Αν δεν ήσασταν εσείς, καλέστε άμεσα. .....",NO_SPAM
"Ανακάλυψε τον πιο εύκολο τρόπο να βγάλεις χρήματα από το σπίτι, χωρίς κεφάλαιο. Ref:758",SPAM
"Θα καθυστερήσω λίγο λόγω κίνησης, ξεκινήστε χωρίς εμένα. ..?",NO_SPAM
"Το Password / PIN σας άλλαξε επιτυχώς στο Piraeus app. Αν δεν ήσασταν εσείς, καλέστε άμεσα. ..!",NO_SPAM
"Συγχαρητήρια! Ο αριθμός σου επιλέχθηκε για το μεγάλο έπαθλο των 10.000 ευρώ, μπες στο link. Ref:872",SPAM
"Μην ξεχάσεις να πάρεις γάλα και ψωμί επιστρέφοντας από τη δουλειά. ..!",NO_SPAM
"Όλα καλά φίλε, μην αγχώνεσαι, θα το λύσουμε το θέμα αύριο. ..!",NO_SPAM
"Η παραγγελία σας έχει αποσταλεί και θα παραδοθεί σε 1-2 εργάσιμες ημέρες. ...",NO_SPAM
"Το Password / PIN σας άλλαξε επιτυχώς στο Piraeus app. Αν δεν ήσασταν εσείς, καλέστε άμεσα. ..!",NO_SPAM
"Ναι, συμφωνώ απόλυτα, ας το κανονίσουμε έτσι. ..!",NO_SPAM
"Έλα φίλε, θα πάμε τελικά για καφέ ή θα το αφήσουμε για αύριο; .....",NO_SPAM
"Έλα φίλε, θα πάμε τελικά για καφέ ή θα το αφήσουμε για αύριο; ..!",NO_SPAM
"Πρόλαβες; Μοναδικές προσφορές έως -80% μόνο για σήμερα, αγόρασε τώρα. Ref:789",SPAM
"Καλημέρα, τι κάνεις; Είσαι έτοιμος για τη συνάντηση σήμερα το απόγευμα; ...",NO_SPAM
"Αποκλειστική προσφορά για εσάς, κάντε κλικ για να εξαργυρώσετε το κουπόνι σας. Ref:701",SPAM
"Καλή επιτυχία στις εξετάσεις αύριο, είμαι σίγουρος ότι θα τα πας περίφημα! ..!",NO_SPAM
"Μπορείς να μου στείλεις τον κωδικό του Wi-Fi γιατί τον ξέχασα; ..?",NO_SPAM
"Η παραγγελία σας έχει αποσταλεί και θα παραδοθεί σε 1-2 εργάσιμες ημέρες. ...",NO_SPAM
"Κάντε login τώρα για να επιβεβαιώσετε τα στοιχεία του λογαριασμού σας, κίνδυνος αποκλεισμού. Ref:859",SPAM
"Αποκλειστική προσφορά για εσάς, κάντε κλικ για να εξαργυρώσετε το κουπόνι σας. Ref:590",SPAM
"Όλα καλά φίλε, μην αγχώνεσαι, θα το λύσουμε το θέμα αύριο. ..!",NO_SPAM
"Μην ξεχάσεις να πάρεις γάλα και ψωμί επιστρέφοντας από τη δουλειά. ..?",NO_SPAM
"Το Password / PIN σας άλλαξε επιτυχώς στο Piraeus app. Αν δεν ήσασταν εσείς, καλέστε άμεσα. .....",NO_SPAM
"Γεια σου, μπορείς να με πάρεις τηλέφωνο μόλις ελευθερωθείς; ..?",NO_SPAM
"Χάσε 10 κιλά σε μία εβδομάδα με το νέο φυσικό προϊόν, εγγυημένα αποτελέσματα. Ref:609",SPAM
"Θα καθυστερήσω λίγο λόγω κίνησης, ξεκινήστε χωρίς εμένα. .....",NO_SPAM
"Γεια σου, μπορείς να με πάρεις τηλέφωνο μόλις ελευθερωθείς; ..!",NO_SPAM
"Το Password / PIN σας άλλαξε επιτυχώς στο Piraeus app. Αν δεν ήσασταν εσείς, καλέστε άμεσα. ...",NO_SPAM
"Μην ξεχάσεις να πάρεις γάλα και ψωμί επιστρέφοντας από τη δουλειά. ..!",NO_SPAM
"Χάσε 10 κιλά σε μία εβδομάδα με το νέο φυσικό προϊόν, εγγυημένα αποτελέσματα. Ref:698",SPAM
"Το Password / PIN σας άλλαξε επιτυχώς στο Piraeus app. Αν δεν ήσασταν εσείς, καλέστε άμεσα. ..?",NO_SPAM
"Ανακάλυψε τον πιο εύκολο τρόπο να βγάλεις χρήματα από το σπίτι, χωρίς κεφάλαιο. Ref:335",SPAM
"Μπορείς να μου στείλεις τον κωδικό του Wi-Fi γιατί τον ξέχασα; ..!",NO_SPAM
"Σας στέλνω τις αλλαγές για το project, παρακαλώ ρίξτε μια ματιά πριν το meeting. ..?",NO_SPAM
"Your crypto wallet needs verification, click this secure link to prevent loss. Ref:600",SPAM
"Σας στέλνω τις αλλαγές για το project, παρακαλώ ρίξτε μια ματιά πριν το meeting. .....",NO_SPAM
"Όλα καλά φίλε, μην αγχώνεσαι, θα το λύσουμε το θέμα αύριο. ..?",NO_SPAM
"Κέρδισε ένα δωρεάν iPhone 15, απομένουν λίγες θέσεις, συμπλήρωσε τη φόρμα. Ref:659",SPAM
"Η παραγγελία σας έχει αποσταλεί και θα παραδοθεί σε 1-2 εργάσιμες ημέρες. ...",NO_SPAM
"Μπορείς να μου στείλεις τον κωδικό του Wi-Fi γιατί τον ξέχασα; ...",NO_SPAM
"Σας στέλνω τις αλλαγές για το project, παρακαλώ ρίξτε μια ματιά πριν το meeting. ...",NO_SPAM
"Το Password / PIN σας άλλαξε επιτυχώς στο Piraeus app. Αν δεν ήσασταν εσείς, καλέστε άμεσα. ..!",NO_SPAM
"Μην ξεχάσεις να πάρεις γάλα και ψωμί επιστρέφοντας από τη δουλειά. ...",NO_SPAM
"Καλημέρα, τι κάνεις; Είσαι έτοιμος για τη συνάντηση σήμερα το απόγευμα; ..!",NO_SPAM
"Γεια σου, μπορείς να με πάρεις τηλέφωνο μόλις ελευθερωθείς; ...",NO_SPAM
"Σας στέλνω τις αλλαγές για το project, παρακαλώ ρίξτε μια ματιά πριν το meeting. .....",NO_SPAM
"Καλημέρα, τι κάνεις; Είσαι έτοιμος για τη συνάντηση σήμερα το απόγευμα; ...",NO_SPAM
"Το Password / PIN σας άλλαξε επιτυχώς στο Piraeus app. Αν δεν ήσασταν εσείς, καλέστε άμεσα. ...",NO_SPAM
"Κέρδισε ένα δωρεάν iPhone 15, απομένουν λίγες θέσεις, συμπλήρωσε τη φόρμα. Ref:381",SPAM
"Ναι, συμφωνώ απόλυτα, ας το κανονίσουμε έτσι. ...",NO_SPAM
"Όλα καλά φίλε, μην αγχώνεσαι, θα το λύσουμε το θέμα αύριο. .....",NO_SPAM
"Η παραγγελία σας έχει αποσταλεί και θα παραδοθεί σε 1-2 εργάσιμες ημέρες. ..!",NO_SPAM
"Turn $100 into millions overnight! Guaranteed automated system, claim your prize. Ref:636",SPAM
"Κάντε login τώρα για να επιβεβαιώσετε τα στοιχεία του λογαριασμού σας, κίνδυνος αποκλεισμού. Ref:734",SPAM
"Μπορείς να μου στείλεις τον κωδικό του Wi-Fi γιατί τον ξέχασα; ..?",NO_SPAM
"Πρόλαβες; Μοναδικές προσφορές έως -80% μόνο για σήμερα, αγόρασε τώρα. Ref:180",SPAM
"Το Password / PIN σας άλλαξε επιτυχώς στο Piraeus app. Αν δεν ήσασταν εσείς, καλέστε άμεσα. .....",NO_SPAM
"Όλα καλά φίλε, μην αγχώνεσαι, θα το λύσουμε το θέμα αύριο. ..!",NO_SPAM
"Your crypto wallet needs verification, click this secure link to prevent loss. Ref:968",SPAM
"Your crypto wallet needs verification, click this secure link to prevent loss. Ref:765",SPAM
"Έλα φίλε, θα πάμε τελικά για καφέ ή θα το αφήσουμε για αύριο; .....",NO_SPAM
"Καλή επιτυχία στις εξετάσεις αύριο, είμαι σίγουρος ότι θα τα πας περίφημα! .....",NO_SPAM
"ΕΠΕΙΓΟΝ! Κέρδισες ένα δωρεάν bonus στην πλατφόρμα μας. Κάνε κλικ εδώ τώρα! Ref:819",SPAM
"URGENT: Your account password has expired. Update your access features immediately. Ref:965",SPAM
"Θα καθυστερήσω λίγο λόγω κίνησης, ξεκινήστε χωρίς εμένα. ..?",NO_SPAM
"Μπορείς να μου στείλεις τον κωδικό του Wi-Fi γιατί τον ξέχασα; ...",NO_SPAM
"Η παραγγελία σας έχει αποσταλεί και θα παραδοθεί σε 1-2 εργάσιμες ημέρες. ...",NO_SPAM
"Your crypto wallet needs verification, click this secure link to prevent loss. Ref:808",SPAM
"Σας ενημερώνουμε ότι η μισθοδοσία σας κατατέθηκε στον λογαριασμό σας. ..?",NO_SPAM
"Turn $100 into millions overnight! Guaranteed automated system, claim your prize. Ref:800",SPAM
"Η παραγγελία σας έχει αποσταλεί και θα παραδοθεί σε 1-2 εργάσιμες ημέρες. ...",NO_SPAM
"Your crypto wallet needs verification, click this secure link to prevent loss. Ref:422",SPAM
"Κάντε login τώρα για να επιβεβαιώσετε τα στοιχεία του λογαριασμού σας, κίνδυνος αποκλεισμού. Ref:701",SPAM
"Your crypto wallet needs verification, click this secure link to prevent loss. Ref:829",SPAM
"Η παραγγελία σας έχει αποσταλεί και θα παραδοθεί σε 1-2 εργάσιμες ημέρες. ...",NO_SPAM
"Δανεισμός εξπρές χωρίς δικαιολογητικά και εγγυητές, εγκρίσεις σε 10 λεπτά. Ref:346",SPAM
"Μπορείς να μου στείλεις τον κωδικό του Wi-Fi γιατί τον ξέχασα; .....",NO_SPAM
"Καλή επιτυχία στις εξετάσεις αύριο, είμαι σίγουρος ότι θα τα πας περίφημα! ..?",NO_SPAM
"Όλα καλά φίλε, μην αγχώνεσαι, θα το λύσουμε το θέμα αύριο. ..!",NO_SPAM
"Όλα καλά φίλε, μην αγχώνεσαι, θα το λύσουμε το θέμα αύριο. ...",NO_SPAM
"Γεια σου, μπορείς να με πάρεις τηλέφωνο μόλις ελευθερωθείς; ...",NO_SPAM
"Κάντε login τώρα για να επιβεβαιώσετε τα στοιχεία του λογαριασμού σας, κίνδυνος αποκλεισμού. Ref:958",SPAM
"Δανεισμός εξπρές χωρίς δικαιολογητικά και εγγυητές, εγκρίσεις σε 10 λεπτά. Ref:887",SPAM
"Πού είσαι; Έχουμε μαζευτεί όλοι στο μαγαζί και σε περιμένουμε. .....",NO_SPAM
"Γεια σου, μπορείς να με πάρεις τηλέφωνο μόλις ελευθερωθείς; ...",NO_SPAM
"Θα καθυστερήσω λίγο λόγω κίνησης, ξεκινήστε χωρίς εμένα. .....",NO_SPAM
"Γεια σου, μπορείς να με πάρεις τηλέφωνο μόλις ελευθερωθείς; .....",NO_SPAM
"Σας στέλνω τις αλλαγές για το project, παρακαλώ ρίξτε μια ματιά πριν το meeting. .....",NO_SPAM
"Δανεισμός εξπρές χωρίς δικαιολογητικά και εγγυητές, εγκρίσεις σε 10 λεπτά. Ref:402",SPAM
"Όλα καλά φίλε, μην αγχώνεσαι, θα το λύσουμε το θέμα αύριο. ...",NO_SPAM
"Συγχαρητήρια! Ο αριθμός σου επιλέχθηκε για το μεγάλο έπαθλο των 10.000 ευρώ, μπες στο link. Ref:489",SPAM
"Σας στέλνω τις αλλαγές για το project, παρακαλώ ρίξτε μια ματιά πριν το meeting. ..!",NO_SPAM
"Γεια σου, μπορείς να με πάρεις τηλέφωνο μόλις ελευθερωθείς; ..?",NO_SPAM
"ΕΠΕΙΓΟΝ! Κέρδισες ένα δωρεάν bonus στην πλατφόρμα μας. Κάνε κλικ εδώ τώρα! Ref:415",SPAM
"Θα καθυστερήσω λίγο λόγω κίνησης, ξεκινήστε χωρίς εμένα. ..?",NO_SPAM
"Turn $100 into millions overnight! Guaranteed automated system, claim your prize. Ref:291",SPAM
"Καλή επιτυχία στις εξετάσεις αύριο, είμαι σίγουρος ότι θα τα πας περίφημα! .....",NO_SPAM
"Turn $100 into millions overnight! Guaranteed automated system, claim your prize. Ref:462",SPAM
"Πού είσαι; Έχουμε μαζευτεί όλοι στο μαγαζί και σε περιμένουμε. ..?",NO_SPAM
"Καλημέρα, τι κάνεις; Είσαι έτοιμος για τη συνάντηση σήμερα το απόγευμα; ..?",NO_SPAM
"Θα καθυστερήσω λίγο λόγω κίνησης, ξεκινήστε χωρίς εμένα. ...",NO_SPAM
"Καλή επιτυχία στις εξετάσεις αύριο, είμαι σίγουρος ότι θα τα πας περίφημα! ..!",NO_SPAM
"Σου έστειλα το email με τις σημειώσεις του μαθήματος, τσέκαρέ το όταν προλάβεις. .....",NO_SPAM
"FREE entry to our weekly competition! Text WIN to 89121 to claim your reward. Ref:408",SPAM
"Συγχαρητήρια! Ο αριθμός σου επιλέχθηκε για το μεγάλο έπαθλο των 10.000 ευρώ, μπες στο link. Ref:164",SPAM
"FREE entry to our weekly competition! Text WIN to 89121 to claim your reward. Ref:531",SPAM
"Αποκλειστική προσφορά για εσάς, κάντε κλικ για να εξαργυρώσετε το κουπόνι σας. Ref:178",SPAM
"Μην ξεχάσεις να πάρεις γάλα και ψωμί επιστρέφοντας από τη δουλειά. .....",NO_SPAM
"Μην ξεχάσεις να πάρεις γάλα και ψωμί επιστρέφοντας από τη δουλειά. .....",NO_SPAM
"FREE entry to our weekly competition! Text WIN to 89121 to claim your reward. Ref:106",SPAM
"Γεια σου, μπορείς να με πάρεις τηλέφωνο μόλις ελευθερωθείς; .....",NO_SPAM
"Γεια σου, μπορείς να με πάρεις τηλέφωνο μόλις ελευθερωθείς; .....",NO_SPAM
"Μπορείς να μου στείλεις τον κωδικό του Wi-Fi γιατί τον ξέχασα; ..!",NO_SPAM
"Πού είσαι; Έχουμε μαζευτεί όλοι στο μαγαζί και σε περιμένουμε. ..!",NO_SPAM
"Σου έστειλα το email με τις σημειώσεις του μαθήματος, τσέκαρέ το όταν προλάβεις. .....",NO_SPAM
"Ναι, συμφωνώ απόλυτα, ας το κανονίσουμε έτσι. .....",NO_SPAM
"Θα καθυστερήσω λίγο λόγω κίνησης, ξεκινήστε χωρίς εμένα. ..!",NO_SPAM
"Ναι, συμφωνώ απόλυτα, ας το κανονίσουμε έτσι. .....",NO_SPAM
"Η παραγγελία σας έχει αποσταλεί και θα παραδοθεί σε 1-2 εργάσιμες ημέρες. ..!",NO_SPAM
"Καλή επιτυχία στις εξετάσεις αύριο, είμαι σίγουρος ότι θα τα πας περίφημα! ..!",NO_SPAM
"Καλή επιτυχία στις εξετάσεις αύριο, είμαι σίγουρος ότι θα τα πας περίφημα! ...",NO_SPAM
"Σας ενημερώνουμε ότι η μισθοδοσία σας κατατέθηκε στον λογαριασμό σας. ..!",NO_SPAM
"Ναι, συμφωνώ απόλυτα, ας το κανονίσουμε έτσι. ...",NO_SPAM
"Θα καθυστερήσω λίγο λόγω κίνησης, ξεκινήστε χωρίς εμένα. .....",NO_SPAM
"Σου έστειλα το email με τις σημειώσεις του μαθήματος, τσέκαρέ το όταν προλάβεις. ..?",NO_SPAM
"Get rich quickly! Invest in bitcoin today and see your profit explode. Ref:257",SPAM
"Θα καθυστερήσω λίγο λόγω κίνησης, ξεκινήστε χωρίς εμένα. .....",NO_SPAM
"Δανεισμός εξπρές χωρίς δικαιολογητικά και εγγυητές, εγκρίσεις σε 10 λεπτά. Ref:590",SPAM
"Καλή επιτυχία στις εξετάσεις αύριο, είμαι σίγουρος ότι θα τα πας περίφημα! .....",NO_SPAM
"Θα καθυστερήσω λίγο λόγω κίνησης, ξεκινήστε χωρίς εμένα. ..?",NO_SPAM
"Θα καθυστερήσω λίγο λόγω κίνησης, ξεκινήστε χωρίς εμένα. ...",NO_SPAM
"Κάντε login τώρα για να επιβεβαιώσετε τα στοιχεία του λογαριασμού σας, κίνδυνος αποκλεισμού. Ref:773",SPAM
"Σου έστειλα το email με τις σημειώσεις του μαθήματος, τσέκαρέ το όταν προλάβεις. ...",NO_SPAM
"Σας στέλνω τις αλλαγές για το project, παρακαλώ ρίξτε μια ματιά πριν το meeting. .....",NO_SPAM
"Γεια σου, μπορείς να με πάρεις τηλέφωνο μόλις ελευθερωθείς; .....",NO_SPAM
"Turn $100 into millions overnight! Guaranteed automated system, claim your prize. Ref:364",SPAM
"Κέρδισε ένα δωρεάν iPhone 15, απομένουν λίγες θέσεις, συμπλήρωσε τη φόρμα. Ref:631",SPAM
"Όλα καλά φίλε, μην αγχώνεσαι, θα το λύσουμε το θέμα αύριο. ..!",NO_SPAM
"Το Password / PIN σας άλλαξε επιτυχώς στο Piraeus app. Αν δεν ήσασταν εσείς, καλέστε άμεσα. .....",NO_SPAM
"Πού είσαι; Έχουμε μαζευτεί όλοι στο μαγαζί και σε περιμένουμε. ..!",NO_SPAM
"Καλημέρα, τι κάνεις; Είσαι έτοιμος για τη συνάντηση σήμερα το απόγευμα; .....",NO_SPAM
"Πρόλαβες; Μοναδικές προσφορές έως -80% μόνο για σήμερα, αγόρασε τώρα. Ref:187",SPAM
"Κέρδισε ένα δωρεάν iPhone 15, απομένουν λίγες θέσεις, συμπλήρωσε τη φόρμα. Ref:245",SPAM
"Γεια σου, μπορείς να με πάρεις τηλέφωνο μόλις ελευθερωθείς; .....",NO_SPAM
"Καλή επιτυχία στις εξετάσεις αύριο, είμαι σίγουρος ότι θα τα πας περίφημα! .....",NO_SPAM
"Έλα φίλε, θα πάμε τελικά για καφέ ή θα το αφήσουμε για αύριο; .....",NO_SPAM
"Σας ενημερώνουμε ότι η μισθοδοσία σας κατατέθηκε στον λογαριασμό σας. ..?",NO_SPAM
"ΕΠΕΙΓΟΝ! Κέρδισες ένα δωρεάν bonus στην πλατφόρμα μας. Κάνε κλικ εδώ τώρα! Ref:929",SPAM
"Καλημέρα, τι κάνεις; Είσαι έτοιμος για τη συνάντηση σήμερα το απόγευμα; ..?",NO_SPAM
"Σας στέλνω τις αλλαγές για το project, παρακαλώ ρίξτε μια ματιά πριν το meeting. ..!",NO_SPAM
"Όλα καλά φίλε, μην αγχώνεσαι, θα το λύσουμε το θέμα αύριο. ..!",NO_SPAM
"Καλή επιτυχία στις εξετάσεις αύριο, είμαι σίγουρος ότι θα τα πας περίφημα! ..!",NO_SPAM
"Το Password / PIN σας άλλαξε επιτυχώς στο Piraeus app. Αν δεν ήσασταν εσείς, καλέστε άμεσα. .....",NO_SPAM
"Πρόλαβες; Μοναδικές προσφορές έως -80% μόνο για σήμερα, αγόρασε τώρα. Ref:744",SPAM
"Get rich quickly! Invest in bitcoin today and see your profit explode. Ref:773",SPAM
"Καλημέρα, τι κάνεις; Είσαι έτοιμος για τη συνάντηση σήμερα το απόγευμα; ..!",NO_SPAM
"Το Password / PIN σας άλλαξε επιτυχώς στο Piraeus app. Αν δεν ήσασταν εσείς, καλέστε άμεσα. .....",NO_SPAM
"Κάντε login τώρα για να επιβεβαιώσετε τα στοιχεία του λογαριασμού σας, κίνδυνος αποκλεισμού. Ref:310",SPAM
"Κέρδισε ένα δωρεάν iPhone 15, απομένουν λίγες θέσεις, συμπλήρωσε τη φόρμα. Ref:928",SPAM
"Go until jurong point, crazy.. Available only in bugis n great world la e buffet... Cine there got amore wat...",NO_SPAM
"Ok lar... Joking wif u oni...",NO_SPAM
"Free entry in 2 a wkly comp to win FA Cup final tkts 21st May 2005. Text FA to 87121 to receive entry question(std txt rate)T&C's apply 08452810075over18's",SPAM
"U dun say so early hor... U c already then say...",NO_SPAM
"Nah I don't think he goes to usf, he lives around here though",NO_SPAM
"FreeMsg Hey there darling it's been 3 week's now and no word back! I'd like some fun you up for it still? Tb ok! XxX std chgs to send, £1.50 to rcv",SPAM
"Even my brother is not like to speak with me. They treat me like aids patent.",NO_SPAM
 	As per your request 'Melle Melle (Oru Minnaminunginte Nurungu Vettam)' has been set as your callertune for all Callers. Press *9 to copy your friends Callertune
"WINNER!! As a valued network customer you have been selected to receivea £900 prize reward! To claim call 09061701461. Claim code KL341. Valid 12 hours only.",SPAM
"Had your mobile 11 months or more? U R entitled to Update to the latest colour mobiles with camera for Free! Call The Mobile Update Co FREE on 08002986030",SPAM
 	I'm gonna be home soon and i don't want to talk about this stuff anymore tonight, k? I've cried enough today.
"SIX chances to win CASH! From 100 to 20,000 pounds txt> CSH11 and send to 87575. Cost 150p/day, 6days, 16+ TsandCs apply Reply HL 4 info",SPAM
"URGENT! You have won a 1 week FREE membership in our £100,000 Prize Jackpot! Txt the word: CLAIM to No: 81010 T&C www.dbuk.net LCCLTD POBOX 4403LDNW1A7RW18",SPAM
"I've been searching for the right words to thank you for this breather. I promise i wont take your help for granted and will fulfil my promise. You have been wonderful and a blessing at all times.",NO_SPAM
"I HAVE A DATE ON SUNDAY WITH WILL!!",NO_SPAM
"XXXMobileMovieClub: To use your credit, click the WAP link in the next txt message or click here>> http://wap. xxxmobilemovieclub.com?n=QJKGIGHJJGCBL",SPAM
"Oh k...i'm watching here:)",NO_SPAM
"Eh u remember how 2 spell his name... Yes i did. He v naughty make until i v wet.",NO_SPAM
"Fine if thats the way u feel. Thats the way its gota b",NO_SPAM
"England v Macedonia - dont miss the goals/team news. Txt ur national team to 87077 eg ENGLAND to 87077 Try:WALES, SCOTLAND 4txt/ú1.20 POBOXox36504W45WQ 16+",SPAM
"Is that seriously how you spell his name?",NO_SPAM
"I‘m going to try for 2 months ha ha only joking",NO_SPAM
"So ü pay first lar... Then when is da stock comin...",NO_SPAM
"Aft i finish my lunch then i go str down lor. Ard 3 smth lor. U finish ur lunch already?",NO_SPAM
"Ffffffffff. Alright no way I can meet up with you sooner?",NO_SPAM
"Just forced myself to eat a slice. I'm really not hungry tho. This sucks. Mark is getting worried. He knows I'm sick when I turn down pizza. Lol",NO_SPAM
"Lol your always so convincing.",NO_SPAM
"Did you catch the bus ? Are you frying an egg ? Did you make a tea? Are you eating your mom's left over dinner ? Do you feel my Love ?",NO_SPAM
"I'm back &amp; we're packing the car now, I'll let you know if there's room",NO_SPAM
"Ahhh. Work. I vaguely remember that! What does it feel like? Lol",NO_SPAM
"Wait that's still not all that clear, were you not sure about me being sarcastic or that that's why x doesn't want to live with us",NO_SPAM
"Yeah he got in at 2 and was v apologetic. n had fallen out and she was actin like spoilt child and he got caught up in that. Till 2! But we won't go there! Not doing too badly cheers. You? ",NO_SPAM
"K tell me anything about you.",NO_SPAM
"For fear of fainting with the of all that housework you just did? Quick have a cuppa",NO_SPAM
"Thanks for your subscription to Ringtone UK your mobile will be charged £5/month Please confirm by replying YES or NO. If you reply NO you will not be charged",SPAM
"Yup... Ok i go home look at the timings then i msg ü again... Xuhui going to learn on 2nd may too but her lesson is at 8am",NO_SPAM
"Oops, I'll let you know when my roommate's done",NO_SPAM
"I see the letter B on my car",NO_SPAM
"Anything lor... U decide...",NO_SPAM
"Hello! How's you and how did saturday go? I was just texting to see if you'd decided to do anything tomo. Not that i'm trying to invite myself or anything!",NO_SPAM
"Pls go ahead with watts. I just wanted to be sure. Do have a great weekend. Abiola",NO_SPAM
"Did I forget to tell you ? I want you , I need you, I crave you ... But most of all ... I love you my sweet Arabian steed ... Mmmmmm ... Yummy",NO_SPAM
"07732584351 - Rodger Burns - MSG = We tried to call you re your reply to our sms for a free nokia mobile + free camcorder. Please call now 08000930705 for delivery tomorrow",SPAM
"WHO ARE YOU SEEING?",NO_SPAM
"Great! I hope you like your man well endowed. I am  &lt;#&gt;  inches...",NO_SPAM
"No calls..messages..missed calls",NO_SPAM
"Didn't you get hep b immunisation in nigeria.",NO_SPAM
"Fair enough, anything going on?",NO_SPAM
"Yeah hopefully, if tyler can't do it I could maybe ask around a bit",NO_SPAM
"U don't know how stubborn I am. I didn't even want to go to the hospital. I kept telling Mark I'm not a weak sucker. Hospitals are for weak suckers.",NO_SPAM
"What you thinked about me. First time you saw me in class.",NO_SPAM
"A gram usually runs like  &lt;#&gt; , a half eighth is smarter though and gets you almost a whole second gram for  &lt;#&gt;",NO_SPAM
"K fyi x has a ride early tomorrow morning but he's crashing at our place tonight",NO_SPAM
"Wow. I never realized that you were so embarassed by your accomodations. I thought you liked it, since i was doing the best i could and you always seemed so happy about "the cave". I'm sorry I didn't and don't have more to give. I'm sorry i offered. I'm sorry your room was so embarassing.",NO_SPAM
"SMS. ac Sptv: The New Jersey Devils and the Detroit Red Wings play Ice Hockey. Correct or Incorrect? End? Reply END SPTV",SPAM
"Do you know what Mallika Sherawat did yesterday? Find out now @  &lt;URL&gt;",NO_SPAM
"Congrats! 1 year special cinema pass for 2 is yours. call 09061209465 now! C Suprman V, Matrix3, StarWars3, etc all 4 FREE! bx420-ip4-5we. 150pm. Dont miss out! ",SPAM
"Sorry, I'll call later in meeting.",NO_SPAM
"Tell where you reached",NO_SPAM
"Yes..gauti and sehwag out of odi series.",NO_SPAM
"Your gonna have to pick up a $1 burger for yourself on your way home. I can't even move. Pain is killing me.",NO_SPAM
"Ha ha ha good joke. Girls are situation seekers.",NO_SPAM
"Its a part of checking IQ",NO_SPAM
"Sorry my roommates took forever, it ok if I come by now?",NO_SPAM
"Ok lar i double check wif da hair dresser already he said wun cut v short. He said will cut until i look nice.",NO_SPAM
"As a valued customer, I am pleased to advise you that following recent review of your Mob No. you are awarded with a £1500 Bonus Prize, call 09066364589",SPAM
"Today is "song dedicated day.." Which song will u dedicate for me? Send this to all ur valuable frnds but first rply me...",NO_SPAM
"Urgent UR awarded a complimentary trip to EuroDisinc Trav, Aco&Entry41 Or £1000. To claim txt DIS to 87121 18+6*£1.50(moreFrmMob. ShrAcomOrSglSuplt)10, LS1 3AJ",SPAM
"Did you hear about the new "Divorce Barbie"? It comes with all of Ken's stuff!",SPAM
"I plane to give on this month end.",NO_SPAM
"Wah lucky man... Then can save money... Hee...",NO_SPAM
"Finished class where are you.",NO_SPAM
"HI BABE IM AT HOME NOW WANNA DO SOMETHING? XX",NO_SPAM
"K..k:)where are you?how did you performed?",NO_SPAM
"U can call me now...",NO_SPAM
"I am waiting machan. Call me once you free.",NO_SPAM
"Thats cool. i am a gentleman and will treat you with dignity and respect.",NO_SPAM
"I like you peoples very much:) but am very shy pa.",NO_SPAM
"Does not operate after  &lt;#&gt;  or what",NO_SPAM
"Its not the same here. Still looking for a job. How much do Ta's earn there.",NO_SPAM
"Sorry, I'll call later",NO_SPAM
"K. Did you call me just now ah? ",NO_SPAM
"Ok i am on the way to home hi hi",NO_SPAM
"You will be in the place of that man",NO_SPAM
"Yup next stop.",NO_SPAM
"I call you later, don't have network. If urgnt, sms me.",NO_SPAM
"For real when u getting on yo? I only need 2 more tickets and one more jacket and I'm done. I already used all my multis.",NO_SPAM
"Yes I started to send requests to make it but pain came back so I'm back in bed. Double coins at the factory too. I gotta cash in all my nitros.",NO_SPAM
"I'm really not up to it still tonight babe",NO_SPAM
"Ela kano.,il download, come wen ur free..",NO_SPAM
"Yeah do! Don‘t stand to close tho- you‘ll catch something!",NO_SPAM
"Sorry to be a pain. Is it ok if we meet another night? I spent late afternoon in casualty and that means i haven't done any of y stuff42moro and that includes all my time sheets and that. Sorry. ",NO_SPAM
"Smile in Pleasure Smile in Pain Smile when trouble pours like Rain Smile when sum1 Hurts U Smile becoz SOMEONE still Loves to see u Smiling!!",NO_SPAM
"Please call our customer service representative on 0800 169 6031 between 10am-9pm as you have WON a guaranteed £1000 cash or £5000 prize!",SPAM
"Havent planning to buy later. I check already lido only got 530 show in e afternoon. U finish work already?",NO_SPAM
"Your free ringtone is waiting to be collected. Simply text the password "MIX" to 85069 to verify. Get Usher and Britney. FML, PO Box 5249, MK17 92H. 450Ppw 16",SPAM
"Watching telugu movie..wat abt u?",NO_SPAM
"i see. When we finish we have loads of loans to pay",NO_SPAM
"Hi. Wk been ok - on hols now! Yes on for a bit of a run. Forgot that i have hairdressers appointment at four so need to get home n shower beforehand. Does that cause prob for u?"",NO_SPAM
"I see a cup of coffee animation",NO_SPAM
"Please don't text me anymore. I have nothing else to say.",NO_SPAM
"Okay name ur price as long as its legal! Wen can I pick them up? Y u ave x ams xx",NO_SPAM
"I'm still looking for a car to buy. And have not gone 4the driving test yet.",NO_SPAM
"As per your request 'Melle Melle (Oru Minnaminunginte Nurungu Vettam)' has been set as your callertune for all Callers. Press *9 to copy your friends Callertune",NO_SPAM
"wow. You're right! I didn't mean to do that. I guess once i gave up on boston men and changed my search location to nyc, something changed. Cuz on my signin page it still says boston.",NO_SPAM
"Umma my life and vava umma love you lot dear",NO_SPAM
"Thanks a lot for your wishes on my birthday. Thanks you for making my birthday truly memorable.",NO_SPAM
"Aight, I'll hit you up when I get some cash",NO_SPAM
"How would my ip address test that considering my computer isn't a minecraft server",NO_SPAM
"I know! Grumpy old people. My mom was like you better not be lying. Then again I am always the one to play jokes...",NO_SPAM
"Dont worry. I guess he's busy.",NO_SPAM
"What is the plural of the noun research?",NO_SPAM
"Going for dinner.msg you after.",NO_SPAM
"I'm ok wif it cos i like 2 try new things. But i scared u dun like mah. Cos u said not too loud.",NO_SPAM
"GENT! We are trying to contact you. Last weekends draw shows that you won a £1000 prize GUARANTEED. Call 09064012160. Claim Code K52. Valid 12hrs only. 150ppm",SPAM
"Wa, ur openin sentence very formal... Anyway, i'm fine too, juz tt i'm eatin too much n puttin on weight...Haha... So anythin special happened?",NO_SPAM
"As I entered my cabin my PA said, '' Happy B'day Boss !!''. I felt special. She askd me 4 lunch. After lunch she invited me to her apartment. We went there.",NO_SPAM
"You are a winner U have been specially selected 2 receive £1000 or a 4* holiday (flights inc) speak to a live operator 2 claim 0871277810910p/min (18+) ",SPAM
"Goodo! Yes we must speak friday - egg-potato ratio for tortilla needed! ",NO_SPAM
"Hmm...my uncle just informed me that he's paying the school directly. So pls buy food.",NO_SPAM
"PRIVATE! Your 2004 Account Statement for 07742676969 shows 786 unredeemed Bonus Points. To claim call 08719180248 Identifier Code: 45239 Expires",SPAM
"URGENT! Your Mobile No. was awarded £2000 Bonus Caller Prize on 5/9/03 This is our final try to contact U! Call from Landline 09064019788 BOX42WR29C, 150PPM",SPAM
"here is my new address -apples&pairs&all that malarky",NO_SPAM
"Todays Voda numbers ending 7548 are selected to receive a $350 award. If you have a match please call 08712300220 quoting claim code 4041 standard rates app",SPAM
"I am going to sao mu today. Will be done only at 12 ",NO_SPAM
"Ü predict wat time ü'll finish buying?",NO_SPAM
"Good stuff, will do.",NO_SPAM
"Just so that you know,yetunde hasn't sent money yet. I just sent her a text not to bother sending. So its over, you dont have to involve yourself in anything. I shouldn't have imposed anything on you in the first place so for that, i apologise.",NO_SPAM
"Are you there in room.",NO_SPAM
"HEY GIRL. HOW R U? HOPE U R WELL ME AN DEL R BAK! AGAIN LONG TIME NO C! GIVE ME A CALL SUM TIME FROM LUCYxx",NO_SPAM
"K..k:)how much does it cost?",NO_SPAM
"I'm home.",NO_SPAM
"Dear, will call Tmorrow.pls accomodate.",NO_SPAM
"First answer my question.",NO_SPAM
"Sunshine Quiz Wkly Q! Win a top Sony DVD player if u know which country the Algarve is in? Txt ansr to 82277. £1.50 SP:Tyrone",SPAM
"Want 2 get laid tonight? Want real Dogging locations sent direct 2 ur mob? Join the UK's largest Dogging Network bt Txting GRAVEL to 69888! Nt. ec2a. 31p.msg@150p",SPAM
"I only haf msn. It's yijue@hotmail.com",NO_SPAM
"He is there. You call and meet him",NO_SPAM
"No no. I will check all rooms befor activities",NO_SPAM
"You'll not rcv any more msgs from the chat svc. For FREE Hardcore services text GO to: 69988 If u get nothing u must Age Verify with yr network & try again",SPAM
"Got c... I lazy to type... I forgot ü in lect... I saw a pouch but like not v nice...",NO_SPAM
"K, text me when you're on the way",NO_SPAM
"Sir, Waiting for your mail.",NO_SPAM
"A swt thought: "Nver get tired of doing little things 4 lovable persons.." Coz..somtimes those little things occupy d biggest part in their Hearts.. Gud ni8",NO_SPAM
"I know you are. Can you pls open the back?",NO_SPAM
"Yes see ya not on the dot",NO_SPAM
"Whats the staff name who is taking class for us?",NO_SPAM
"FreeMsg Why haven't you replied to my text? I'm Randy, sexy, female and live local. Luv to hear from u. Netcollex Ltd 08700621170150p per msg reply Stop to end",SPAM
"Ummma.will call after check in.our life will begin from qatar so pls pray very hard.",NO_SPAM
"K..i deleted my contact that why?",NO_SPAM
"Sindu got job in birla soft ..",NO_SPAM
"The wine is flowing and i'm i have nevering..",NO_SPAM
"Yup i thk cine is better cos no need 2 go down 2 plaza mah.",NO_SPAM
"Ok... Ur typical reply...",NO_SPAM
"As per your request 'Melle Melle (Oru Minnaminunginte Nurungu Vettam)' has been set as your callertune for all Callers. Press *9 to copy your friends Callertune",NO_SPAM
"You are everywhere dirt, on the floor, the windows, even on my shirt. And sometimes when i open my mouth, you are all that comes flowing out. I dream of my world without you, then half my chores are out too. A time of joy for me, lots of tv shows i.ll see. But i guess like all things you just must exist, like rain, hail and mist, and when my time here is done, you and i become one.",NO_SPAM
"Aaooooright are you at work?",NO_SPAM
"I'm leaving my house now...",NO_SPAM
"Hello, my love. What are you doing? Did you get to that interview today? Are you you happy? Are you being a good boy? Do you think of me?Are you missing me ?",NO_SPAM
"Customer service annoncement. You have a New Years delivery waiting for you. Please call 07046744435 now to arrange delivery",SPAM
"You are a winner U have been specially selected 2 receive £1000 cash or a 4* holiday (flights inc) speak to a live operator 2 claim 0871277810810",SPAM
"Keep yourself safe for me because I need you and I miss you already and I envy everyone that see's you in real life",NO_SPAM
"New car and house for my parents.:)i have only new job in hand:)",NO_SPAM
"I'm so in love with you. I'm excited each day i spend with you. You make me so happy.",NO_SPAM
"-PLS STOP bootydelious (32/F) is inviting you to be her friend. Reply YES-434 or NO-434 See her: www.SMS.ac/u/bootydelious STOP? Send STOP FRND to 62468",SPAM
"BangBabes Ur order is on the way. U SHOULD receive a Service Msg 2 download UR content. If U do not, GoTo wap. bangb. tv on UR mobile internet/service menu",SPAM
"I place all ur points on e cultures module already.",NO_SPAM
"URGENT! We are trying to contact you. Last weekends draw shows that you have won a £900 prize GUARANTEED. Call 09061701939. Claim code S89. Valid 12hrs only",SPAM
"Hi frnd, which is best way to avoid missunderstding wit our beloved one's?",NO_SPAM
"Great escape. I fancy the bridge but needs her lager. See you tomo ",NO_SPAM
"Yes :)it completely in out of form:)clark also utter waste.",NO_SPAM
"Sir, I need AXIS BANK account no and bank address.",NO_SPAM
"Hmmm.. Thk sure got time to hop ard... Ya, can go 4 free abt... Muz call u to discuss liao... ",NO_SPAM
"What time you coming down later? ",NO_SPAM
"Bloody hell, cant believe you forgot my surname Mr . Ill give u a clue, its spanish and begins with m... ",NO_SPAM
"Well, i'm gonna finish my bath now. Have a good...fine night.",NO_SPAM
"Let me know when you've got the money so carlos can make the call",NO_SPAM
"U still going to the mall?",NO_SPAM
"Turns out my friends are staying for the whole show and won't be back til ~ &lt;#&gt; , so feel free to go ahead and smoke that $ &lt;#&gt;  worth",NO_SPAM
"Text her. If she doesnt reply let me know so i can have her log in",NO_SPAM
"Hi! You just spoke to MANEESHA V. We'd like to know if you were satisfied with the experience. Reply Toll Free with Yes or No.",NO_SPAM
"You lifted my hopes with the offer of money. I am in need. Especially when the end of the month approaches and it hurts my studying. Anyways have a gr8 weekend",NO_SPAM
"Lol no. U can trust me.",NO_SPAM
"ok. I am a gentleman and will treat you with dignity and respect.",NO_SPAM
"He will, you guys close?",NO_SPAM
"Going on nothing great.bye",NO_SPAM
"Hello handsome ! Are you finding that job ? Not being lazy ? Working towards getting back that net for mummy ? Where's my boytoy now ? Does he miss me ?",NO_SPAM
"Haha awesome, be there in a minute",NO_SPAM
"Please call our customer service representative on FREEPHONE 0808 145 4742 between 9am-11pm as you have WON a guaranteed £1000 cash or £5000 prize!",SPAM
"Have you got Xmas radio times. If not i will get it now",NO_SPAM
"I jus reached home. I go bathe first. But my sis using net tell u when she finishes k...",NO_SPAM
"Are you unique enough? Find out from 30th August. www.areyouunique.co.uk",SPAM
"I'm sorry. I've joined the league of people that dont keep in touch. You mean a great deal to me. You have been a friend at all times even at great personal cost. Do have a great week.|",NO_SPAM
"Hi :)finally i completed the course:)",NO_SPAM
"It will stop on itself. I however suggest she stays with someone that will be able to give ors for every stool.",NO_SPAM
"How are you doing? Hope you've settled in for the new school year. Just wishin you a gr8 day",NO_SPAM
"Gud mrng dear hav a nice day",NO_SPAM
"Did u got that persons story",NO_SPAM
"is your hamster dead? Hey so tmr i meet you at 1pm orchard mrt? ",NO_SPAM
"Hi its Kate how is your evening? I hope i can see you tomorrow for a bit but i have to bloody babyjontet! Txt back if u can. :) xxx",NO_SPAM
"Found it, ENC  &lt;#&gt; , where you at?",NO_SPAM
"I sent you  &lt;#&gt;  bucks",NO_SPAM
"Hello darlin ive finished college now so txt me when u finish if u can love Kate xxx",NO_SPAM
"Your account has been refilled successfully by INR  &lt;DECIMAL&gt; . Your KeralaCircle prepaid account balance is Rs  &lt;DECIMAL&gt; . Your Transaction ID is KR &lt;#&gt; .",NO_SPAM
"Goodmorning sleeping ga.",NO_SPAM
"U call me alter at 11 ok.",NO_SPAM
"Ü say until like dat i dun buy ericsson oso cannot oredi lar...",NO_SPAM
"As I entered my cabin my PA said, '' Happy B'day Boss !!''. I felt special. She askd me 4 lunch. After lunch she invited me to her apartment. We went there.",NO_SPAM
"Aight yo, dats straight dogg",NO_SPAM
"You please give us connection today itself before  &lt;DECIMAL&gt;  or refund the bill",NO_SPAM
"Both :) i shoot big loads so get ready!",NO_SPAM
"What's up bruv, hope you had a great break. Do have a rewarding semester.",NO_SPAM
"Home so we can always chat",NO_SPAM
"K:)k:)good:)study well.",NO_SPAM
"Yup... How ü noe leh...",NO_SPAM
"Sounds great! Are you home now?",NO_SPAM
"Finally the match heading towards draw as your prediction.",NO_SPAM
"Tired. I haven't slept well the past few nights.",NO_SPAM
"Easy ah?sen got selected means its good..",NO_SPAM
"I have to take exam with march 3",NO_SPAM
"Yeah you should. I think you can use your gt atm now to register. Not sure but if there's anyway i can help let me know. But when you do be sure you are ready.",NO_SPAM
"Ok no prob. Take ur time.",NO_SPAM
"There is os called ubandu which will run without installing in hard disk...you can use that os to copy the important files in system and give it to repair shop..",NO_SPAM
"Sorry, I'll call later",NO_SPAM
"U say leh... Of course nothing happen lar. Not say v romantic jus a bit only lor. I thk e nite scenery not so nice leh.",NO_SPAM
"500 New Mobiles from 2004, MUST GO! Txt: NOKIA to No: 89545 & collect yours today!From ONLY £1 www.4-tc.biz 2optout 087187262701.50gbp/mtmsg18",SPAM
"Would really appreciate if you call me. Just need someone to talk to.",NO_SPAM
"Will u meet ur dream partner soon? Is ur career off 2 a flyng start? 2 find out free, txt HORO followed by ur star sign, e. g. HORO ARIES",SPAM
"Hey company elama po mudyadhu.",NO_SPAM
"Life is more strict than teacher... Bcoz Teacher teaches lesson &amp; then conducts exam, But Life first conducts Exam &amp; then teaches Lessons. Happy morning. . .",NO_SPAM
"Dear good morning now only i am up",NO_SPAM
"Get down in gandhipuram and walk to cross cut road. Right side &lt;#&gt; street road and turn at first right.",NO_SPAM
"Dear we are going to our rubber place",NO_SPAM
"Sorry battery died, yeah I'm here",NO_SPAM
"Yes:)here tv is always available in work place..",NO_SPAM
"Text & meet someone sexy today. U can find a date or even flirt its up to U. Join 4 just 10p. REPLY with NAME & AGE eg Sam 25. 18 -msg recd@thirtyeight pence",SPAM
"I have printed it oh. So  &lt;#&gt;  come upstairs",NO_SPAM
"Or ill be a little closer like at the bus stop on the same street",NO_SPAM
"Where are you?when wil you reach here?",NO_SPAM
"New Theory: Argument wins d SITUATION, but loses the PERSON. So dont argue with ur friends just.. . . . kick them &amp; say, I'm always correct.!",NO_SPAM
"U 447801259231 have a secret admirer who is looking 2 make contact with U-find out who they R*reveal who thinks UR so special-call on 09058094597",SPAM
"Tomarrow final hearing on my laptop case so i cant.",NO_SPAM
"PLEASSSSSSSEEEEEE TEL ME V AVENT DONE SPORTSx",NO_SPAM
"Okay. No no, just shining on. That was meant to be signing, but that sounds better.",NO_SPAM
"Although i told u dat i'm into baig face watches now but i really like e watch u gave cos it's fr u. Thanx 4 everything dat u've done today, i'm touched...",NO_SPAM
"U don't remember that old commercial?",NO_SPAM
"Too late. I said i have the website. I didn't i have or dont have the slippers",NO_SPAM
"I asked you to call him now ok",NO_SPAM
"Kallis wont bat in 2nd innings.",NO_SPAM
"It didnt work again oh. Ok goodnight then. I.ll fix and have it ready by the time you wake up. You are very dearly missed have a good night sleep.",NO_SPAM
"Congratulations ur awarded 500 of CD vouchers or 125gift guaranteed & Free entry 2 100 wkly draw txt MUSIC to 87066 TnCs www.Ldew.com1win150ppmx3age16",SPAM
"Ranjith cal drpd Deeraj and deepak 5min hold",NO_SPAM
"Wen ur lovable bcums angry wid u, dnt take it seriously.. Coz being angry is d most childish n true way of showing deep affection, care n luv!.. kettoda manda... Have nice day da.",NO_SPAM
"What you doing?how are you?",NO_SPAM
"Ups which is 3days also, and the shipping company that takes 2wks. The other way is usps which takes a week but when it gets to lag you may have to bribe nipost to get your stuff.",NO_SPAM
"I'm back, lemme know when you're ready",NO_SPAM
"Don't necessarily expect it to be done before you get back though because I'm just now headin out",NO_SPAM
"Mmm so yummy babe ... Nice jolt to the suzy",NO_SPAM
"Where are you lover ? I need you ...",NO_SPAM
"We tried to contact you re your reply to our offer of a Video Handset? 750 anytime networks mins? UNLIMITED TEXT? Camcorder? Reply or call 08000930705 NOW",SPAM
"I‘m parked next to a MINI!!!! When are you coming in today do you think?",NO_SPAM
"Yup",NO_SPAM
"Anyway i'm going shopping on my own now. Cos my sis not done yet. Dun disturb u liao.",NO_SPAM
"MY NO. IN LUTON 0125698789 RING ME IF UR AROUND! H*",NO_SPAM
"Hey I am really horny want to chat or see me naked text hot to 69698 text charged at 150pm to unsubscribe text stop 69698",SPAM
"Why you Dint come with us.",NO_SPAM
"Same. Wana plan a trip sometme then",NO_SPAM
"Not sure yet, still trying to get a hold of him",NO_SPAM
"Ur ringtone service has changed! 25 Free credits! Go to club4mobiles.com to choose content now! Stop? txt CLUB STOP to 87070. 150p/wk Club4 PO Box1146 MK45 2WT",SPAM
"The evo. I just had to download flash. Jealous?",NO_SPAM
"Ringtone Club: Get the UK singles chart on your mobile each week and choose any top quality ringtone! This message is free of charge.",SPAM
"Come to mu, we're sorting out our narcotics situation",NO_SPAM
"Night has ended for another day, morning has come in a special way. May you smile like the sunny rays and leaves your worries at the blue blue bay.",NO_SPAM
"HMV BONUS SPECIAL 500 pounds of genuine HMV vouchers to be won. Just answer 4 easy questions. Play Now! Send HMV to 86688 More info:www.100percent-real.com",SPAM
"Usf I guess, might as well take 1 car",NO_SPAM
"No objection. My bf not coming.",NO_SPAM
"Thanx...",NO_SPAM
"Tell rob to mack his gf in the theater",NO_SPAM
"Awesome, I'll see you in a bit",NO_SPAM
"Just sent it. So what type of food do you like?",NO_SPAM
"All done? All handed in? Celebrations in full swing yet?",NO_SPAM
"You got called a tool?",NO_SPAM
""Wen u miss someone, the person is definitely special for u..... But if the person is so special, why to miss them, just Keep-in-touch" gdeve..",NO_SPAM
"Ok. I asked for money how far",NO_SPAM
"Okie...",NO_SPAM
"Yeah I think my usual guy's still passed out from last night, if you get ahold of anybody let me know and I'll throw down",NO_SPAM
"K, I might come by tonight then if my class lets out early",NO_SPAM
"Ok..",NO_SPAM
"hi baby im cruisin with my girl friend what r u up 2? give me a call in and hour at home if thats alright or fone me on this fone now love jenny xxx",NO_SPAM
"My life Means a lot to me, Not because I love my life, But because I love the people in my life, The world calls them friends, I call them my World:-).. Ge:-)..",NO_SPAM
"Dear,shall mail tonite.busy in the street,shall update you tonite.things are looking ok.varunnathu edukkukayee raksha ollu.but a good one in real sense.",NO_SPAM
"Hey you told your name to gautham ah?",NO_SPAM
"Haf u found him? I feel so stupid da v cam was working.",NO_SPAM
"Oops. 4 got that bit.",NO_SPAM
"Are you this much buzy",NO_SPAM
"I accidentally deleted the message. Resend please.",NO_SPAM
"T-Mobile customer you may now claim your FREE CAMERA PHONE upgrade & a pay & go sim card for your loyalty. Call on 0845 021 3680.Offer ends 28thFeb.T&C's apply",SPAM
"Unless it's a situation where YOU GO GURL would be more appropriate",NO_SPAM
"Hurt me... Tease me... Make me cry... But in the end of my life when i die plz keep one rose on my grave and say STUPID I MISS U.. HAVE A NICE DAY BSLVYL",NO_SPAM
"I cant pick the phone right now. Pls send a message",NO_SPAM
"Need a coffee run tomo?Can't believe it's that time of week already",NO_SPAM
"Awesome, I remember the last time we got somebody high for the first time with diesel :V",NO_SPAM
"Shit that is really shocking and scary, cant imagine for a second. Def up for night out. Do u think there is somewhere i could crash for night, save on taxi?",NO_SPAM
"Oh and by the way you do have more food in your fridge! Want to go out for a meal tonight? ",NO_SPAM
"He is a womdarfull actor",NO_SPAM
"SMS. ac Blind Date 4U!: Rodds1 is 21/m from Aberdeen, United Kingdom. Check Him out http://img. sms. ac/W/icmb3cktz8r7!-4 no Blind Dates send HIDE",SPAM
"Yup... From what i remb... I think should be can book... ",NO_SPAM
"Jos ask if u wana meet up?",NO_SPAM
"Lol yes. Our friendship is hanging on a thread cause u won't buy stuff.",NO_SPAM
"TheMob> Check out our newest selection of content, Games, Tones, Gossip, babes and sport, Keep your mobile fit and funky text WAP to 82468",SPAM
"Where are the garage keys? They aren't on the bookshelf",NO_SPAM
"Today is ACCEPT DAY..U Accept me as? Brother Sister Lover Dear1 Best1 Clos1 Lvblefrnd Jstfrnd Cutefrnd Lifpartnr Belovd Swtheart Bstfrnd No rply means enemy",NO_SPAM
"Think ur smart ? Win £200 this week in our weekly quiz, text PLAY to 85222 now!T&Cs WinnersClub PO BOX 84, M26 3UZ. 16+. GBP1.50/week",SPAM
"He says he'll give me a call when his friend's got the money but that he's definitely buying before the end of the week",NO_SPAM
"Hi the way I was with u 2day, is the normal way&this is the real me. UR unique&I hope I know u 4 the rest of mylife. Hope u find wot was lost.",NO_SPAM
"You made my day. Do have a great day too.",NO_SPAM
"K.k:)advance happy pongal.",NO_SPAM
"Hmmm... Guess we can go 4 kb n power yoga... Haha, dunno we can tahan power yoga anot... Thk got lo oso, forgot liao...",NO_SPAM
"Not really dude, have no friends i'm afraid :(",NO_SPAM
"December only! Had your mobile 11mths+? You are entitled to update to the latest colour camera mobile for Free! Call The Mobile Update Co FREE on 08002986906",SPAM
"Coffee cake, i guess...",NO_SPAM
"Merry Christmas to you too babe, i love ya *kisses*",NO_SPAM
"Hey... Why dont we just go watch x men and have lunch... Haha ",NO_SPAM
"cud u tell ppl im gona b a bit l8 cos 2 buses hav gon past cos they were full & im still waitin 4 1. Pete x",NO_SPAM
"That would be great. We'll be at the Guild. Could meet on Bristol road or somewhere - will get in touch over weekend. Our plans take flight! Have a good week",NO_SPAM
"No problem. How are you doing?",NO_SPAM
"No calls..messages..missed calls",NO_SPAM
"Hi da:)how is the todays class?",NO_SPAM
"I'd say that's a good sign but, well, you know my track record at reading women",NO_SPAM
"Cool, text me when you're parked",NO_SPAM
"I'm reading the text i just sent you. Its meant to be a joke. So read it in that light",NO_SPAM
"K.k:)apo k.good movie.",NO_SPAM
"Maybe i could get book out tomo then return it immediately ..? Or something.",NO_SPAM
"Call Germany for only 1 pence per minute! Call from a fixed line via access number 0844 861 85 85. No prepayment. Direct access!",SPAM
"Any chance you might have had with me evaporated as soon as you violated my privacy by stealing my phone number from your employer's paperwork. Not cool at all. Please do not contact me again or I will report you to your supervisor.",NO_SPAM
"Valentines Day Special! Win over £1000 in our quiz and take your partner on the trip of a lifetime! Send GO to 83600 now. 150p/msg rcvd. CustCare:08718720201.",SPAM
"Ta-Daaaaa! I am home babe, are you still up ?",NO_SPAM
"Cool. So how come you havent been wined and dined before?",NO_SPAM
"Just sleeping..and surfing",NO_SPAM
"Sorry, I'll call later",NO_SPAM
"U calling me right? Call my hand phone...",NO_SPAM
"Ok that's great thanx a lot.",NO_SPAM
"I take it the post has come then! You must have 1000s of texts now! Happy reading. My one from wiv hello caroline at the end is my favourite. Bless him",NO_SPAM
"Where u been hiding stranger?",NO_SPAM
"Am not interested to do like that.",NO_SPAM
"My sister cleared two round in birla soft yesterday.",NO_SPAM
"Gudnite....tc...practice going on",NO_SPAM
"Dis is yijue. I jus saw ur mail. In case huiming havent sent u my num. Dis is my num.",NO_SPAM
"One small prestige problem now.",NO_SPAM
"Fancy a shag? I do.Interested? sextextuk.com txt XXUK SUZY to 69876. Txts cost 1.50 per msg. TnCs on website. X",SPAM
"Just checking in on you. Really do miss seeing Jeremiah. Do have a great month",NO_SPAM
"Nah can't help you there, I've never had an iphone",NO_SPAM
"If you're not in my car in an hour and a half I'm going apeshit",NO_SPAM
"TODAY is Sorry day.! If ever i was angry with you, if ever i misbehaved or hurt you? plz plz JUST SLAP URSELF Bcoz, Its ur fault, I'm basically GOOD",NO_SPAM
"Yo you guys ever figure out how much we need for alcohol? Jay and I are trying to figure out how much we can safely spend on weed",NO_SPAM
"&lt;#&gt; ISH MINUTES WAS 5 MINUTES AGO. WTF.",NO_SPAM
"Thank You for calling.Forgot to say Happy Onam to you Sirji.I am fine here and remembered you when i met an insurance person.Meet You in Qatar Insha Allah.Rakhesh, ex Tata AIG who joined TISSCO,Tayseer.",NO_SPAM
"Congratulations ur awarded 500 of CD vouchers or 125gift guaranteed & Free entry 2 100 wkly draw txt MUSIC to 87066 TnCs www.Ldew.com1win150ppmx3age16",SPAM
"Ur cash-balance is currently 500 pounds - to maximize ur cash-in now send CASH to 86688 only 150p/msg. CC: 08708800282 HG/Suite342/2Lands Row/W1J6HL",SPAM
"I'm an actor. When i work, i work in the evening and sleep late. Since i'm unemployed at the moment, i ALWAYS sleep late. When you're unemployed, every day is saturday.",NO_SPAM
"Hello! Just got here, st andrews-boy its a long way! Its cold. I will keep you posted",NO_SPAM
"Ha ha cool cool chikku chikku:-):-DB-)",NO_SPAM
"Oh ok no prob..",NO_SPAM
"Check audrey's status right now",NO_SPAM
"Busy here. Trying to finish for new year. I am looking forward to finally meeting you...",NO_SPAM
"Good afternoon sunshine! How dawns that day ? Are we refreshed and happy to be alive? Do we breathe in the air and smile ? I think of you, my love ... As always",NO_SPAM
"Well i know Z will take care of me. So no worries.",NO_SPAM
"Update_Now - Xmas Offer! Latest Motorola, SonyEricsson & Nokia & FREE Bluetooth! Double Mins & 1000 Txt on Orange. Call MobileUpd8 on 08000839402 or call2optout/F4Q=",SPAM
"Here is your discount code RP176781. To stop further messages reply stop. www.regalportfolio.co.uk. Customer Services 08717205546",SPAM
"Wat uniform? In where get?",NO_SPAM
"Cool, text me when you're ready",NO_SPAM
"Hello my boytoy ... Geeee I miss you already and I just woke up. I wish you were here in bed with me, cuddling me. I love you ...",NO_SPAM
"I will spoil you in bed as well :)",NO_SPAM
"I'm going for bath will msg you next  &lt;#&gt;  min..",NO_SPAM
"I cant keep talking to people if am not sure i can pay them if they agree to price. So pls tell me what you want to really buy and how much you are willing to pay",NO_SPAM
"Thanks for your Ringtone Order, Reference T91. You will be charged GBP 4 per week. You can unsubscribe at anytime by calling customer services on 09057039994",SPAM
"Can you say what happen",NO_SPAM
"You could have seen me..i did't recognise you Face.:)",NO_SPAM
"Well there's not a lot of things happening in Lindsay on New years *sighs* Some bars in Ptbo and the blue heron has something going",NO_SPAM
"Keep my payasam there if rinu brings",NO_SPAM
"I taught that Ranjith sir called me. So only i sms like that. Becaus hes verifying about project. Prabu told today so only pa dont mistake me..",NO_SPAM
"I guess that's why you re worried. You must know that there's a way the body repairs itself. And i'm quite sure you shouldn't worry. We'll take it slow. First the tests, they will guide when your ovulation is then just relax. Nothing you've said is a reason to worry but i.ll keep on followin you up.",NO_SPAM
"Yeah sure, give me a couple minutes to track down my wallet",NO_SPAM
"Hey leave it. not a big deal:-) take care.",NO_SPAM
"Hey i will be late ah... Meet you at 945+",NO_SPAM
"Double mins and txts 4 6months FREE Bluetooth on Orange. Available on Sony, Nokia Motorola phones. Call MobileUpd8 on 08000839402 or call2optout/N9DX",SPAM
"It took Mr owl 3 licks",NO_SPAM
"Customer place i will call you.",NO_SPAM
"Mm that time you dont like fun",NO_SPAM
"4mths half price Orange line rental & latest camera phones 4 FREE. Had your phone 11mths ? Call MobilesDirect free on 08000938767 to update now! or2stoptxt",SPAM
"Yup having my lunch buffet now.. U eat already?",NO_SPAM
"Huh so late... Fr dinner?",NO_SPAM
"Hey so this sat are we going for the intro pilates only? Or the kickboxing too? ",NO_SPAM
"Morning only i can ok.",NO_SPAM
"Yes i think so. I am in office but my lap is in room i think thats on for the last few days. I didnt shut that down",NO_SPAM
"Pick you up bout 7.30ish? What time are  and that going?",NO_SPAM
"From here after The performance award is calculated every two month.not for current one month period..",NO_SPAM
"Was actually sleeping and still might when u call back. So a text is gr8. You rock sis. Will send u a text wen i wake.",NO_SPAM
"You are always putting your business out there. You put pictures of your ass on facebook. You are one of the most open people i've ever met. Why would i think a picture of your room would hurt you, make you feel violated.",NO_SPAM
"Good evening Sir, Al Salam Wahleykkum.sharing a happy news.By the grace of God, i got an offer from Tayseer,TISSCO and i joined.Hope you are fine.Inshah Allah,meet you sometime.Rakhesh,visitor from India.",NO_SPAM
"Hmmm...k...but i want to change the field quickly da:-)i wanna get system administrator or network administrator..",NO_SPAM
"FREE RINGTONE text FIRST to 87131 for a poly or text GET to 87131 for a true tone! Help? 0845 2814032 16 after 1st free, tones are 3x£150pw to e£nd txt stop",SPAM
"Dear how is chechi. Did you talk to her",NO_SPAM
"The hair cream has not been shipped.",NO_SPAM
"None of that's happening til you get here though",NO_SPAM
"Yep, the great loxahatchee xmas tree burning of  &lt;#&gt;  starts in an hour",NO_SPAM
"Haha get used to driving to usf man, I know a lot of stoners",NO_SPAM
"All was well until slightly disastrous class this pm with my fav darlings! Hope day off ok. Coffee wld be good as can't stay late tomorrow. Same time + place as always?",NO_SPAM
"Hello! Good week? Fancy a drink or something later?",NO_SPAM
"Headin towards busetop",NO_SPAM
"Message:some text missing* Sender:Name Missing* *Number Missing *Sent:Date missing *Missing U a lot thats y everything is missing sent via fullonsms.com",NO_SPAM
"Come by our room at some point so we can iron out the plan for this weekend",NO_SPAM
"Cos i want it to be your thing",NO_SPAM
"Okies... I'll go yan jiu too... We can skip ard oso, go cine den go mrt one, blah blah blah... ",NO_SPAM
"Bring home some Wendy =D",NO_SPAM
"100 dating service cal;l 09064012103 box334sk38ch",SPAM
"Whatsup there. Dont u want to sleep",NO_SPAM
"Alright i have a new goal now",NO_SPAM
"FREE entry into our £250 weekly competition just text the word WIN to 80086 NOW. 18 T&C www.txttowin.co.uk",SPAM
"Alright, I'll head out in a few minutes, text me where to meet you",NO_SPAM
"Send a logo 2 ur lover - 2 names joined by a heart. Txt LOVE NAME1 NAME2 MOBNO eg LOVE ADAM EVE 07123456789 to 87077 Yahoo! POBox36504W45WQ TxtNO 4 no ads 150p",SPAM
"Yes:)from last week itself i'm taking live call.",NO_SPAM
"Someone has contacted our dating service and entered your phone because they fancy you! To find out who it is call from a landline 09111032124 . PoBox12n146tf150p",SPAM
"Siva is in hostel aha:-.",NO_SPAM
"URGENT! Your Mobile number has been awarded with a £2000 prize GUARANTEED. Call 09058094455 from land line. Claim 3030. Valid 12hrs only",SPAM
"Send this to ur friends and receive something about ur voice..... How is my speaking expression? 1.childish 2.naughty 3.Sentiment 4.rowdy 5.ful of attitude 6.romantic 7.shy 8.Attractive 9.funny  &lt;#&gt; .irritating  &lt;#&gt; .lovable. reply me..",NO_SPAM
"Ok. She'll be ok. I guess",NO_SPAM
"aathi..where are you dear..",NO_SPAM
"Any pain on urination any thing else?",NO_SPAM
"7 at esplanade.. Do ü mind giving me a lift cos i got no car today..",NO_SPAM
"I wnt to buy a BMW car urgently..its vry urgent.but hv a shortage of  &lt;#&gt; Lacs.there is no source to arng dis amt. &lt;#&gt; lacs..thats my prob",NO_SPAM
"At home watching tv lor.",NO_SPAM
"Does she usually take fifteen fucking minutes to respond to a yes or no question",NO_SPAM
"Congrats! Nokia 3650 video camera phone is your Call 09066382422 Calls cost 150ppm Ave call 3mins vary from mobiles 16+ Close 300603 post BCM4284 Ldn WC1N3XX",SPAM
"Booked ticket for pongal?",NO_SPAM
"You available now? I'm like right around hillsborough &amp;  &lt;#&gt; th",NO_SPAM
"The message sent is askin for  &lt;#&gt; dollars. Shoul i pay  &lt;#&gt;  or  &lt;#&gt; ?",NO_SPAM
"Ask g or iouri, I've told the story like ten times already",NO_SPAM
"How long does applebees fucking take",NO_SPAM
"Hi hope u get this txt~journey hasnt been gd,now about 50 mins late I think.",NO_SPAM
"But i have to. I like to have love and arrange.",NO_SPAM
"Yes..he is really great..bhaji told kallis best cricketer after sachin in world:).very tough to get out.",NO_SPAM
"You were supposed to wake ME up &gt;:(",NO_SPAM
"Oic... I saw him too but i tot he din c me... I found a group liao...",NO_SPAM
"Sorry, I'll call later",NO_SPAM
""HEY HEY WERETHE MONKEESPEOPLE SAY WE MONKEYAROUND! HOWDY GORGEOUS, HOWU DOIN? FOUNDURSELF A JOBYET SAUSAGE?LOVE JEN XXX"",NO_SPAM
"Sorry, my battery died, I can come by but I'm only getting a gram for now, where's your place?",NO_SPAM
"Well done, blimey, exercise, yeah, i kinda remember wot that is, hmm. ",NO_SPAM
"I wont get concentration dear you know you are my mind and everything :-)",NO_SPAM
"LOL ... Have you made plans for new years?",NO_SPAM
"10 min later k...",NO_SPAM
"hanks lotsly!",NO_SPAM
"Thanks for this hope you had a good day today",NO_SPAM
"K:)k:)what are detail you want to transfer?acc no enough?",NO_SPAM
"Ok i will tell her to stay out. Yeah its been tough but we are optimistic things will improve this month.",NO_SPAM
"Loan for any purpose £500 - £75,000. Homeowners + Tenants welcome. Have you been previously refused? We can still help. Call Free 0800 1956669 or text back 'help'",SPAM
"Si si. I think ill go make those oreo truffles.",NO_SPAM
"LOOK AT AMY URE A BEAUTIFUL, INTELLIGENT WOMAN AND I LIKE U A LOT. I KNOW U DONT LIKE ME LIKE THAT SO DONT WORRY.",NO_SPAM
"I hope you that's the result of being consistently intelligent and kind. Start asking him about practicum links and keep your ears open and all the best. ttyl",NO_SPAM
"1.20 that call cost. Which i guess isnt bad. Miss ya, need ya, want ya, love ya",NO_SPAM
"Going thru a very different feeling.wavering decisions and coping up with the same is the same individual.time will heal everything i believe.",NO_SPAM
"Where did u go? My phone is gonna die you have to stay in here",NO_SPAM
"Great. Never been better. Each day gives even more reasons to thank God",NO_SPAM
"UpgrdCentre Orange customer, you may now claim your FREE CAMERA PHONE upgrade for your loyalty. Call now on 0207 153 9153. Offer ends 26th July. T&C's apply. Opt-out available",SPAM
"Sorry, I'll call later ok bye",NO_SPAM
"Ok i am on the way to railway",NO_SPAM
"great princess! I love giving and receiving oral. Doggy style is my fave position. How about you? I enjoy making love  &lt;#&gt;  times per night :)",NO_SPAM
"They don't put that stuff on the roads to keep it from getting slippery over there?",NO_SPAM
"When are you going to ride your bike?",NO_SPAM
"Yup, no need. I'll jus wait 4 e rain 2 stop.",NO_SPAM
"There are many company. Tell me the language.",NO_SPAM
"okmail: Dear Dave this is your final notice to collect your 4* Tenerife Holiday or #5000 CASH award! Call 09061743806 from landline. TCs SAE Box326 CW25WX 150ppm",SPAM
"How long has it been since you screamed, princess?",NO_SPAM
"Nothing. I meant that once the money enters your account here, the bank will remove its flat rate. Someone transfered  &lt;#&gt;  to my account and  &lt;#&gt; dollars got removed. So the banks differ and charges also differ.be sure you trust the 9ja person you are sending account details to cos...",NO_SPAM
"Want 2 get laid tonight? Want real Dogging locations sent direct 2 ur Mob? Join the UK's largest Dogging Network by txting MOAN to 69888Nyt. ec2a. 31p.msg@150p",SPAM
"Nice line said by a broken heart- Plz don't cum 1 more times infront of me... Other wise once again I ll trust U... Good 9t:)",NO_SPAM
"Ok I'm gonna head up to usf in like fifteen minutes",NO_SPAM
"Love you aathi..love u lot..",NO_SPAM
"Tension ah?what machi?any problem?",NO_SPAM
"K, can I pick up another 8th when you're done?",NO_SPAM
"When're you guys getting back? G said you were thinking about not staying for mcr",NO_SPAM
"Almost there, see u in a sec",NO_SPAM
"Yo carlos, a few friends are already asking me about you, you working at all this weekend?",NO_SPAM
"Watching tv lor...",NO_SPAM
"Thank you baby! I cant wait to taste the real thing...",NO_SPAM
"You should change your fb to jaykwon thuglyfe falconerf",NO_SPAM
"If we win its really no 1 side for long time.",NO_SPAM
"FREE MESSAGE Activate your 500 FREE Text Messages by replying to this message with the word FREE For terms & conditions, visit www.07781482378.com",SPAM
"Dear reached railway. What happen to you",NO_SPAM
"Depends on quality. If you want the type i sent boye, faded glory, then about 6. If you want ralphs maybe 2",NO_SPAM
"I think i've fixed it can you send a test message?",NO_SPAM
"Sorry man my account's dry or I would, if you want we could trade back half or I could buy some shit with my credit card",NO_SPAM
"Congrats! 1 year special cinema pass for 2 is yours. call 09061209465 now! C Suprman V, Matrix3, StarWars3, etc all 4 FREE! bx420-ip4-5we. 150pm. Dont miss out!",SPAM
"Sorry,in meeting I'll call later",NO_SPAM
"What class of  &lt;#&gt;  reunion?",NO_SPAM
"Are you free now?can i call now?",NO_SPAM
"Got meh... When?",NO_SPAM
"Nope... Think i will go for it on monday... Sorry i replied so late",NO_SPAM
"Some of them told accenture is not confirm. Is it true.",NO_SPAM
"Kate jackson rec center before 7ish, right?",NO_SPAM
"Dear i have reache room",NO_SPAM
"Fighting with the world is easy, u either win or lose bt fightng with some1 who is close to u is dificult if u lose - u lose if u win - u still lose.",NO_SPAM
"When can ü come out?",NO_SPAM
"Check with nuerologist.",NO_SPAM
"Lolnice. I went from a fish to ..water.?",NO_SPAM
"+123 Congratulations - in this week's competition draw u have won the £1450 prize to claim just call 09050002311 b4280703. T&Cs/stop SMS 08718727868. Over 18 only 150ppm",SPAM
"No it's waiting in e car dat's bored wat. Cos wait outside got nothing 2 do. At home can do my stuff or watch tv wat.",NO_SPAM
"Maybe westshore or hyde park village, the place near my house?",NO_SPAM
"You should know now. So how's anthony. Are you bringing money. I've school fees to pay and rent and stuff like that. Thats why i need your help. A friend in need....|",NO_SPAM
"What's the significance?",NO_SPAM
"Your opinion about me? 1. Over 2. Jada 3. Kusruthi 4. Lovable 5. Silent 6. Spl character 7. Not matured 8. Stylish 9. Simple Pls reply..",NO_SPAM
"8 at the latest, g's still there if you can scrounge up some ammo and want to give the new ak a try",NO_SPAM
"Prabha..i'm soryda..realy..frm heart i'm sory",NO_SPAM
"Lol ok your forgiven :)",NO_SPAM
"No..jst change tat only..",NO_SPAM
"You are guaranteed the latest Nokia Phone, a 40GB iPod MP3 player or a £500 prize! Txt word: COLLECT to No: 83355! IBHltd LdnW15H 150p/Mtmsgrcvd18+",SPAM
"S:)no competition for him.",NO_SPAM
"Boltblue tones for 150p Reply POLY# or MONO# eg POLY3 1. Cha Cha Slide 2. Yeah 3. Slow Jamz 6. Toxic 8. Come With Me or STOP 4 more tones txt MORE",SPAM
"Your credits have been topped up for http://www.bubbletext.com Your renewal Pin is tgxxrz",SPAM
"That way transport is less problematic than on sat night. By the way, if u want to ask  n  to join my bday, feel free. But need to know definite nos as booking on fri. ",NO_SPAM
"Usually the person is unconscious that's in children but in adults they may just behave abnormally. I.ll call you now",NO_SPAM
"But that's on ebay it might be less elsewhere.",NO_SPAM
"Shall i come to get pickle",NO_SPAM
"Were gonna go get some tacos",NO_SPAM
"That's very rude, you on campus?",NO_SPAM
"URGENT!: Your Mobile No. was awarded a £2,000 Bonus Caller Prize on 02/09/03! This is our 2nd attempt to contact YOU! Call 0871-872-9755 BOX95QU",SPAM
"Hi i won't b ard 4 christmas. But do enjoy n merry x'mas.",NO_SPAM
"Today's Offer! Claim ur £150 worth of discount vouchers! Text YES to 85023 now! SavaMob, member offers mobile! T Cs 08717898035. £3.00 Sub. 16 . Unsub reply X",SPAM
"Yes! How is a pretty lady like you single?",NO_SPAM
"You will recieve your tone within the next 24hrs. For Terms and conditions please see Channel U Teletext Pg 750",SPAM
"Jay says that you're a double-faggot",NO_SPAM
"PRIVATE! Your 2003 Account Statement for 07815296484 shows 800 un-redeemed S.I.M. points. Call 08718738001 Identifier Code 41782 Expires 18/11/04 ",SPAM
"What Today-sunday..sunday is holiday..so no work..",NO_SPAM
"Gudnite....tc...practice going on",NO_SPAM
"I'll be late...",NO_SPAM
"I've not called you in a while. This is hoping it was l8r malaria and that you know that we miss you guys. I miss Bani big, so pls give her my love especially. Have a great day.",NO_SPAM
"Good afternoon, my love! How goes that day ? I hope maybe you got some leads on a job. I think of you, boytoy and send you a passionate kiss from across the sea",NO_SPAM
"Probably gonna be here for a while, see you later tonight &lt;)",NO_SPAM
"Or maybe my fat fingers just press all these buttons and it doesn't know what to do.",NO_SPAM
"Ummmmmaah Many many happy returns of d day my dear sweet heart.. HAPPY BIRTHDAY dear",NO_SPAM
"I am in tirupur da, once you started from office call me.",NO_SPAM
"from www.Applausestore.com MonthlySubscription@50p/msg max6/month T&CsC web age16 2stop txt stop",SPAM
"A famous quote : when you develop the ability to listen to 'anything' unconditionally without losing your temper or self confidence, it means you are ......... 'MARRIED'",NO_SPAM
"But am going to college pa. What to do. are else ill come there it self. Pa.",NO_SPAM
"4 oclock at mine. Just to bash out a flat plan.",NO_SPAM
"This girl does not stay in bed. This girl doesn't need recovery time. Id rather pass out while having fun then be cooped up in bed",NO_SPAM
"Then any special there?",NO_SPAM
"I know but you need to get hotel now. I just got my invitation but i had to apologise. Cali is to sweet for me to come to some english bloke's weddin",NO_SPAM
"Sorry that took so long, omw now",NO_SPAM
"Wait  &lt;#&gt;  min..",NO_SPAM
"Ok give me 5 minutes I think I see her. BTW you're my alibi. You were cutting my hair the whole time.",NO_SPAM
"Imagine you finally get to sink into that bath after I have put you through your paces, maybe even having you eat me for a while before I left ... But also imagine the feel of that cage on your cock surrounded by the bath water, reminding you always who owns you ... Enjoy, my cuck",NO_SPAM
"Hurry up, I've been weed-deficient for like three days",NO_SPAM
"Sure, if I get an acknowledgement from you that it's astoundingly tactless and generally faggy to demand a blood oath fo",NO_SPAM
"Ok. Every night take a warm bath drink a cup of milk and you'll see a work of magic. You still need to loose weight. Just so that you know",NO_SPAM
"I‘ll have a look at the frying pan in case it‘s cheap or a book perhaps. No that‘s silly a frying pan isn‘t likely to be a book",NO_SPAM
"O. Well uv causes mutations. Sunscreen is like essential thesedays",NO_SPAM
"Having lunch:)you are not in online?why?",NO_SPAM
"I know that my friend already told that.",NO_SPAM
"Hi Princess! Thank you for the pics. You are very pretty. How are you?",NO_SPAM
"Aiyo... U always c our ex one... I dunno abt mei, she haven reply... First time u reply so fast... Y so lucky not workin huh, got bao by ur sugardad ah...gee.. ",NO_SPAM
"Hi msg me:)i'm in office..",NO_SPAM
"Thanx 4 e brownie it's v nice...",NO_SPAM
"Geeeee ... I love you so much I can barely stand it",NO_SPAM
"GENT! We are trying to contact you. Last weekends draw shows that you won a £1000 prize GUARANTEED. Call 09064012160. Claim Code K52. Valid 12hrs only. 150ppm ",SPAM
"Fuck babe ... I miss you already, you know ? Can't you let me send you some money towards your net ? I need you ... I want you ... I crave you ...",NO_SPAM
"Ill call u 2mrw at ninish, with my address that icky American freek wont stop callin me 2 bad Jen k eh?",NO_SPAM
"Oooh bed ridden ey? What are YOU thinking of?",NO_SPAM
"So anyways, you can just go to your gym or whatever, my love *smiles* I hope your ok and having a good day babe ... I miss you so much already",NO_SPAM
"Love it! Daddy will make you scream with pleasure! I am going to slap your ass with my dick!",NO_SPAM
"WOT U WANNA DO THEN MISSY?",NO_SPAM
"Yar lor wait 4 my mum 2 finish sch then have lunch lor... I whole morning stay at home clean my room now my room quite clean... Hee...",NO_SPAM
"Do you know where my lab goggles went",NO_SPAM
"Can you open the door?",NO_SPAM
"Waiting for your call.",NO_SPAM
"Nope i waiting in sch 4 daddy... ",NO_SPAM
"You have won ?1,000 cash or a ?2,000 prize! To claim, call09050000327",SPAM
"I'm tired of arguing with you about this week after week. Do what you want and from now on, i'll do the same.",NO_SPAM
"Ü wait 4 me in sch i finish ard 5..",NO_SPAM
"our mobile number has won £5000, to claim calls us back or ring the claims hot line on 09050005321.",SPAM
"Arngd marriage is while u r walkin unfortuntly a snake bites u. bt love marriage is dancing in frnt of d snake &amp; sayin Bite me, bite me.",NO_SPAM
"Huh so early.. Then ü having dinner outside izzit?",NO_SPAM
"Ok anyway no need to change with what you said",NO_SPAM
"We tried to contact you re your reply to our offer of 750 mins 150 textand a new video phone call 08002988890 now or reply for free delivery tomorrow",SPAM
"my ex-wife was not able to have kids. Do you want kids one day?",NO_SPAM
"So how's scotland. Hope you are not over showing your JJC tendencies. Take care. Live the dream",NO_SPAM
"Tell them u have a headache and just want to use 1 hour of sick time.",NO_SPAM
"I dun thk i'll quit yet... Hmmm, can go jazz ? Yogasana oso can... We can go meet em after our lessons den... ",NO_SPAM
""Pete can you please ring meive hardly gotany credit"",NO_SPAM
"Ya srsly better than yi tho",NO_SPAM
"I'm in a meeting, call me later at",NO_SPAM
"For ur chance to win a £250 wkly shopping spree TXT: SHOP to 80878. T's&C's www.txt-2-shop.com custcare 08715705022, 1x150p/wk",SPAM
"You have been specially selected to receive a 2000 pound award! Call 08712402050 BEFORE the lines close. Cost 10ppm. 16+. T&Cs apply. AG Promo",SPAM
"PRIVATE! Your 2003 Account Statement for 07753741225 shows 800 un-redeemed S. I. M. points. Call 08715203677 Identifier Code: 42478 Expires 24/10/04",SPAM
"You still at grand prix?",NO_SPAM
"I met you as a stranger and choose you as my friend. As long as the world stands, our friendship never ends. Lets be Friends forever!!! Gud nitz...",NO_SPAM
"I am great! How are you?",NO_SPAM
"Gud mrng dear have a nice day",NO_SPAM
"You have an important customer service announcement. Call FREEPHONE 0800 542 0825 now!",SPAM
"Will do. Was exhausted on train this morning. Too much wine and pie. You sleep well too",NO_SPAM
"I'm going out to buy mum's present ar.",NO_SPAM
"Mind blastin.. No more Tsunamis will occur from now on.. Rajnikant stopped swimming in Indian Ocean..:-D",NO_SPAM
"If u sending her home first it's ok lor. I'm not ready yet.",NO_SPAM
"Speaking of does he have any cash yet?",NO_SPAM
"Be happy there. I will come after noon",NO_SPAM
"Meet after lunch la...",NO_SPAM
"TaKe CaRE n gET WeLL sOOn",NO_SPAM
"XCLUSIVE@CLUBSAISAI 2MOROW 28/5 SOIREE SPECIALE ZOUK WITH NICHOLS FROM PARIS.FREE ROSES 2 ALL LADIES !!! info: 07946746291/07880867867 ",SPAM
"what I meant to say is cant wait to see u again getting bored of this bridgwater banter",NO_SPAM
"Neva mind it's ok..",NO_SPAM
"It's fine, imma get a drink or somethin. Want me to come find you?",NO_SPAM
"22 days to kick off! For Euro2004 U will be kept up to date with the latest news and results daily. To be removed send GET TXT STOP to 83222",SPAM
"Its a valentine game. . . Send dis msg to all ur friends. .. If 5 answers r d same then someone really loves u. Ques- which colour suits me the best?rply me",NO_SPAM
"I have many dependents",NO_SPAM
"THANX4 TODAY CER IT WAS NICE 2 CATCH UP BUT WE AVE 2 FIND MORE TIME MORE OFTEN OH WELL TAKE CARE C U SOON.C",NO_SPAM
"I called and said all to him:)then he have to choose this future.",NO_SPAM
""Happy valentines day" I know its early but i have hundreds of handsomes and beauties to wish. So i thought to finish off aunties and uncles 1st...",NO_SPAM
"He like not v shock leh. Cos telling shuhui is like telling leona also. Like dat almost all know liao. He got ask me abt ur reaction lor.",NO_SPAM
"For my family happiness..",NO_SPAM
"I come n pick ü up... Come out immediately aft ur lesson...",NO_SPAM
"Let there be snow. Let there be snow. This kind of weather brings ppl together so friendships can grow.",NO_SPAM
"Dear we got  &lt;#&gt;  dollars hi hi",NO_SPAM
"Good words.... But words may leave u in dismay many times.",NO_SPAM
"MAKE SURE ALEX KNOWS HIS BIRTHDAY IS OVER IN FIFTEEN MINUTES AS FAR AS YOU'RE CONCERNED",NO_SPAM
"sorry, no, have got few things to do. may be in pub later.",NO_SPAM
"Nah it's straight, if you can just bring bud or drinks or something that's actually a little more useful than straight cash",NO_SPAM
"Haha good to hear, I'm officially paid and on the market for an 8th",NO_SPAM
"How many licks does it take to get to the center of a tootsie pop?",NO_SPAM
"Yup i thk they r e teacher said that will make my face look longer. Darren ask me not 2 cut too short.",NO_SPAM
"New TEXTBUDDY Chat 2 horny guys in ur area 4 just 25p Free 2 receive Search postcode or at gaytextbuddy.com. TXT ONE name to 89693",SPAM
"Todays Vodafone numbers ending with 4882 are selected to a receive a £350 award. If your number matches call 09064019014 to receive your £350 award.",SPAM
"Please dont say like that. Hi hi hi",NO_SPAM
"Thank u!",NO_SPAM
"Oh that was a forwarded message. I thought you send that to me",NO_SPAM
"Got it. Seventeen pounds for seven hundred ml – hope ok.",NO_SPAM
"Dear Voucher Holder, 2 claim this weeks offer, at your PC go to http://www.e-tlp.co.uk/expressoffer Ts&Cs apply.2 stop texts txt STOP to 80062.",SPAM
"Me n him so funny...",NO_SPAM
"Sweetheart, hope you are not having that kind of day! Have one with loads of reasons to smile. Biola",NO_SPAM
"When ü login dat time... Dad fetching ü home now?",NO_SPAM
"What will we do in the shower, baby?",NO_SPAM
"I had askd u a question some hours before. Its answer",NO_SPAM
"Well imma definitely need to restock before thanksgiving, I'll let you know when I'm out",NO_SPAM
"said kiss, kiss, i can't do the sound effects! He is a gorgeous man isn't he! Kind of person who needs a smile to brighten his day! ",NO_SPAM
"Probably gonna swing by in a wee bit",NO_SPAM
"Ya very nice. . .be ready on thursday",NO_SPAM
"Allo! We have braved the buses and taken on the trains and triumphed. I mean we‘re in b‘ham. Have a jolly good rest of week",NO_SPAM
"Watching cartoon, listening music &amp; at eve had to go temple &amp; church.. What about u?",NO_SPAM
"Do you mind if I ask what happened? You dont have to say if it is uncomfortable.",NO_SPAM
"PRIVATE! Your 2003 Account Statement for shows 800 un-redeemed S. I. M. points. Call 08715203694 Identifier Code: 40533 Expires 31/10/04",SPAM
"No prob. I will send to your email.",NO_SPAM
"You have won ?1,000 cash or a ?2,000 prize! To claim, call09050000327. T&C: RSTM, SW7 3SS. 150ppm",SPAM
"Thats cool! Sometimes slow and gentle. Sonetimes rough and hard :)",NO_SPAM
"I'm gonna say no. Sorry. I would but as normal am starting to panic about time. Sorry again! Are you seeing on Tuesday?",NO_SPAM
"Wait, do you know if wesleys in town? I bet she does hella drugs!",NO_SPAM
"Fine i miss you very much.",NO_SPAM
"Did u got that persons story",NO_SPAM
"Tell them the drug dealer's getting impatient",NO_SPAM
"Sun cant come to earth but send luv as rays. cloud cant come to river but send luv as rain. I cant come to meet U, but can send my care as msg to U. Gud evng",NO_SPAM
"You will be in the place of that man",NO_SPAM
"It doesnt make sense to take it there unless its free. If you need to know more, wikipedia.com",NO_SPAM
"88800 and 89034 are premium phone services call 08718711108",SPAM
"Under the sea, there lays a rock. In the rock, there is an envelope. In the envelope, there is a paper. On the paper, there are 3 words... '",NO_SPAM
"Then mum's repent how?",NO_SPAM
"Sorry me going home first... Daddy come fetch ü later...",NO_SPAM
"Leave it de:-). Start Prepare for next:-)..",NO_SPAM
"Yes baby! We can study all the positions of the kama sutra ;)",NO_SPAM
"En chikku nange bakra msg kalstiya..then had tea/coffee?",NO_SPAM
"Carlos'll be here in a minute if you still need to buy",NO_SPAM
"This pay is  &lt;DECIMAL&gt;  lakhs:)",NO_SPAM
"Have a good evening! Ttyl",NO_SPAM
"Did u receive my msg?",NO_SPAM
"Ho ho - big belly laugh! See ya tomo",NO_SPAM
"SMS. ac sun0819 posts HELLO:"You seem cool, wanted to say hi. HI!!!" Stop? Send STOP to 62468",SPAM
"Get ur 1st RINGTONE FREE NOW! Reply to this msg with TONE. Gr8 TOP 20 tones to your phone every week just £1.50 per wk 2 opt out send STOP 08452810071 16",SPAM
"Ditto. And you won't have to worry about me saying ANYTHING to you anymore. Like i said last night, you do whatever you want and i'll do the same. Peace.",NO_SPAM
"I've got  &lt;#&gt; , any way I could pick up?",NO_SPAM
"I dont knw pa, i just drink milk..",NO_SPAM
"Maybe?! Say hi to  and find out if  got his card. Great escape or wetherspoons? ",NO_SPAM
"Piggy, r u awake? I bet u're still sleeping. I'm going 4 lunch now...",NO_SPAM
"Cause I'm not freaky lol",NO_SPAM
"Missed your call cause I was yelling at scrappy. Miss u. Can't wait for u to come home. I'm so lonely today.",NO_SPAM
"What is this 'hex' place you talk of? Explain!",NO_SPAM
"Ü log off 4 wat. It's sdryb8i",NO_SPAM
"Is xy going 4 e lunch?",NO_SPAM
"Hi I'm sue. I am 20 years old and work as a lapdancer. I love sex. Text me live - I'm i my bedroom now. text SUE to 89555. By TextOperator G2 1DA 150ppmsg 18+",SPAM
"I wanted to ask ü to wait 4 me to finish lect. Cos my lect finishes in an hour anyway.",NO_SPAM
"Have you finished work yet? :)",NO_SPAM
"Every King Was Once A Crying Baby And Every Great Building Was Once A Map.. Not Imprtant Where U r TODAY, BUT Where U Wil Reach TOMORW. Gud ni8",NO_SPAM
"Dear,Me at cherthala.in case u r coming cochin pls call bfore u start.i shall also reach accordingly.or tell me which day u r coming.tmorow i am engaged ans its holiday.",NO_SPAM
"Thanks love. But am i doing torch or bold.",NO_SPAM
"<Forwarded from 448712404000>Please CALL 08712404000 immediately as there is an urgent message waiting for you.",SPAM
"Was the farm open?",NO_SPAM
"Sorry to trouble u again. Can buy 4d for my dad again? 1405, 1680, 1843. All 2 big 1 small, sat n sun. Thanx.",NO_SPAM
"My sister in law, hope you are having a great month. Just saying hey. Abiola",NO_SPAM
"Will purchase d stuff today and mail to you. Do you have a po box number?",NO_SPAM
"Ah poop. Looks like ill prob have to send in my laptop to get fixed cuz it has a gpu problem",NO_SPAM
"Good. Good job. I like entrepreneurs",NO_SPAM
"Aight, you close by or still down around alex's place?",NO_SPAM
"meet you in corporation st outside gap … you can see how my mind is working!",NO_SPAM
"Mum ask ü to buy food home...",NO_SPAM
"K..u also dont msg or reply to his msg..",NO_SPAM
"How much r ü willing to pay?",NO_SPAM
"Sorry, I'll call later",NO_SPAM
"What is important is that you prevent dehydration by giving her enough fluids",NO_SPAM
"Thats a bit weird, even ?- where is the do supposed to be happening? But good idea, sure they will be in pub!",NO_SPAM
"True dear..i sat to pray evening and felt so.so i sms'd you in some time...",NO_SPAM
"I don't think I can get away for a trek that long with family in town, sorry",NO_SPAM
"So when do you wanna gym harri",NO_SPAM
"Quite late lar... Ard 12 anyway i wun b drivin...",NO_SPAM
"To review and KEEP the fantastic Nokia N-Gage game deck with Club Nokia, go 2 www.cnupdates.com/newsletter. unsubscribe from alerts reply with the word OUT",SPAM
"4mths half price Orange line rental & latest camera phones 4 FREE. Had your phone 11mths+? Call MobilesDirect free on 08000938767 to update now! or2stoptxt T&Cs",SPAM
"Height of Confidence: All the Aeronautics professors wer calld &amp; they wer askd 2 sit in an aeroplane. Aftr they sat they wer told dat the plane ws made by their students. Dey all hurried out of d plane.. Bt only 1 didnt move... He said:"if it is made by my students,this wont even start........ Datz confidence..",NO_SPAM
"It just seems like weird timing that the night that all you and g want is for me to come smoke is the same day as when a shitstorm is attributed to me always coming over and making everyone smoke",NO_SPAM
"08714712388 between 10am-7pm Cost 10p",SPAM
"Save yourself the stress. If the person has a dorm account, just send your account details and the money will be sent to you.",NO_SPAM
"He also knows about lunch menu only da. . I know",NO_SPAM
"When i have stuff to sell i.ll tell you",NO_SPAM
"+449071512431 URGENT! This is the 2nd attempt to contact U!U have WON £1250 CALL 09071512433 b4 050703 T&CsBCM4235WC1N3XX. callcost 150ppm mobilesvary. max£7. 50",SPAM
"Book which lesson? then you msg me... I will call up after work or sth... I'm going to get specs. My membership is PX3748",NO_SPAM
"You have WON a guaranteed £1000 cash or a £2000 prize. To claim yr prize call our customer service representative on 08714712394 between 10am-7pm",SPAM
"Macha dont feel upset.i can assume your mindset.believe me one evening with me and i have some wonderful plans for both of us.LET LIFE BEGIN AGAIN.call me anytime",NO_SPAM
"Oh is it? Send me the address",NO_SPAM
"S'fine. Anytime. All the best with it.",NO_SPAM
"That is wondar full flim.",NO_SPAM
"Ya even those cookies have jelly on them",NO_SPAM
"The world is running and i am still.maybe all are feeling the same,so be it.or i have to admit,i am mad.then where is the correction?or let me call this is life.and keep running with the world,may be u r also running.lets run.",NO_SPAM
"Got it! It looks scrumptious... daddy wants to eat you all night long!",NO_SPAM
"Of cos can lar i'm not so ba dao ok... 1 pm lor... Y u never ask where we go ah... I said u would ask on fri but he said u will ask today...",NO_SPAM
"Alright omw, gotta change my order to a half8th",NO_SPAM
"Exactly. Anyways how far. Is jide her to study or just visiting",NO_SPAM
"Dunno y u ask me.",NO_SPAM
"Email AlertFrom: Jeri StewartSize: 2KBSubject: Low-cost prescripiton drvgsTo listen to email call 123",SPAM
"No he didn't. Spring is coming early yay!",NO_SPAM
"Lol you won't feel bad when I use her money to take you out to a steak dinner =D",NO_SPAM
"Even u dont get in trouble while convincing..just tel him once or twice and just tel neglect his msgs dont c and read it..just dont reply",NO_SPAM
"Leaving to qatar tonite in search of an opportunity.all went fast.pls add me in ur prayers dear.Rakhesh",NO_SPAM
"Then why no one talking to me",NO_SPAM
"Thanks for looking out for me. I really appreciate.",NO_SPAM
"Hi. Customer Loyalty Offer:The NEW Nokia6650 Mobile from ONLY £10 at TXTAUCTION! Txt word: START to No: 81151 & get yours Now! 4T&Ctxt TC 150p/MTmsg",SPAM
"Wish i were with you now!",NO_SPAM
"Haha mayb u're rite... U know me well. Da feeling of being liked by someone is gd lor. U faster go find one then all gals in our group attached liao.",NO_SPAM
"Yes i will be there. Glad you made it.",NO_SPAM
"Do well :)all will for little time. Thing of good times ahead:",NO_SPAM
"Just got up. have to be out of the room very soon. …. i hadn't put the clocks back til at 8 i shouted at everyone to get up and then realised it was 7. wahay. another hour in bed.",NO_SPAM
"Ok. There may be a free gym about.",NO_SPAM
"Men like shorter ladies. Gaze up into his eyes.",NO_SPAM
"Dunno he jus say go lido. Same time 930.",NO_SPAM
"I promise to take good care of you, princess. I have to run now. Please send pics when you get a chance. Ttyl!",NO_SPAM
"U are subscribed to the best Mobile Content Service in the UK for £3 per 10 days until you send STOP to 82324. Helpline 08706091795",SPAM
"Is there a reason we've not spoken this year? Anyways have a great week and all the best in your exam",NO_SPAM
"By monday next week. Give me the full gist",NO_SPAM
"Do you realize that in about 40 years, we'll have thousands of old ladies running around with tattoos?",SPAM
"You have an important customer service announcement from PREMIER.",SPAM
"Dont gimme that lip caveboy",NO_SPAM
"When did you get to the library",NO_SPAM
"Realy sorry-i don't recognise this number and am now confused :) who r u please?! ",NO_SPAM
"So why didnt you holla?",NO_SPAM
"Cant think of anyone with * spare room off * top of my head",NO_SPAM
"Faith makes things possible,Hope makes things work,Love makes things beautiful,May you have all three this Christmas!Merry Christmas!",NO_SPAM
"U should have made an appointment",NO_SPAM
"Call me when you/carlos is/are here, my phone's vibrate is acting up and I might not hear texts",NO_SPAM
"Romantic Paris. 2 nights, 2 flights from £79 Book now 4 next year. Call 08704439680Ts&Cs apply.",SPAM
"We are at grandmas. Oh dear, u still ill? I felt Shit this morning but i think i am just hungover! Another night then. We leave on sat.",NO_SPAM
"Urgent Ur £500 guaranteed award is still unclaimed! Call 09066368327 NOW closingdate04/09/02 claimcode M39M51 £1.50pmmorefrommobile2Bremoved-MobyPOBox734LS27YF",SPAM
"Nothing but we jus tot u would ask cos u ba gua... But we went mt faber yest... Yest jus went out already mah so today not going out... Jus call lor...",NO_SPAM
"Wishing you and your family Merry "X" mas and HAPPY NEW Year in advance..",NO_SPAM
"UR awarded a City Break and could WIN a £200 Summer Shopping spree every WK. Txt STORE to 88039 . SkilGme. TsCs087147403231Winawk!Age16 £1.50perWKsub",SPAM
"I'm nt goin, got somethin on, unless they meetin 4 dinner lor... Haha, i wonder who will go tis time...",NO_SPAM
"Sorry, I'll call later",NO_SPAM
"I cant pick the phone right now. Pls send a message",NO_SPAM
"Lol I know! They're so dramatic. Schools already closed for tomorrow. Apparently we can't drive in the inch of snow were supposed to get.",NO_SPAM
"Not getting anywhere with this damn job hunting over here!",NO_SPAM
"Lol! U drunkard! Just doing my hair at d moment. Yeah still up 4 tonight. Wats the plan? ",NO_SPAM
"idc get over here, you are not weaseling your way out of this shit twice in a row",NO_SPAM
"I wil be there with in  &lt;#&gt;  minutes. Got any space",NO_SPAM
"Just sleeping..and surfing",NO_SPAM
"Thanks for picking up the trash.",NO_SPAM
"Why don't you go tell your friend you're not sure you want to live with him because he smokes too much then spend hours begging him to come smoke",NO_SPAM
""Hi its Kate it was lovely to see you tonight and ill phone you tomorrow. I got to sing and a guy gave me his card! xxx"",NO_SPAM
"Happy New year my dear brother. I really do miss you. Just got your number and decided to send you this text wishing you only happiness. Abiola",NO_SPAM
"That means get the door",NO_SPAM
"Your opinion about me? 1. Over 2. Jada 3. Kusruthi 4. Lovable 5. Silent 6. Spl character 7. Not matured 8. Stylish 9. Simple Pls reply..",NO_SPAM
"Hmmm ... I thought we said 2 hours slave, not 3 ... You are late ... How should I punish you ?",NO_SPAM
"Beerage?",NO_SPAM
"You have an important customer service announcement from PREMIER. Call FREEPHONE 0800 542 0578 now!",SPAM
"Dont think so. It turns off like randomlly within 5min of opening",NO_SPAM
"She was supposed to be but couldn't make it, she's still in town though",NO_SPAM
"It does it on its own. Most of the time it fixes my spelling. But sometimes it gets a completely diff word. Go figure",NO_SPAM
"Ever thought about living a good life with a perfect partner? Just txt back NAME and AGE to join the mobile community. (100p/SMS)",SPAM
"5 Free Top Polyphonic Tones call 087018728737, National Rate. Get a toppoly tune sent every week, just text SUBPOLY to 81618, £3 per pole. UnSub 08718727870.",SPAM
"Gud mrng dear hav a nice day",NO_SPAM
"This is hoping you enjoyed your game yesterday. Sorry i've not been in touch but pls know that you are fondly bein thot off. Have a great week. Abiola",NO_SPAM
"All e best 4 ur driving tmr :-)",NO_SPAM
"Y?WHERE U AT DOGBREATH? ITS JUST SOUNDING LIKE JAN C THATS AL!!!!!!!!!",NO_SPAM
"Omg I want to scream. I weighed myself and I lost more weight! Woohoo!",NO_SPAM
"There generally isn't one. It's an uncountable noun - u in the dictionary. pieces of research?",NO_SPAM
"it's really getting me down just hanging around.",NO_SPAM
"Orange customer, you may now claim your FREE CAMERA PHONE upgrade for your loyalty. Call now on 0207 153 9996. Offer ends 14thMarch. T&C's apply. Opt-out availa",SPAM
""Petey boy whereare you me and all your friendsare in theKingshead come down if you canlove Nic"",NO_SPAM
"Ok i msg u b4 i leave my house.",NO_SPAM
""Gimme a few" was  &lt;#&gt;  minutes ago",NO_SPAM
"Last Chance! Claim ur £150 worth of discount vouchers today! Text SHOP to 85023 now! SavaMob, offers mobile! T Cs SavaMob POBOX84, M263UZ. £3.00 Sub. 16",SPAM
"Appt is at &lt;TIME&gt; am. Not my fault u don't listen. I told u twice",NO_SPAM
"FREE for 1st week! No1 Nokia tone 4 ur mobile every week just txt NOKIA to 8077 Get txting and tell ur mates. www.getzed.co.uk POBox 36504 W45WQ 16+ norm150p/tone",SPAM
"You have won a guaranteed £200 award or even £1000 cashto claim UR award call free on 08000407165 (18+) 2 stop getstop on 88222 PHP. RG21 4JX",SPAM
"K I'll be there before 4.",NO_SPAM
"I dled 3d its very imp",NO_SPAM
"sure, but make sure he knows we ain't smokin yet",NO_SPAM
"Boooo you always work. Just quit.",NO_SPAM
"I am taking half day leave bec i am not well",NO_SPAM
"Ugh I don't wanna get out of bed. It's so warm.",NO_SPAM
"S:)s.nervous  &lt;#&gt; :)",NO_SPAM
"So there's a ring that comes with the guys costumes. It's there so they can gift their future yowifes. Hint hint",NO_SPAM
"Congratulations ur awarded either £500 of CD gift vouchers & Free entry 2 our £100 weekly draw txt MUSIC to 87066 TnCs www.Ldew.com1win150ppmx3age16",SPAM
"I borrow ur bag ok.",NO_SPAM
"U were outbid by simonwatson5120 on the Shinco DVD Plyr. 2 bid again, visit sms. ac/smsrewards 2 end bid notifications, reply END OUT",SPAM
"Where's my boytoy? I miss you ... What happened?",NO_SPAM
"He has lots of used ones babe, but the model doesn't help. Youi have to bring it over and he'll match it up",NO_SPAM
"Also are you bringing galileo or dobby",NO_SPAM
"Then why you not responding",NO_SPAM
""BOO BABE! U ENJOYIN YOURJOB? U SEEMED 2 B GETTIN ON WELL HUNNY!HOPE URE OK?TAKE CARE & ILLSPEAK 2U SOONLOTS OF LOVEME XXXX."",NO_SPAM
"Good afternoon starshine! How's my boytoy? Does he crave me yet? Ache to fuck me ? *sips cappuccino* I miss you babe *teasing kiss*",NO_SPAM
"On the road so cant txt",NO_SPAM
"SMSSERVICES. for yourinclusive text credits, pls goto www.comuk.net login= 3qxj9 unsubscribe with STOP, no extra charge. help 08702840625.COMUK. 220-CM2 9AE",SPAM
"25p 4 alfie Moon's Children in need song on ur mob. Tell ur m8s. Txt Tone charity to 8007 for Nokias or Poly charity for polys: zed 08701417012 profit 2 charity.",SPAM
"Have a good evening! Ttyl",NO_SPAM
"Hmm .. Bits and pieces lol ... *sighs* ...",NO_SPAM
"Hahaha..use your brain dear",NO_SPAM
"Hey. You got any mail?",NO_SPAM
"Sorry light turned green, I meant another friend wanted  &lt;#&gt;  worth but he may not be around",NO_SPAM
"Thanks for yesterday sir. You have been wonderful. Hope you enjoyed the burial. MojiBiola",NO_SPAM
"U have a secret admirer. REVEAL who thinks U R So special. Call 09065174042. To opt out Reply REVEAL STOP. 1.50 per msg recd. Cust care 07821230901",SPAM
"Hi mate its RV did u hav a nice hol just a message 3 say hello coz havent sent u 1 in ages started driving so stay off roads!RVx",NO_SPAM
"Dear Voucher Holder, To claim this weeks offer, at you PC please go to http://www.e-tlp.co.uk/expressoffer Ts&Cs apply. To stop texts, txt STOP to 80062",SPAM
"Thank you so much. When we skyped wit kz and sura, we didnt get the pleasure of your company. Hope you are good. We've given you ultimatum oh! We are countin down to aburo. Enjoy! This is the message i sent days ago",NO_SPAM
"Surely result will offer:)",NO_SPAM
"Good Morning my Dear........... Have a great &amp; successful day.",NO_SPAM
"Do you want 750 anytime any network mins 150 text and a NEW VIDEO phone for only five pounds per week call 08002888812 or reply for delivery tomorrow",SPAM
"Sir, I have been late in paying rent for the past few months and had to pay a $ &lt;#&gt;  charge. I felt it would be inconsiderate of me to nag about something you give at great cost to yourself and that's why i didnt speak up. I however am in a recession and wont be able to pay the charge this month hence my askin well ahead of month's end. Can you please help. Thanks",NO_SPAM
"We tried to contact you re our offer of New Video Phone 750 anytime any network mins HALF PRICE Rental camcorder call 08000930705 or reply for delivery Wed",SPAM
"Last chance 2 claim ur £150 worth of discount vouchers-Text YES to 85023 now!SavaMob-member offers mobile T Cs 08717898035. £3.00 Sub. 16 . Remove txt X or STOP",SPAM
"I luv u soo much u dont understand how special u r 2 me ring u 2morrow luv u xxx",NO_SPAM
"Pls send me a comprehensive mail about who i'm paying, when and how much.",NO_SPAM
"Our Prashanthettan's mother passed away last night. pray for her and family.",NO_SPAM
"Urgent! call 09066350750 from your landline. Your complimentary 4* Ibiza Holiday or 10,000 cash await collection SAE T&Cs PO BOX 434 SK3 8WP 150 ppm 18+ ",SPAM
"K.k:)when are you going?",NO_SPAM
"Meanwhile in the shit suite: xavier decided to give us  &lt;#&gt;  seconds of warning that samantha was coming over and is playing jay's guitar to impress her or some shit. Also I don't think doug realizes I don't live here anymore",NO_SPAM
"My stomach has been thru so much trauma I swear I just can't eat. I better lose weight.",NO_SPAM
"I am in office:)whats the matter..msg me now.i will call you at break:).",NO_SPAM
"Yeah there's barely enough room for the two of us, x has too many fucking shoes. Sorry man, see you later",NO_SPAM
"Today's Offer! Claim ur £150 worth of discount vouchers! Text YES to 85023 now! SavaMob, member offers mobile! T Cs 08717898035. £3.00 Sub. 16 . Unsub reply X",SPAM
"U reach orchard already? U wan 2 go buy tickets first?",NO_SPAM
"I am real, baby! I want to bring out your inner tigress...",NO_SPAM
"No da if you run that it activate the full version da.",NO_SPAM
""AH POOR BABY!HOPE URFEELING BETTERSN LUV! PROBTHAT OVERDOSE OF WORK HEY GO CAREFUL SPK 2 U SN LOTS OF LOVEJEN XXX."",NO_SPAM
"Stop the story. I've told him i've returned it and he's saying i should not re order it.",NO_SPAM
"Talk sexy!! Make new friends or fall in love in the worlds most discreet text dating service. Just text VIP to 83110 and see who you could meet.",SPAM
"Going to take your babe out ?",NO_SPAM
"Hai ana tomarrow am coming on morning.  &lt;DECIMAL&gt;  ill be there in sathy then we ll go to RTO office. Reply me after came to home.",NO_SPAM
"Spoons it is then okay?",NO_SPAM
"Did he just say somebody is named tampa",NO_SPAM
"In work now. Going have in few min.",NO_SPAM
"Your brother is a genius",NO_SPAM
"Sorry, I guess whenever I can get a hold of my connections, maybe an hour or two? I'll text you",NO_SPAM
"Did u find out what time the bus is at coz i need to sort some stuff out.",NO_SPAM
"Dude ive been seeing a lotta corvettes lately",NO_SPAM
"Congratulations ur awarded either a yrs supply of CDs from Virgin Records or a Mystery Gift GUARANTEED Call 09061104283 Ts&Cs www.smsco.net £1.50pm approx 3mins",SPAM
"Same here, but I consider walls and bunkers and shit important just because I never play on peaceful but I guess your place is high enough that it don't matter",NO_SPAM
"PRIVATE! Your 2003 Account Statement for 07808 XXXXXX shows 800 un-redeemed S. I. M. points. Call 08719899217 Identifier Code: 41685 Expires 07/11/04",SPAM
"Hello. We need some posh birds and chaps to user trial prods for champneys. Can i put you down? I need your address and dob asap. Ta r",SPAM
"What do U want for Xmas? How about 100 free text messages & a new video phone with half price line rental? Call free now on 0800 0721072 to find out more!",SPAM
"Well am officially in a philosophical hole, so if u wanna call am at home ready to be saved!",NO_SPAM
"Its going good...no problem..but still need little experience to understand american customer voice...",NO_SPAM
"I'll text you when I drop x off",NO_SPAM
"Ugh its been a long day. I'm exhausted. Just want to cuddle up and take a nap",NO_SPAM
"Talk With Yourself Atleast Once In A Day...!!! Otherwise You Will Miss Your Best FRIEND In This WORLD...!!! -Shakespeare- SHESIL  &lt;#&gt;",NO_SPAM
"Shop till u Drop, IS IT YOU, either 10K, 5K, £500 Cash or £100 Travel voucher, Call now, 09064011000. NTT PO Box CR01327BT fixedline Cost 150ppm mobile vary",SPAM
"Are you in castor? You need to see something",NO_SPAM
"Sunshine Quiz Wkly Q! Win a top Sony DVD player if u know which country Liverpool played in mid week? Txt ansr to 82277. £1.50 SP:Tyrone",SPAM
"U have a secret admirer who is looking 2 make contact with U-find out who they R*reveal who thinks UR so special-call on 09058094565",SPAM
"U have a Secret Admirer who is looking 2 make contact with U-find out who they R*reveal who thinks UR so special-call on 09065171142-stopsms-08",SPAM
"Reminder: You have not downloaded the content you have already paid for. Goto http://doit. mymoby. tv/ to collect your content.",SPAM
"see, i knew giving you a break a few times woul lead to you always wanting to miss curfew. I was gonna gibe you 'til one, but a MIDNIGHT movie is not gonna get out til after 2. You need to come home. You need to getsleep and, if anything, you need to b studdying ear training.",NO_SPAM
"I love to give massages. I use lots of baby oil... What is your fave position?",NO_SPAM
"Dude we should go sup again",NO_SPAM
"Yoyyooo u know how to change permissions for a drive in mac. My usb flash drive",NO_SPAM
"Gibbs unsold.mike hussey",NO_SPAM
"I like to talk pa but am not able to. I dont know y.",NO_SPAM
"Y dun cut too short leh. U dun like ah? She failed. She's quite sad.",NO_SPAM
"You unbelievable faglord",NO_SPAM
"Wife.how she knew the time of murder exactly",NO_SPAM
"Why do you ask princess?",NO_SPAM
"I am great princess! What are you thinking about me? :)",NO_SPAM
"Nutter. Cutter. Ctter. Cttergg. Cttargg. Ctargg. Ctagg. ie you",NO_SPAM
"It's ok i noe u're busy but i'm really too bored so i msg u. I oso dunno wat colour she choose 4 me one.",NO_SPAM
"Doesn't g have class early tomorrow and thus shouldn't be trying to smoke at  &lt;#&gt;",NO_SPAM
"Superb Thought- "Be grateful that u dont have everything u want. That means u still have an opportunity to be happier tomorrow than u are today.":-)",NO_SPAM
"Hope you are having a good week. Just checking in",NO_SPAM
"I'm used to it. I just hope my agents don't drop me since i've only booked a few things this year. This whole me in boston, them in nyc was an experiment.",NO_SPAM
"Thursday night? Yeah, sure thing, we'll work it out then",NO_SPAM
"Your free ringtone is waiting to be collected. Simply text the password "MIX" to 85069 to verify. Get Usher and Britney. FML, PO Box 5249, MK17 92H. 450Ppw 16",SPAM
"Probably money worries. Things are coming due and i have several outstanding invoices for work i did two and three months ago.",NO_SPAM
"How is it possible to teach you. And where.",NO_SPAM
"I wonder if your phone battery went dead ? I had to tell you, I love you babe",NO_SPAM
"Lovely smell on this bus and it ain't tobacco... ",NO_SPAM
"We're all getting worried over here, derek and taylor have already assumed the worst",NO_SPAM
"Hey what's up charles sorry about the late reply.",NO_SPAM
"all the lastest from Stereophonics, Marley, Dizzee Racal, Libertines and The Strokes! Win Nookii games with Flirt!! Click TheMob WAP Bookmark or text WAP to 82468",SPAM
"I.ll give her once i have it. Plus she said grinule greet you whenever we speak",NO_SPAM
"WHITE FUDGE OREOS ARE IN STORES",NO_SPAM
"January Male Sale! Hot Gay chat now cheaper, call 08709222922. National rate from 1.5p/min cheap to 7.8p/min peak! To stop texts call 08712460324 (10p/min)",SPAM
"My love ! How come it took you so long to leave for Zaher's? I got your words on ym and was happy to see them but was sad you had left. I miss you",NO_SPAM
"I am sorry it hurt you.",NO_SPAM
"Can't. I feel nauseous. I'm so pissed. I didn't eat any sweets all week cause today I was planning to pig out. I was dieting all week. And now I'm not hungry :/",NO_SPAM
"Ok lor but not too early. Me still having project meeting now.",NO_SPAM
"Call me da, i am waiting for your call.",NO_SPAM
"I could ask carlos if we could get more if anybody else can chip in",NO_SPAM
"Was actually about to send you a reminder today. Have a wonderful weekend",NO_SPAM
"When people see my msgs, They think Iam addicted to msging... They are wrong, Bcoz They don\'t know that Iam addicted to my sweet Friends..!! BSLVYL",NO_SPAM
"Hey you gave them your photo when you registered for driving ah? Tmr wanna meet at yck? ",NO_SPAM
"Dont talk to him ever ok its my word.",NO_SPAM
"When u wana see it then",NO_SPAM
"On ma way to school. Can you pls send me ashley's number",NO_SPAM
"It shall be fine. I have avalarr now. Will hollalater",NO_SPAM
"She went to attend another two rounds today..but still did't reach home..",NO_SPAM
"Actually i deleted my old website..now i m blogging at magicalsongs.blogspot.com",NO_SPAM
"K, wait chikku..il send aftr  &lt;#&gt; mins",NO_SPAM
"But I'm on a diet. And I ate 1 too many slices of pizza yesterday. Ugh I'm ALWAYS on a diet.",NO_SPAM
"K:)i will give my kvb acc details:)",NO_SPAM
"Oh all have to come ah?",NO_SPAM
"money!!! you r a lucky winner ! 2 claim your prize text money 2 88600 over £1million to give away ! ppt150x3+normal text rate box403 w1t1jy",SPAM
"I'm really sorry i won't b able 2 do this friday.hope u can find an alternative.hope yr term's going ok:-)",NO_SPAM
"Congratulations ore mo owo re wa. Enjoy it and i wish you many happy moments to and fro wherever you go",NO_SPAM
"So do you have samus shoulders yet",NO_SPAM
"What time you think you'll have it? Need to know when I should be near campus",NO_SPAM
"Dear Matthew please call 09063440451 from a landline, your complimentary 4*Lux Tenerife holiday or £1000 CASH await collection. ppm150 SAE T&Cs Box334 SK38XH.",SPAM
"Then dun wear jeans lor...",NO_SPAM
"Since when, which side, any fever, any vomitin.",NO_SPAM
"K:)k.are you in college?",NO_SPAM
"Urgent! call 09061749602 from Landline. Your complimentary 4* Tenerife Holiday or £10,000 cash await collection SAE T&Cs BOX 528 HP20 1YF 150ppm 18+",SPAM
"Better. Made up for Friday and stuffed myself like a pig yesterday. Now I feel bleh. But at least its not writhing pain kind of bleh.",NO_SPAM
"No we sell it all so we'll have tons if coins. Then sell our coins to someone thru paypal. Voila! Money back in life pockets:)",NO_SPAM
"Theyre doing it to lots of places. Only hospitals and medical places are safe.",NO_SPAM
"How about getting in touch with folks waiting for company? Just txt back your NAME and AGE to opt in! Enjoy the community (150p/SMS)",SPAM
"And also I've sorta blown him off a couple times recently so id rather not text him out of the blue looking for weed",NO_SPAM
"I sent my scores to sophas and i had to do secondary application for a few schools. I think if you are thinking of applying, do a research on cost also. Contact joke ogunrinde, her school is one me the less expensive ones",NO_SPAM
"I cant wait to see you! How were the photos were useful? :)",NO_SPAM
"Ur cash-balance is currently 500 pounds - to maximize ur cash-in now send GO to 86688 only 150p/msg. CC: 08718720201 PO BOX 114/14 TCR/W1",SPAM
"Hey i booked the kb on sat already... what other lessons are we going for ah? Keep your sat night free we need to meet and confirm our lodging ",NO_SPAM
"Chk in ur belovd ms dict",NO_SPAM
"Is that what time you want me to come?",NO_SPAM
"Awesome, lemme know whenever you're around",NO_SPAM
"Shb b ok lor... Thanx...",NO_SPAM
"Beautiful Truth against Gravity.. Read carefully: "Our heart feels light when someone is in it.. But it feels very heavy when someone leaves it.." GOOD NIGHT",NO_SPAM
"Also remember to get dobby's bowl from your car",NO_SPAM
"Filthy stories and GIRLS waiting for your",SPAM
"Sorry i now then c ur msg... Yar lor so poor thing... But only 4 one night... Tmr u'll have a brand new room 2 sleep in...",NO_SPAM
"Love isn't a decision, it's a feeling. If we could decide who to love, then, life would be much simpler, but then less magical",NO_SPAM
"Welp apparently he retired",NO_SPAM
"My sort code is  and acc no is . The bank is natwest. Can you reply to confirm i've sent this to the right person!",NO_SPAM
"Where @",NO_SPAM
"U sure u can't take any sick time?",NO_SPAM
"URGENT! We are trying to contact U. Todays draw shows that you have won a £800 prize GUARANTEED. Call 09050001808 from land line. Claim M95. Valid12hrs only",SPAM
"Watching cartoon, listening music &amp; at eve had to go temple &amp; church.. What about u?",NO_SPAM
"Yo chad which gymnastics class do you wanna take? The site says Christians class is full..",NO_SPAM
"Are you this much buzy",NO_SPAM
"Or better still can you catch her and let ask her if she can sell  &lt;#&gt;  for me.",NO_SPAM
"I am not sure about night menu. . . I know only about noon menu",NO_SPAM
"What do u want when i come back?.a beautiful necklace as a token of my heart for you.thats what i will give but ONLY to MY WIFE OF MY LIKING.BE THAT AND SEE..NO ONE can give you that.dont call me.i will wait till i come.",NO_SPAM
"Are you willing to go for aptitude class.",NO_SPAM
"It wont b until 2.15 as trying 2 sort house out, is that ok?",NO_SPAM
"Yar lor he wan 2 go c horse racing today mah, so eat earlier lor. I ate chicken rice. U?",NO_SPAM
"Haha awesome, omw back now then",NO_SPAM
"Yup i thk so until e shop closes lor.",NO_SPAM
"what is your account number?",NO_SPAM
"Eh u send wrongly lar...",NO_SPAM
"Hey no I ad a crap nite was borin without ya 2 boggy with me u boring biatch! Thanx but u wait til nxt time il ave ya ",NO_SPAM
"Ok i shall talk to him",NO_SPAM
"Dont hesitate. You know this is the second time she has had weakness like that. So keep i notebook of what she eat and did the day before or if anything changed the day before so that we can be sure its nothing",NO_SPAM
"Hey you can pay. With salary de. Only  &lt;#&gt; .",NO_SPAM
"Another month. I need chocolate weed and alcohol.",NO_SPAM
"If he started searching he will get job in few days.he have great potential and talent.",NO_SPAM
"Reckon need to be in town by eightish to walk from * carpark.",NO_SPAM
"Congrats! 2 mobile 3G Videophones R yours. call 09063458130 now! videochat wid your mates, play java games, Dload polyPH music, noline rentl.",SPAM
"LOOK AT THE FUCKIN TIME. WHAT THE FUCK YOU THINK IS UP",NO_SPAM
"Yo guess what I just dropped",NO_SPAM
"Carlos says he'll be at mu in  &lt;#&gt;  minutes",NO_SPAM
"I'm in office now . I will call you  &lt;#&gt;  min:)",NO_SPAM
"Geeee ... I miss you already, you know ? Your all I can think about. Fuck, I can't wait till next year when we will be together ... *loving kiss*",NO_SPAM
"Yun ah.the ubi one say if ü wan call by tomorrow.call 67441233 look for irene.ere only got bus8,22,65,61,66,382. Ubi cres,ubi tech park.6ph for 1st 5wkg days.èn",NO_SPAM
"Ugh. Gotta drive back to sd from la. My butt is sore.",NO_SPAM
"26th OF JULY",NO_SPAM
"Hi im having the most relaxing time ever! we have to get up at 7am every day! was the party good the other night? I get home tomorrow at 5ish.",NO_SPAM
"Up to ü... Ü wan come then come lor... But i din c any stripes skirt...",NO_SPAM
"The Xmas story is peace.. The Xmas msg is love.. The Xmas miracle is jesus.. Hav a blessed month ahead &amp; wish U Merry Xmas...",NO_SPAM
"I can't, I don't have her number!",NO_SPAM
"Change again... It's e one next to escalator...",NO_SPAM
"Yetunde i'm in class can you not run water on it to make it ok. Pls now.",NO_SPAM
"Not a lot has happened here. Feels very quiet. Beth is at her aunts and charlie is working lots. Just me and helen in at the mo. How have you been? ",NO_SPAM
"Then ü wait 4 me at bus stop aft ur lect lar. If i dun c ü then i go get my car then come back n pick ü.",NO_SPAM
"Aight will do, thanks again for comin out",NO_SPAM
"No..but heard abt tat..",NO_SPAM
"Please call our customer service representative on FREEPHONE 0808 145 4742 between 9am-11pm as you have WON a guaranteed £1000 cash or £5000 prize!",SPAM
"Yes..he is really great..bhaji told kallis best cricketer after sachin in world:).very tough to get out.",NO_SPAM
"&lt;#&gt;  am I think? Should say on syllabus",NO_SPAM
"Umma. Did she say anything",NO_SPAM
"Give me a sec to think think about it",NO_SPAM
"Panasonic & BluetoothHdset FREE. Nokia FREE. Motorola FREE & DoubleMins & DoubleTxt on Orange contract. Call MobileUpd8 on 08000839402 or call 2optout",SPAM
"I don't quite know what to do. I still can't get hold of anyone. I cud pick you up bout 7.30pm and we can see if they're in the pub?",NO_SPAM
"Poyyarikatur,kolathupalayam,unjalur post,erode dis, &lt;#&gt; .",NO_SPAM
"Dear Hero,i am leaving to qatar tonite for an apt opportunity.pls do keep in touch at  &lt;EMAIL&gt; ,kerala",NO_SPAM
"Lol I would but my mom would have a fit and tell the whole family how crazy and terrible I am",NO_SPAM
"I just got home babe, are you still awake ?",NO_SPAM
"I dunno they close oredi not... Ü v ma fan...",NO_SPAM
"Just buy a pizza. Meat lovers or supreme. U get to pick.",NO_SPAM
"Ya, told..she was asking wats matter?",NO_SPAM
"Dear,regret i cudnt pick call.drove down frm ctla now at cochin home.left mobile in car..ente style ishtamayoo?happy bakrid!",NO_SPAM
"FREE for 1st week! No1 Nokia tone 4 ur mob every week just txt NOKIA to 8007 Get txting and tell ur mates www.getzed.co.uk POBox 36504 W45WQ norm150p/tone 16+",SPAM
"Shall i send that exe to your mail id.",NO_SPAM
"Nope watching tv at home... Not going out. V bored...",NO_SPAM
"Don know..wait i will check it.",NO_SPAM
"Good afternoon on this glorious anniversary day, my sweet J !! I hope this finds you happy and content, my Prey. I think of you and send a teasing kiss from across the sea coaxing images of fond souveniers ... You Cougar-Pen",NO_SPAM
"Guess what! Somebody you know secretly fancies you! Wanna find out who it is? Give us a call on 09065394514 From Landline DATEBox1282EssexCM61XN 150p/min 18",SPAM
"We still on for tonight?",NO_SPAM
"May i call You later Pls",NO_SPAM
"Hasn't that been the pattern recently crap weekends?",NO_SPAM
"I have a sore throat. It's scratches when I talk",NO_SPAM
"Yes da. Any plm at ur office",NO_SPAM
"Are you not around or just still asleep? :V",NO_SPAM
"Lol you forgot it eh ? Yes, I'll bring it in babe",NO_SPAM
"Its good, we'll find a way",NO_SPAM
"Can not use foreign stamps in this country. Good lecture .",NO_SPAM
"Yup bathe liao...",NO_SPAM
"HAPPY NEW YEAR MY NO.1 MAN",NO_SPAM
"OH MR SHEFFIELD! You wanna play THAT game, okay. You're the boss and I'm the nanny. You give me a raise and I'll give YOU one!!",NO_SPAM
"ZOE IT JUST HIT ME 2 IM FUCKING SHITIN MYSELF IL DEFO TRY MY HARDEST 2 CUM 2MOROW LUV U MILLIONS LEKDOG",NO_SPAM
"Hello baby, did you get back to your mom's ? Are you setting up the computer now ? Filling your belly ? How goes it loverboy ? I miss you already ... *sighs*",NO_SPAM
"No my blankets are sufficient, thx",NO_SPAM
"naughty little thought: 'its better to flirt, flirt n flirt, rather than loving someone n gettin hurt, hurt n hurt...:-) Gud nyt",NO_SPAM
"Edison has rightly said, "A fool can ask more questions than a wise man can answer" Now you know why all of us are speechless during ViVa.. GM,GN,GE,GNT:-)",NO_SPAM
"They just talking thats it de. They wont any other.",NO_SPAM
"Today am going to college so am not able to atten the class.",NO_SPAM
"I'm in class. Will holla later",NO_SPAM
"Easy ah?sen got selected means its good..",NO_SPAM
"Mmm thats better now i got a roast down me! id b better if i had a few drinks down me 2! Good indian?",NO_SPAM
"We know someone who you know that fancies you. Call 09058097218 to find out who. POBox 6, LS15HB 150p",SPAM
"Come round, it's . ",NO_SPAM
"Do 1 thing! Change that sentence into: "Because i want 2 concentrate in my educational career im leaving here.."",NO_SPAM
"1000's flirting NOW! Txt GIRL or BLOKE & ur NAME & AGE, eg GIRL ZOE 18 to 8007 to join and get chatting!",SPAM
"I walked an hour 2 c u! doesnt that show I care y wont u believe im serious?",NO_SPAM
"18 days to Euro2004 kickoff! U will be kept informed of all the latest news and results daily. Unsubscribe send GET EURO STOP to 83222.",SPAM
"Are you available for soiree on June 3rd?",NO_SPAM
"Do u noe wat time e place dat sells 4d closes?",NO_SPAM
"I got another job! The one at the hospital doing data analysis or something, starts on monday! Not sure when my thesis will got finished",NO_SPAM
"Jay's getting really impatient and belligerent",NO_SPAM
"HIYA COMIN 2 BRISTOL 1 ST WEEK IN APRIL. LES GOT OFF + RUDI ON NEW YRS EVE BUT I WAS SNORING.THEY WERE DRUNK! U BAK AT COLLEGE YET? MY WORK SENDS INK 2 BATH.",NO_SPAM
"I'm at work. Please call",NO_SPAM
"Then u drive lor.",NO_SPAM
"Ard 515 like dat. Y?",NO_SPAM
"Tell me they're female :V how're you throwing in? We're deciding what all to get now",NO_SPAM
"EASTENDERS TV Quiz. What FLOWER does DOT compare herself to? D= VIOLET E= TULIP F= LILY txt D E or F to 84025 NOW 4 chance 2 WIN £100 Cash WKENT/150P16+",SPAM
"I'm working technical support :)voice process.networking field.",NO_SPAM
"I might come to kerala for 2 days.so you can be prepared to take a leave once i finalise .dont plan any travel during my visit.need to finish urgent works.",NO_SPAM
"Ok. Not sure what time tho as not sure if can get to library before class. Will try. See you at some point! Have good eve.",NO_SPAM
"We have new local dates in your area - Lots of new people registered in YOUR AREA. Reply DATE to start now! 18 only www.flirtparty.us REPLYS150",SPAM
"That's fine, I'll bitch at you about it later then",NO_SPAM
"No my mum went 2 dentist.",NO_SPAM
"Once free call me sir. I am waiting for you.",NO_SPAM
"Meeting u is my work. . . Tel me when shall i do my work tomorrow",NO_SPAM
"Someone U know has asked our dating service 2 contact you! Cant Guess who? CALL 09058091854 NOW all will be revealed. PO BOX385 M6 6WU",SPAM
"Jus finish bathing...",NO_SPAM
"alright, I'll make sure the car is back tonight",NO_SPAM
"URGENT! We are trying to contact U. Todays draw shows that you have won a £800 prize GUARANTEED. Call 09050003091 from land line. Claim C52. Valid12hrs only",SPAM
"Dear U've been invited to XCHAT. This is our final attempt to contact u! Txt CHAT to 86688",SPAM
"Lul im gettin some juicy gossip at the hospital. Two nurses are talking about how fat they are gettin. And one thinks shes obese. Oyea.",NO_SPAM
"Aight ill get on fb in a couple minutes",NO_SPAM
"Oi. Ami parchi na re. Kicchu kaaj korte iccha korche na. Phone ta tul na. Plz. Plz.",NO_SPAM
"Where can download clear movies. Dvd copies.",NO_SPAM
"Yep, by the pretty sculpture",NO_SPAM
"Convey my regards to him",NO_SPAM
"Me too watching surya movie only. . .after 6 pm vijay movie POKKIRI",NO_SPAM
"You tell what happen dont behave like this to me. Ok no need to say",NO_SPAM
"Can u get pic msgs to your phone?",NO_SPAM
"Send to someone else :-)",NO_SPAM
"Wat makes some people dearer is not just de happiness dat u feel when u meet them but de pain u feel when u miss dem!!!",NO_SPAM
"For me the love should start with attraction.i should feel that I need her every time around me.she should be the first thing which comes in my thoughts.I would start the day and end it with her.she should be there every time I dream.love will be then when my every breath has her name.my life should happen around her.my life will be named to her.I would cry for her.will give all my happiness and take all her sorrows.I will be ready to fight with anyone for her.I will be in love when I will be doing the craziest things for her.love will be when I don't have to proove anyone that my girl is the most beautiful lady on the whole planet.I will always be singing praises for her.love will be when I start up making chicken curry and end up makiing sambar.life will be the most beautiful then.will get every morning and thank god for the day because she is with me.I would like to say a lot..will tell later..",NO_SPAM
"FR'NDSHIP is like a needle of a clock. Though V r in d same clock, V r nt able 2 met. Evn if V meet,itz only 4few seconds. Bt V alwys stay conected. Gud 9t;-)",NO_SPAM
"I don't think he has spatula hands!",NO_SPAM
"You can never do NOTHING",NO_SPAM
"You are awarded a SiPix Digital Camera! call 09061221061 from landline. Delivery within 28days. T Cs Box177. M221BP. 2yr warranty. 150ppm. 16 . p p£3.99",SPAM
"Goodmorning today i am late for  &lt;DECIMAL&gt; min.",NO_SPAM
"WIN URGENT! Your mobile number has been awarded with a £2000 prize GUARANTEED call 09061790121 from land line. claim 3030 valid 12hrs only 150ppm ",SPAM
"Please da call me any mistake from my side sorry da. Pls da goto doctor.",NO_SPAM
"Where r we meeting?",NO_SPAM
"Well the weather in cali's great. But its complexities are great. You need a car to move freely, its taxes are outrageous. But all in all its a great place. The sad part is i missing home.",NO_SPAM
"Now only i reached home. . . I am very tired now. . I will come tomorro",NO_SPAM
"Ryder unsold.now gibbs.",NO_SPAM
"Dear Subscriber ur draw 4 £100 gift voucher will b entered on receipt of a correct ans. When was Elvis Presleys Birthday? TXT answer to 80062",SPAM
"Don't fret. I'll buy the ovulation test strips and send them to you. You wont get them til like march. Can you send me your postal address.u'll be alright.Okay.",NO_SPAM
"NO GIFTS!! You trying to get me to throw myself off a cliff or something?",NO_SPAM
"Been up to ne thing interesting. Did you have a good birthday? When are u wrking nxt? I started uni today.",NO_SPAM
"You busy or can I come by at some point and figure out what we're doing tomorrow",NO_SPAM
"Yeah go on then, bored and depressed sittin waitin for phone to ring... Hope the wind drops though, scary",NO_SPAM
"Black shirt n blue jeans... I thk i c ü...",NO_SPAM
"Aiyah sorry lor... I watch tv watch until i forgot 2 check my phone.",NO_SPAM
"Message Important information for O2 user. Today is your lucky day! 2 find out why log onto http://www.urawinner.com there is a fantastic surprise awaiting you",SPAM
"on hen night. Going with a swing",NO_SPAM
"Good afternoon, my love. How goes your day ? What are you up to ? I woke early and am online waiting for you ... Hmmm ... Italian boy is online I see . *grins*",NO_SPAM
"From someone not to smoke when every time I've smoked in the last two weeks is because of you calling or texting me that you wanted to smoke",NO_SPAM
"No you'll just get a headache trying to figure it out. U can trust me to do the math. I promise. O:-)",NO_SPAM
"S s..first time..dhoni rocks...",NO_SPAM
"Ok ill tell the company",NO_SPAM
"Awesome, think we can get an 8th at usf some time tonight?",NO_SPAM
"So that means you still think of teju",NO_SPAM
"No I'm good for the movie, is it ok if I leave in an hourish?",NO_SPAM
"No no:)this is kallis home ground.amla home town is durban:)",NO_SPAM
"So lets make it saturday or monday as per convenience.",NO_SPAM
"Hey... What time is your driving on fri? We go for evaluation on fri?",NO_SPAM
"449050000301 You have won a £2,000 price! To claim, call 09050000301.",SPAM
"I'm going 4 lunch now wif my family then aft dat i go str 2 orchard lor.",NO_SPAM
"Bored of speed dating? Try SPEEDCHAT, txt SPEEDCHAT to 80155, if you don't like em txt SWAP and get a new chatter! Chat80155 POBox36504W45WQ 150p/msg rcd 16",SPAM
"Cancel cheyyamo?and get some money back?",NO_SPAM
"Do you want 750 anytime any network mins 150 text and a NEW video phone for only five pounds per week call 08000776320 now or reply for delivery Tomorrow",SPAM
"Ok.ok ok..then..whats ur todays plan",NO_SPAM
"Good morning princess! How are you?",NO_SPAM
"Aiyar sorry lor forgot 2 tell u...",NO_SPAM
"For taking part in our mobile survey yesterday! You can now have 500 texts 2 use however you wish. 2 get txts just send TXT to 80160 T&C www.txt43.com 1.50p",SPAM
"Not tonight mate. Catching up on some sleep. This is my new number by the way. ",NO_SPAM
"Height of "Oh shit....!!" situation: A guy throws a luv letter on a gal but falls on her brothers head whos a gay,.;-):-D",NO_SPAM
"Ur HMV Quiz cash-balance is currently £500 - to maximize ur cash-in now send HMV1 to 86688 only 150p/msg",SPAM
"So check your errors and if you had difficulties, do correction.",NO_SPAM
"Howz pain?hope u r fine..",NO_SPAM
"Sorry, I'll call later",NO_SPAM
"Good morning princess! How are you?",NO_SPAM
"As I entered my cabin my PA said, '' Happy B'day Boss !!''. I felt special. She askd me 4 lunch. After lunch she invited me to her apartment. We went there.",NO_SPAM
"U wake up already? Thanx 4 e tau sar piah it's quite nice.",NO_SPAM
"K do I need a login or anything",NO_SPAM
"Dont forget you can place as many FREE Requests with 1stchoice.co.uk as you wish. For more Information call 08707808226.",SPAM
"LOL ... No just was busy",NO_SPAM
"What * u wearing?",NO_SPAM
"Message:some text missing* Sender:Name Missing* *Number Missing *Sent:Date missing *Missing U a lot thats y everything is missing sent via fullonsms.com",NO_SPAM
"Oh:)as usual vijay film or its different?",NO_SPAM
"I don't know u and u don't know me. Send CHAT to 86688 now and let's find each other! Only 150p/Msg rcvd. HG/Suite342/2Lands/Row/W1J6HL LDN. 18 years or over.",SPAM
"Have you had a good day? Mine was really busy are you up to much tomorrow night?",NO_SPAM
"And is there a way you can send shade's stuff to her. And she has been wonderful too.",NO_SPAM
"Really... I tot ur paper ended long ago... But wat u copied jus now got use? U happy lar... I still haf 2 study :-(",NO_SPAM
"Thank you, winner notified by sms. Good Luck! No future marketing reply STOP to 84122 customer services 08450542832",SPAM
"Babe ? I lost you ... :-(",NO_SPAM
"Ok... Help me ask if she's working tmr a not?",NO_SPAM
"I'm not driving... Raining! Then i'll get caught at e mrt station lor.",NO_SPAM
"Not a drop in the tank",NO_SPAM
"(That said can you text him one more time?)",NO_SPAM
"Sorry, I'll call later",NO_SPAM
"Ok i go change also...",NO_SPAM
"1000's of girls many local 2 u who r virgins 2 this & r ready 2 4fil ur every sexual need. Can u 4fil theirs? text CUTE to 69911(£1.50p. m)",SPAM
"Did u find a sitter for kaitlyn? I was sick and slept all day yesterday.",NO_SPAM
"Sorry man, accidentally left my phone on silent last night and didn't check it til I got up",NO_SPAM
"Hey.. Something came up last min.. Think i wun be signing up tmr.. Hee",NO_SPAM
"He's an adult and would learn from the experience. There's no real danger. I just dont like peeps using drugs they dont need. But no comment",NO_SPAM
"Hey! There's veggie pizza... :/",NO_SPAM
"Yun buying... But school got offer 2000 plus only...",NO_SPAM
"You sure your neighbors didnt pick it up",NO_SPAM
"K. I will sent it again",NO_SPAM
"Free entry in 2 a wkly comp to win FA Cup final tkts 21st May 2005. Text FA to 87121 to receive entry question(std txt rate)T&C's apply 08452810075over18's",SPAM
"New Theory: Argument wins d SITUATION, but loses the PERSON. So dont argue with ur friends just.. . . . kick them &amp; say, I'm always correct.!",NO_SPAM
"Well. Im computerless. Time to make some oreo truffles",NO_SPAM
"Haha yeah I see that now, be there in a sec",NO_SPAM
"I am not having her number sir",NO_SPAM
"Lol now I'm after that hot air balloon!",NO_SPAM
"Ok . . now i am in bus. . If i come soon i will come otherwise tomorrow",NO_SPAM
"Msgs r not time pass.They silently say that I am thinking of U right now and also making U think of me at least 4 a moment. Gd nt.swt drms @Shesil",NO_SPAM
"Yeah, we can probably swing by once my roommate finishes up with his girl",NO_SPAM
"Got what it takes 2 take part in the WRC Rally in Oz? U can with Lucozade Energy! Text RALLY LE to 61200 (25p), see packs or lucozade.co.uk/wrc & itcould be u!",SPAM
"Happy new years melody!",NO_SPAM
"Ü dun need to pick ur gf?",NO_SPAM
"Yay! You better not have told that to 5 other girls either.",NO_SPAM
"Horrible u eat macs eat until u forgot abt me already rite... U take so long 2 reply. I thk it's more toot than b4 so b prepared. Now wat shall i eat?",NO_SPAM
"Did he say how fantastic I am by any chance, or anything need a bigger life lift as losing the will 2 live, do you think I would be the first person 2 die from N V Q? ",NO_SPAM
"Just nw i came to hme da..",NO_SPAM
"I'm outside islands, head towards hard rock and you'll run into me",NO_SPAM
"To day class is there are no class.",NO_SPAM
"I'm in chennai velachery:)",NO_SPAM
"You flippin your shit yet?",NO_SPAM
"K give me a sec, breaking a  &lt;#&gt;  at cstore",NO_SPAM
"Am i that much bad to avoid like this?",NO_SPAM
"Yo, you around? Just got my car back",NO_SPAM
"Annoying isn't it.",NO_SPAM
"Goodmorning, Today i am late for  &lt;#&gt; min.",NO_SPAM
"There's no point hangin on to mr not right if he's not makin u happy",NO_SPAM
"All will come alive.better correct any good looking figure there itself..",NO_SPAM
"In that case I guess I'll see you at campus lodge",NO_SPAM
"We're done...",NO_SPAM
"Come to my home for one last time i wont do anything. Trust me.",NO_SPAM
"I was up all night too worrying about this appt. It's a shame we missed a girls night out with quizzes popcorn and you doing my hair.",NO_SPAM
"Sex up ur mobile with a FREE sexy pic of Jordan! Just text BABE to 88600. Then every wk get a sexy celeb! PocketBabe.co.uk 4 more pics. 16 £3/wk 087016248",SPAM
"Ok... C ya...",NO_SPAM
"You have 1 new voicemail. Please call 08719181503",SPAM
"What he said is not the matter. My mind saying some other matter is there.",NO_SPAM
"He also knows about lunch menu only da. . I know",NO_SPAM
"Al he does is moan at me if n e thin goes wrong its my fault&al de arguments r my fault&fed up of him of himso y bother? Hav 2go, thanx.xx",NO_SPAM
"NEFT Transaction with reference number  &lt;#&gt;  for Rs. &lt;DECIMAL&gt;  has been credited to the beneficiary account on  &lt;#&gt;  at  &lt;TIME&gt; : &lt;#&gt;",NO_SPAM
"Otherwise had part time job na-tuition..",NO_SPAM
"I know she called me",NO_SPAM
"Me also da, i feel yesterday night  wait til 2day night dear.",NO_SPAM
"Thanks for understanding. I've been trying to tell sura that.",NO_SPAM
"WIN a year supply of CDs 4 a store of ur choice worth £500 & enter our £100 Weekly draw txt MUSIC to 87066 Ts&Cs www.Ldew.com.subs16+1win150ppmx3",SPAM
"The whole car appreciated the last two! Dad and are having a map reading semi argument but apart from that things are going ok. P.",NO_SPAM
"As a SIM subscriber, you are selected to receive a Bonus! Get it delivered to your door, Txt the word OK to No: 88600 to claim. 150p/msg, EXP. 30Apr",SPAM
"I need you to be in my strong arms...",NO_SPAM
"Also maaaan are you missing out",NO_SPAM
"His bday real is in april .",NO_SPAM
"Guessin you ain't gonna be here before 9?",NO_SPAM
"Ok then i will come to ur home after half an hour",NO_SPAM
"Yo, the game almost over? Want to go to walmart soon",NO_SPAM
"Yeah, probably but not sure. Ilol let u know, but personally I wuldnt bother, then again if ur goin to then I mite as well!!",NO_SPAM
"I'll text now! All creepy like so he won't think that we forgot",NO_SPAM
"that would be good … I'll phone you tomo lunchtime, shall I, to organise something?",NO_SPAM
"You have 1 new voicemail. Please call 08719181513.",SPAM
"Damn, can you make it tonight or do you want to just wait til tomorrow",NO_SPAM
"K..k..i'm also fine:)when will you complete the course?",NO_SPAM
"True. It is passable. And if you get a high score and apply for phd, you get 5years of salary. So it makes life easier.",NO_SPAM
"No. 1 Nokia Tone 4 ur mob every week! Just txt NOK to 87021. 1st Tone FREE ! so get txtin now and tell ur friends. 150p/tone. 16 reply HL 4info",SPAM
"Prakesh is there know.",NO_SPAM
"Teach me apps da. When you come to college.",NO_SPAM
"Rofl betta invest in some  anti aging products",NO_SPAM
"You are a winner U have been specially selected 2 receive £1000 cash or a 4* holiday (flights inc) speak to a live operator 2 claim 0871277810810",SPAM
"sir, you will receive the account no another 1hr time. Sorry for the delay.",NO_SPAM
"Reply with your name and address and YOU WILL RECEIVE BY POST a weeks completely free accommodation at various global locations www.phb1.com ph:08700435505150p",SPAM
"So ü'll be submitting da project tmr rite?",NO_SPAM
"FREE entry into our £250 weekly comp just send the word ENTER to 84128 NOW. 18 T&C www.textcomp.com cust care 08712405020.",SPAM
"Jus ans me lar. U'll noe later.",NO_SPAM
"I want to send something that can sell fast.  &lt;#&gt; k is not easy money.",NO_SPAM
"have got * few things to do. may be in * pub later.",NO_SPAM
"1's finish meeting call me.",NO_SPAM
"Lol ok. I'll snatch her purse too.",NO_SPAM
""Hello-/@drivby-:0quit edrunk sorry iff pthis makes no senrd-dnot no how ^ dancce 2 drum n basq!ihave fun 2nhite x ros xxxxxxx"",NO_SPAM
"Your opinion about me? 1. Over 2. Jada 3. Kusruthi 4. Lovable 5. Silent 6. Spl character 7. Not matured 8. Stylish 9. Simple Pls reply..",NO_SPAM
"How much are we getting?",NO_SPAM
"Is ur paper in e morn or aft tmr?",NO_SPAM
"Dear relieved of westonzoyland, all going to plan this end too!",NO_SPAM
"Hope you are having a great new semester. Do wish you the very best. You are made for greatness.",NO_SPAM
"Oh yes I can speak txt 2 u no! Hmm. Did u get  email?",NO_SPAM
"I want to show you the world, princess :) how about europe?",NO_SPAM
"Nobody can decide where to eat and dad wants Chinese",NO_SPAM
"No shoot me. I'm in the docs waiting room. :/",NO_SPAM
"Now? I'm going out 4 dinner soon..",NO_SPAM
"Hello which the site to download songs its urgent pls",NO_SPAM
"I do know what u mean,  is the king of not havin credit! I'm goin2bed now. Night night sweet! Only1more sleep! ",NO_SPAM
"Horrible gal. Me in sch doing some stuff. How come u got mc?",NO_SPAM
"HI HUN! IM NOT COMIN 2NITE-TELL EVERY1 IM SORRY 4 ME, HOPE U AVA GOODTIME!OLI RANG MELNITE IFINK IT MITE B SORTED,BUT IL EXPLAIN EVERYTHIN ON MON.L8RS.x",NO_SPAM
"I call you later, don't have network. If urgnt, sms me.",NO_SPAM
"Ummmmmaah Many many happy returns of d day my dear sweet heart.. HAPPY BIRTHDAY dear",NO_SPAM
"Please CALL 08712402779 immediately as there is an urgent message waiting for you",SPAM
"Yeah like if it goes like it did with my friends imma flip my shit in like half an hour",NO_SPAM
"Mum say we wan to go then go... Then she can shun bian watch da glass exhibition... ",NO_SPAM
"What your plan for pongal?",NO_SPAM
"Just wait till end of march when el nino gets himself. Oh.",NO_SPAM
"Not yet chikku..going to room nw, i'm in bus..",NO_SPAM
"Am also doing in cbe only. But have to pay.",NO_SPAM
"Honey boo I'm missing u.",NO_SPAM
"We have sent JD for Customer Service cum Accounts Executive to ur mail id, For details contact us",NO_SPAM
"Yo, I'm at my parents' gettin cash. Good news: we picked up a downstem",NO_SPAM
"Thank you so much. When we skyped wit kz and sura, we didnt get the pleasure of your company. Hope you are good. We've given you ultimatum oh! We are countin down to aburo. Enjoy!",NO_SPAM
"Hungry gay guys feeling hungry and up 4 it, now. Call 08718730555 just 10p/min. To stop texts call 08712460324 (10p/min)",SPAM
"Ok. No wahala. Just remember that a friend in need ...",NO_SPAM
"I will see in half an hour",NO_SPAM
"Im in inperialmusic listening2the weirdest track ever byleafcutter john-sounds like insects being molested&someone plumbing,remixed by evil men on acid!",NO_SPAM
""Hey sorry I didntgive ya a a bellearlier hunny,just been in bedbut mite go 2 thepub l8tr if uwana mt up?loads a luv Jenxxx."",NO_SPAM
"SERIOUSLY. TELL HER THOSE EXACT WORDS RIGHT NOW.",NO_SPAM
"Can U get 2 phone NOW? I wanna chat 2 set up meet Call me NOW on 09096102316 U can cum here 2moro Luv JANE xx Calls£1/minmoremobsEMSPOBox45PO139WA",SPAM
"Tee hee. Off to lecture, cheery bye bye.",NO_SPAM
"Sorry chikku, my cell got some problem thts y i was nt able to reply u or msg u..",NO_SPAM
"If you still havent collected the dough pls let me know so i can go to the place i sent it to get the control number",NO_SPAM
"Ok...",NO_SPAM
"network operator. The service is free. For T & C's visit 80488.biz",SPAM
"Let me know how to contact you. I've you settled in a room. Lets know you are ok.",NO_SPAM
"Wot u up 2 u weirdo?",NO_SPAM
"Can do lor...",NO_SPAM
"Dont put your phone on silent mode ok",NO_SPAM
"Can i meet ü at 5.. As 4 where depends on where ü wan 2 in lor..",NO_SPAM
"Waiting 4 my tv show 2 start lor... U leh still busy doing ur report?",NO_SPAM
"Oh ho. Is this the first time u use these type of words",NO_SPAM
"Am I the only one who doesn't stalk profiles?",NO_SPAM
"Ever green quote ever told by Jerry in cartoon "A Person Who Irritates u Always Is the one Who Loves u Vry Much But Fails to Express It...!..!! :-) :-) gud nyt",NO_SPAM
"Yes i thought so. Thanks.",NO_SPAM
"But if she.s drinkin i'm ok.",NO_SPAM
"Just wondering, the others just took off",NO_SPAM
"Night has ended for another day, morning has come in a special way. May you smile like the sunny rays and leaves your worries at the blue blue bay. Gud mrng",NO_SPAM
"What do you do, my dog ? Must I always wait till the end of your day to have word from you ? Did you run out of time on your cell already?",NO_SPAM
"Happy new year to u too!",NO_SPAM
"Hey...Great deal...Farm tour 9am to 5pm $95/pax, $50 deposit by 16 May",NO_SPAM
"Eat jap done oso aft ur lect wat... Ü got lect at 12 rite... ",NO_SPAM
"Hey babe! I saw you came online for a second and then you disappeared, what happened ?",NO_SPAM
"Da my birthdate in certificate is in april but real date is today. But dont publish it. I shall give you a special treat if you keep the secret. Any way thanks for the wishes",NO_SPAM
"Happy birthday... May all ur dreams come true...",NO_SPAM
"Aiyah u did ok already lar. E nydc at wheellock?",NO_SPAM
"TELL HER I SAID EAT SHIT.",NO_SPAM
"Sure! I am driving but will reach my destination soon.",NO_SPAM
"K so am I, how much for an 8th? Fifty?",NO_SPAM
"Your daily text from me – a favour this time",NO_SPAM
"Great to hear you are settling well. So what's happenin wit ola?",NO_SPAM
"Those cocksuckers. If it makes you feel better ipads are worthless garbage novelty items and you should feel bad for even wanting one",NO_SPAM
"I tot u reach liao. He said t-shirt.",NO_SPAM
"FRAN I DECIDED 2 GO N E WAY IM COMPLETELY BROKE AN KNACKERED I GOT UP BOUT 3 C U 2MRW LOVE JANX P.S THIS IS MY DADS FONE, -NO CREDIT",NO_SPAM
"I cant pick the phone right now. Pls send a message",NO_SPAM
"Your right! I'll make the appointment right now.",NO_SPAM
"Designation is software developer and may be she get chennai:)",NO_SPAM
"Enjoy the jamster videosound gold club with your credits for 2 new videosounds+2 logos+musicnews! get more fun from jamster.co.uk! 16+only Help? call: 09701213186 ",SPAM
"Get 3 Lions England tone, reply lionm 4 mono or lionp 4 poly. 4 more go 2 www.ringtones.co.uk, the original n best. Tones 3GBP network operator rates apply",SPAM
"I jokin oni lar.. Ü busy then i wun disturb ü.",NO_SPAM
"Ok, be careful ! Don't text and drive !",NO_SPAM
"I.ll always be there, even if its just in spirit. I.ll get a bb soon. Just trying to be sure i need it.",NO_SPAM
"U r too much close to my heart. If u go away i will be shattered. Plz stay with me.",NO_SPAM
"I love u 2 babe! R u sure everything is alrite. Is he being an idiot? Txt bak girlie",NO_SPAM
"How abt making some of the pics bigger?",NO_SPAM
"Got but got 2 colours lor. One colour is quite light n e other is darker lor. Actually i'm done she's styling my hair now.",NO_SPAM
"Whenevr ur sad, Whenevr ur gray, Remembr im here 2 listn 2 watevr u wanna say, Jus walk wid me a little while,&amp; I promise I'll bring back ur smile.:-)",NO_SPAM
"Why nothing. Ok anyway give me treat",NO_SPAM
"Win the newest “Harry Potter and the Order of the Phoenix (Book 5) reply HARRY, answer 5 questions - chance to be the first among readers!",SPAM
"Ok...",NO_SPAM
"Correct. So how was work today",NO_SPAM
"Just sent again. Do you scream and moan in bed, princess?",NO_SPAM
"I wake up long ago already... Dunno, what other thing?",NO_SPAM
"Oh just getting even with u.... u?",NO_SPAM
"I thk 50 shd be ok he said plus minus 10.. Did ü leave a line in between paragraphs?",NO_SPAM
"Can you call me plz. Your number shows out of coveragd area. I have urgnt call in vasai &amp; have to reach before 4'o clock so call me plz",NO_SPAM
"Yeah jay's sort of a fucking retard",NO_SPAM
"Sorry, was in the bathroom, sup",NO_SPAM
"Ur balance is now £500. Ur next question is: Who sang 'Uptown Girl' in the 80's ? 2 answer txt ur ANSWER to 83600. Good luck!",SPAM
"My exam is for february 4. Wish you a great day.",NO_SPAM
"I dont know what to do to come out of this so only am ask questions like this dont mistake me.",NO_SPAM
"Aight no rush, I'll ask jay",NO_SPAM
"Good Morning plz call me sir",NO_SPAM
"It's ok lar. U sleep early too... Nite...",NO_SPAM
"Oh... Icic... K lor, den meet other day...",NO_SPAM
"Oh ! A half hour is much longer in Syria than Canada, eh ? Wow you must get SO much more work done in a day than us with all that extra time ! *grins*",NO_SPAM
"Sometimes we put walls around our hearts,not just to be safe from getting hurt.. But to find out who cares enough to break the walls &amp; get closer.. GOODNOON:)",NO_SPAM
"Sweet, we may or may not go to 4U to meet carlos so gauge patty's interest in that",NO_SPAM
"Then she buying today? Ü no need to c meh...",NO_SPAM
"Aight sorry I take ten years to shower. What's the plan?",NO_SPAM
"Every monday..nxt week vl be completing..",NO_SPAM
"Might ax well im there.",NO_SPAM
"Just chill for another 6hrs. If you could sleep the pain is not a surgical emergency so see how it unfolds. Okay",NO_SPAM
"Yeah I'll try to scrounge something up",NO_SPAM
"Crazy ar he's married. Ü like gd looking guys not me. My frens like say he's korean leona's fave but i dun thk he is. Aft some thinking mayb most prob i'll go.",NO_SPAM
"Were somewhere on Fredericksburg",NO_SPAM
"Que pases un buen tiempo or something like that",NO_SPAM
"Is it ok if I stay the night here? Xavier has a sleeping bag and I'm getting tired",NO_SPAM
"She doesnt need any test.",NO_SPAM
"Nothing much, chillin at home. Any super bowl plan?",NO_SPAM
"FREE2DAY sexy St George's Day pic of Jordan!Txt PIC to 89080 dont miss out, then every wk a saucy celeb!4 more pics c PocketBabe.co.uk 0870241182716 £3/wk",SPAM
"Bugis oso near wat... ",NO_SPAM
"Yo theres no class tmrw right?",NO_SPAM
"Let Ur Heart Be Ur Compass Ur Mind Ur Map Ur Soul Ur Guide And U Will Never loose in world....gnun - Sent via WAY2SMS.COM",NO_SPAM
"Goodnight, sleep well da please take care pa. Please.",NO_SPAM
"Baaaaabe! I misss youuuuu ! Where are you ? I have to go and teach my class at 5 ...",NO_SPAM
"Convey my regards to him",NO_SPAM
"U ned to convince him tht its not possible witot hurting his feeling its the main",NO_SPAM
"Good afternoon loverboy ! How goes you day ? Any luck come your way? I think of you, sweetie and send my love across the sea to make you smile and happy",NO_SPAM
"If i start sending blackberry torch to nigeria will you find buyer for me?like 4a month. And tell dad not to buy bb from anyone oh.",NO_SPAM
"&lt;#&gt; %of pple marry with their lovers... becz they hav gud undrstndng dat avoids problems. i sent dis 2 u, u wil get gud news on friday by d person you like. And tomorrow will be the best day of your life. Dont break this chain. If you break you will suffer. send this to  &lt;#&gt;  frnds in &lt;#&gt;  mins whn u read...",NO_SPAM
"Yo dude guess who just got arrested the other day",NO_SPAM
"Shuhui say change 2 suntec steamboat? U noe where? Where r u now?",NO_SPAM
"What does the dance river do?",NO_SPAM
"Yetunde, i'm sorry but moji and i seem too busy to be able to go shopping. Can you just please find some other way to get what you wanted us to get. Please forgive me. You can reply free via yahoo messenger.",NO_SPAM
"Hey i will be really pretty late... You want to go for the lesson first? I will join you. I'm only reaching tp mrt",NO_SPAM
"HOT LIVE FANTASIES call now 08707509020 Just 20p per min NTT Ltd, PO Box 1327 Croydon CR9 5WB 0870..k",SPAM
"Bbq this sat at mine from 6ish. Ur welcome 2 come",NO_SPAM
"I don't know, same thing that's wrong everyso often, he panicks starts goin on bout not bein good enough …",NO_SPAM
"Alright. I'm out--have a good night!",NO_SPAM
"Did you try making another butt.",NO_SPAM
"Hope you are feeling great. Pls fill me in. Abiola",NO_SPAM
"I though we shd go out n have some fun so bar in town or something – sound ok?",NO_SPAM
"1) Go to write msg 2) Put on Dictionary mode 3)Cover the screen with hand, 4)Press  &lt;#&gt; . 5)Gently remove Ur hand.. Its interesting..:)",NO_SPAM
"Bears Pic Nick, and Tom, Pete and ... Dick. In fact, all types try gay chat with photo upload call 08718730666 (10p/min). 2 stop texts call 08712460324",SPAM
"500 New Mobiles from 2004, MUST GO! Txt: NOKIA to No: 89545 & collect yours today!From ONLY £1 www.4-tc.biz 2optout 087187262701.50gbp/mtmsg18 TXTAUCTION",SPAM
"We're finally ready fyi",NO_SPAM
"Auntie huai juan never pick up her phone",NO_SPAM
"Double Mins & Double Txt & 1/2 price Linerental on Latest Orange Bluetooth mobiles. Call MobileUpd8 for the very latest offers. 08000839402 or call2optout/LF56",SPAM
"Ya tel, wats ur problem..",NO_SPAM
"No. 1 Nokia Tone 4 ur mob every week! Just txt NOK to 87021. 1st Tone FREE ! so get txtin now and tell ur friends. 150p/tone. 16 reply HL 4info",SPAM
"i dnt wnt to tlk wid u",NO_SPAM
"We spend our days waiting for the ideal path to appear in front of us.. But what we forget is.. "paths are made by walking.. not by waiting.." Goodnight!",NO_SPAM
"Its ok my arm is feeling weak cuz i got a shot so we can go another time",NO_SPAM
"Please reserve ticket on saturday eve from chennai to thirunelvali and again from tirunelvali to chennai on sunday eve...i already see in net..no ticket available..i want to book ticket through tackle ..",NO_SPAM
"Storming msg: Wen u lift d phne, u say "HELLO" Do u knw wt is d real meaning of HELLO?? . . . It's d name of a girl..! . . . Yes.. And u knw who is dat girl?? "Margaret Hello" She is d girlfrnd f Grahmbell who invnted telphone... . . . . Moral:One can 4get d name of a person, bt not his girlfrnd... G o o d n i g h t . . .@",NO_SPAM
"That's ok. I popped in to ask bout something and she said you'd been in. Are you around tonght wen this girl comes?",NO_SPAM
"All e best 4 ur exam later.",NO_SPAM
"Hope ur head doesn't hurt 2 much ! Am ploughing my way through a pile of ironing ! Staying in with a chinky tonight come round if you like.",NO_SPAM
"Oh k.i think most of wi and nz players unsold.",NO_SPAM
"Haha... Where got so fast lose weight, thk muz go 4 a month den got effect... Gee,later we go aust put bk e weight.",NO_SPAM
"I wonder how you got online, my love ? Had you gone to the net cafe ? Did you get your phone recharged ? Were you on a friends net ? I think of you, boytoy",NO_SPAM
"Haha just kidding, papa needs drugs",NO_SPAM
"Thk shld b can... Ya, i wana go 4 lessons... Haha, can go for one whole stretch...",NO_SPAM
"Oh ok..",NO_SPAM
"R we still meeting 4 dinner tonight?",NO_SPAM
"Thats cool! I am a gentleman and will treat you with dignity and respect.",NO_SPAM
"Shall i start from hear.",NO_SPAM
"Then we wait 4 u lor... No need 2 feel bad lar...",NO_SPAM
"No did you check? I got his detailed message now",NO_SPAM
"You have registered Sinco as Payee. Log in at icicibank.com and enter URN  &lt;#&gt;  to confirm. Beware of frauds. Do NOT share or disclose URN to anyone.",NO_SPAM
"No, I decided that only people who care about stuff vote and caring about stuff is for losers",NO_SPAM
"Kaiez... Enjoy ur tuition... Gee... Thk e second option sounds beta... I'll go yan jiu den msg u...",NO_SPAM
"You have registered Sinco as Payee. Log in at icicibank.com and enter URN  &lt;#&gt;  to confirm. Beware of frauds. Do NOT share or disclose URN to anyone.",NO_SPAM
"cool. We will have fun practicing making babies!",NO_SPAM
"Actually getting ready to leave the house.",NO_SPAM
"K..k..any special today?",NO_SPAM
"URGENT, IMPORTANT INFORMATION FOR O2 USER. TODAY IS YOUR LUCKY DAY! 2 FIND OUT WHY LOG ONTO HTTP://WWW.URAWINNER.COM THERE IS A FANTASTIC SURPRISE AWAITING FOR YOU",SPAM
"Then we gotta do it after that",NO_SPAM
"I've got ten bucks, jay is being noncomittal",NO_SPAM
"Where at were hungry too",NO_SPAM
"Pls speak to that customer machan.",NO_SPAM
"somewhere out there beneath the pale moon light someone think in of u some where out there where dreams come true... goodnite &amp; sweet dreams",NO_SPAM
"Wen ur lovable bcums angry wid u, dnt take it seriously.. Coz being angry is d most childish n true way of showing deep affection, care n luv!.. kettoda manda... Have nice day da.",NO_SPAM
"Dear U've been invited to XCHAT. This is our final attempt to contact u! Txt CHAT to 86688 150p/MsgrcvdHG/Suite342/2Lands/Row/W1J6HL LDN 18 yrs",SPAM
"So wats ur opinion abt him and how abt is character?",NO_SPAM
"Jay is snickering and tells me that x is totally fucking up the chords as we speak",NO_SPAM
"No..few hours before.went to hair cut .",NO_SPAM
"No wonder... Cos i dun rem seeing a silver car... But i thk i saw a black one...",NO_SPAM
"Lmao. Take a pic and send it to me.",NO_SPAM
""Speak only when you feel your words are better than the silence..." Gud mrng:-)",NO_SPAM
"No. She's currently in scotland for that.",NO_SPAM
"Do you work all this week ?",NO_SPAM
"Congratulations ur awarded either £500 of CD gift vouchers & Free entry 2 our £100 weekly draw txt MUSIC to 87066 TnCs www.Ldew.com 1 win150ppmx3age16",SPAM
"Lol great now im getting hungry.",NO_SPAM
"Yes.. now only saw your message..",NO_SPAM
"I'll be at mu in like  &lt;#&gt;  seconds",NO_SPAM
"Ok...",NO_SPAM
"THING R GOOD THANX GOT EXAMS IN MARCH IVE DONE NO REVISION? IS FRAN STILL WITH BOYF? IVE GOTTA INTERVIW 4 EXETER BIT WORRIED!x",NO_SPAM
"Tell you what, if you make a little spreadsheet and track whose idea it was to smoke to determine who "smokes too much" for the entire month of february, I'll come up",NO_SPAM
"For sale - arsenal dartboard. Good condition but no doubles or trebles!",SPAM
"Don't look back at the building because you have no coat and i don't want you to get more sick. Just hurry home and wear a coat to the gym!!!",NO_SPAM
"My painful personal thought- "I always try to keep everybody happy all the time. But nobody recognises me when i am alone"",NO_SPAM
"Thanks for ve lovely wisheds. You rock",NO_SPAM
"You intrepid duo you! Have a great time and see you both soon. ",NO_SPAM
"I asked sen to come chennai and search for job.",NO_SPAM
"Dad went out oredi... ",NO_SPAM
"I jus hope its true that  missin me cos i'm really missin him! You haven't done anything to feel guilty about, yet.",NO_SPAM
"Wat so late still early mah. Or we juz go 4 dinner lor. Aiya i dunno...",NO_SPAM
"Arms fine, how's Cardiff and uni? ",NO_SPAM
"In fact when do you leave? I think addie goes back to school tues or wed",NO_SPAM
"Cool breeze... Bright sun... Fresh flower... Twittering birds... All these waiting to wish u: "GOODMORNING &amp; HAVE A NICE DAY" :)",NO_SPAM
"Ya:)going for restaurant..",NO_SPAM
"Its ok., i just askd did u knw tht no?",NO_SPAM
"Free 1st week entry 2 TEXTPOD 4 a chance 2 win 40GB iPod or £250 cash every wk. Txt POD to 84128 Ts&Cs www.textpod.net custcare 08712405020.",SPAM
"Those ducking chinchillas",NO_SPAM
"I am in a marriage function",NO_SPAM
"Looks like u wil b getting a headstart im leaving here bout 2.30ish but if u r desperate for my company I could head in earlier-we were goin to meet in rummer.",NO_SPAM
"Don‘t give a flying monkeys wot they think and I certainly don‘t mind. Any friend of mine and all that!",NO_SPAM
"As a registered optin subscriber ur draw 4 £100 gift voucher will be entered on receipt of a correct ans to 80062 Whats No1 in the BBC charts",SPAM
"say thanks2. ",NO_SPAM
"Msg me when rajini comes.",NO_SPAM
"Ya! when are ü taking ure practical lessons? I start in june..  ",NO_SPAM
"That's good, because I need drugs",NO_SPAM
"Stupid.its not possible",NO_SPAM
"Can ü all decide faster cos my sis going home liao..",NO_SPAM
"Summers finally here! Fancy a chat or flirt with sexy singles in yr area? To get MATCHED up just reply SUMMER now. Free 2 Join. OptOut txt STOP Help08714742804",SPAM
"U sleeping now.. Or you going to take? Haha.. I got spys wat.. Me online checking n replying mails lor..",NO_SPAM
"CLAIRE here am havin borin time & am now alone U wanna cum over 2nite? Chat now 09099725823 hope 2 C U Luv CLAIRE xx Calls£1/minmoremobsEMSPOBox45PO139WA",SPAM
"Fighting with the world is easy, u either win or lose bt fightng with some1 who is close to u is dificult if u lose - u lose if u win - u still lose.",NO_SPAM
"Bought one ringtone and now getting texts costing 3 pound offering more tones etc",SPAM
"Yalru lyfu astne chikku.. Bt innu mundhe lyf ali halla ke bilo (marriage)program edhae, so lyf is nt yet ovr chikku..ali vargu lyfu meow meow:-D",NO_SPAM
"Kinda. First one gets in at twelve! Aah. Speak tomo",NO_SPAM
"09066362231 URGENT! Your mobile No 07xxxxxxxxx won a £2,000 bonus caller prize on 02/06/03! this is the 2nd attempt to reach YOU! call 09066362231 ASAP!",SPAM
"Ok good then i later come find ü... C lucky i told ü to go earlier... Later pple take finish ü no more again...",NO_SPAM
"Wat makes u thk i'll fall down. But actually i thk i'm quite prone 2 falls. Lucky my dad at home i ask him come n fetch me already.",NO_SPAM
"YOU 07801543489 are guaranteed the latests Nokia Phone, a 40GB iPod MP3 player or a £500 prize! Txt word:COLLECT to No:83355! TC-LLC NY-USA 150p/Mt msgrcvd18+",SPAM
"Your account has been refilled successfully by INR  &lt;DECIMAL&gt; . Your KeralaCircle prepaid account balance is Rs  &lt;DECIMAL&gt; . Your Transaction ID is KR &lt;#&gt; .",NO_SPAM
"I wont touch you with out your permission.",NO_SPAM
"Hi its LUCY Hubby at meetins all day Fri & I will B alone at hotel U fancy cumin over? Pls leave msg 2day 09099726395 Lucy x Calls£1/minMobsmoreLKPOBOX177HP51FL",SPAM
"7 wonders in My WORLD 7th You 6th Ur style 5th Ur smile 4th Ur Personality 3rd Ur Nature 2nd Ur SMS and 1st "Ur Lovely Friendship"... good morning dear",NO_SPAM
"Take some small dose tablet for fever",NO_SPAM
"Oh. U must have taken your REAL Valentine out shopping first.",NO_SPAM
"Just sent you an email – to an address with incomm in it, is that right?",NO_SPAM
"Will do, you gonna be at blake's all night? I might be able to get out of here a little early",NO_SPAM
"Friendship is not a game to play, It is not a word to say, It doesn\'t start on March and ends on May, It is tomorrow, yesterday, today and e",NO_SPAM
"Nice. Wait...should you be texting right now? I'm not gonna pay your ticket, ya know!",NO_SPAM
"I'm watching lotr w my sis dis aft. So u wan 2 meet me 4 dinner at nite a not?",NO_SPAM
"Why you keeping me away like this",NO_SPAM
"I think its far more than that but find out. Check google maps for a place from your dorm.",NO_SPAM
"My trip was ok but quite tiring lor. Uni starts today but it's ok 4 me cos i'm not taking any modules but jus concentrating on my final yr project.",NO_SPAM
"Have you always been saying welp?",NO_SPAM
"I'm a guy, browsin is compulsory",NO_SPAM
"Ok...",NO_SPAM
"Purity of friendship between two is not about smiling after reading the forwarded message..Its about smiling just by seeing the name. Gud evng musthu",NO_SPAM
"Sorry, I'll call later",NO_SPAM
"(I should add that I don't really care and if you can't I can at least get this dude to fuck off but hey, your money if you want it)",NO_SPAM
"Hello lover! How goes that new job? Are you there now? Are you happy? Do you think of me? I wake, my slave and send you a teasing kiss from across the sea",NO_SPAM
"I told your number to gautham..",NO_SPAM
"Tell them no need to investigate about me anywhere.",NO_SPAM
"Ok i juz receive..",NO_SPAM
"Cant believe i said so many things to you this morning when all i really wanted to say was good morning, i love you! Have a beautiful morning. See you in the library later.",NO_SPAM
"Your account has been credited with 500 FREE Text Messages. To activate, just txt the word: CREDIT to No: 80488 T&Cs www.80488.biz",SPAM
"In the end she might still vomit but its okay. Not everything will come out.",NO_SPAM
"How are you with moneY...as in to you...money aint a thing....how are you sha!",NO_SPAM
"It has everything to do with the weather. Keep extra warm. Its a cold but nothing serious. Pls lots of vitamin c",NO_SPAM
"Hey gals.. Anyone of u going down to e driving centre tmr?",NO_SPAM
"I'm always on yahoo messenger now. Just send the message to me and i.ll get it you may have to send it in the mobile mode sha but i.ll get it. And will reply.",NO_SPAM
"I'm putting it on now. It should be ready for  &lt;TIME&gt; ",NO_SPAM
"Time n Smile r the two crucial things in our life. Sometimes time makes us to forget smile, and sometimes someone's smile makes us to forget time gud noon",NO_SPAM
"SMS. ac JSco: Energy is high, but u may not know where 2channel it. 2day ur leadership skills r strong. Psychic? Reply ANS w/question. End? Reply END JSCO",SPAM
"Host-based IDPS for linux systems.",NO_SPAM
"HOT LIVE FANTASIES call now 08707509020 Just 20p per min NTT Ltd, PO Box 1327 Croydon CR9 5WB 0870 is a national rate call",SPAM
"Don no da:)whats you plan?",NO_SPAM
"Ill be there on  &lt;#&gt;  ok.",NO_SPAM
"Oh my God. I'm almost home",NO_SPAM
"Total video converter free download type this in google search:)",NO_SPAM
"Thanks for the Vote. Now sing along with the stars with Karaoke on your mobile. For a FREE link just reply with SING now.",SPAM
"Wen ur lovable bcums angry wid u, dnt take it seriously.. Coz being angry is d most childish n true way of showing deep affection, care n luv!.. kettoda manda... Have nice day da.",NO_SPAM
"Sounds like something that someone testing me would sayy",NO_SPAM
"When u love someone Dont make them to love u as much as u do. But Love them so much that they dont want to be loved by anyone except you... Gud nit.",NO_SPAM
"Pete,is this your phone still? Its Jenny from college and Leanne.what are you up to now?:)",NO_SPAM
"Oops sorry. Just to check that you don't mind picking me up tomo at half eight from station. Would that be ok?",NO_SPAM
"Hey sweet, I was wondering when you had a moment if you might come to me ? I want to send a file to someone but it won't go over yahoo for them because their connection sucks, remember when you set up that page for me to go to and download the format disc ? Could you tell me how to do that ? Or do you know some other way to download big files ? Because they can download stuff directly from the internet. Any help would be great, my prey ... *teasing kiss*",NO_SPAM
"Hows the champ just leaving glasgow!",NO_SPAM
"K:)all the best:)congrats...",NO_SPAM
"I wonder if you'll get this text?",NO_SPAM
"I need to come home and give you some good lovin...",NO_SPAM
"Our brand new mobile music service is now live. The free music player will arrive shortly. Just install on your phone to browse content from the top artists.",SPAM
"Shall i ask one thing if you dont mistake me.",NO_SPAM
"Check wid corect speling i.e. Sarcasm",NO_SPAM
"URGENT! Your Mobile No was awarded a £2,000 Bonus Caller Prize on 1/08/03! This is our 2nd attempt to contact YOU! Call 0871-4719-523 BOX95QU BT National Rate",SPAM
"Are you angry with me. What happen dear",NO_SPAM
"I thk u dun haf 2 hint in e forum already lor... Cos i told ron n darren is going 2 tell shuhui.",NO_SPAM
"Yup ok thanx...",NO_SPAM
"Hi:)cts employee how are you?",NO_SPAM
"Pls pls find out from aunt nike.",NO_SPAM
"Wow ... I love you sooo much, you know ? I can barely stand it ! I wonder how your day goes and if you are well, my love ... I think of you and miss you",NO_SPAM
"No screaming means shouting..",NO_SPAM
"Hey what happen de. Are you alright.",NO_SPAM
"Should I have picked up a receipt or something earlier",NO_SPAM
"I think chennai well settled?",NO_SPAM
"Oh dang! I didn't mean o send that to you! Lol!",NO_SPAM
"Unfortunately i've just found out that we have to pick my sister up from the airport that evening so don't think i'll be going out at all. We should try to go out one of th",NO_SPAM
"Horrible bf... I now v hungry...",NO_SPAM
"Remember on that day..",NO_SPAM
"You have won a Nokia 7250i. This is what you get when you win our FREE auction. To take part send Nokia to 86021 now. HG/Suite342/2Lands Row/W1JHL 16+",SPAM
"How's it feel? Mr. Your not my real Valentine just my yo Valentine even tho u hardly play!!",NO_SPAM
"All sounds good. Fingers . Makes it difficult to type",NO_SPAM
"Midnight at the earliest",NO_SPAM
"You're not sure that I'm not trying to make xavier smoke because I don't want to smoke after being told I smoke too much?",NO_SPAM
"K come to nordstrom when you're done",NO_SPAM
"Do u konw waht is rael FRIENDSHIP Im gving yuo an exmpel: Jsut ese tihs msg.. Evrey splleing of tihs msg is wrnog.. Bt sitll yuo can raed it wihtuot ayn mitsake.. GOODNIGHT &amp; HAVE A NICE SLEEP..SWEET DREAMS..",NO_SPAM
"Now press conference da:)",NO_SPAM
"Hello from Orange. For 1 month's free access to games, news and sport, plus 10 free texts and 20 photo messages, reply YES. Terms apply: www.orange.co.uk/ow",SPAM
"After completed degree. There is no use in joining finance.",NO_SPAM
"Good afternoon, my love ! Any job prospects ? Are you missing me ? What do you do ? Are you being lazy and bleak, hmmm ? Or happy and filled with my love ?",NO_SPAM
"Shant disturb u anymore... Jia you...",NO_SPAM
"Bishan lar nearer... No need buy so early cos if buy now i gotta park my car...",NO_SPAM
"Me, i dont know again oh",NO_SPAM
"Dude sux for snake. He got old and raiden got buff",NO_SPAM
"He says hi and to get your ass back to south tampa (preferably at a kegger)",NO_SPAM
"In e msg jus now. U said thanks for gift.",NO_SPAM
"U too...",NO_SPAM
"Ok how you dear. Did you call chechi",NO_SPAM
"Yeah we do totes. When u wanna?",NO_SPAM
"Ok i found dis pierre cardin one which looks normal costs 20 its on sale.",NO_SPAM
"Good sleep is about rhythm. The person has to establish a rhythm that the body will learn and use. If you want to know more :-)",NO_SPAM
"Wat r u doing?",NO_SPAM
"Message from . I am at Truro Hospital on ext. You can phone me here. as I have a phone by my side",NO_SPAM
"Single line with a big meaning::::: "Miss anything 4 ur "Best Life" but, don't miss ur best life for anything... Gud nyt...",NO_SPAM
"Just got some gas money, any chance you and the gang want to go on a grand nature adventure?",NO_SPAM
"Dnt worry...use ice pieces in a cloth pack.also take 2 tablets.",NO_SPAM
"Dude just saw a parked car with its sunroof popped up. Sux",NO_SPAM
"Get ready to put on your excellent sub face :)",NO_SPAM
"Tmrw. Im finishing 9 doors",NO_SPAM
"The  &lt;#&gt; g that i saw a few days ago, the guy wants sell wifi only for  &lt;#&gt;  and with 3g for  &lt;#&gt; . That's why i blanked him.",NO_SPAM
"I am late. I will be there at",NO_SPAM
"whatever, im pretty pissed off.",NO_SPAM
"Today is ACCEPT DAY..U Accept me as? Brother Sister Lover Dear1 Best1 Clos1 Lvblefrnd Jstfrnd Cutefrnd Lifpartnr Belovd Swtheart Bstfrnd No rply means enemy",NO_SPAM
"I dont have that much image in class.",NO_SPAM
"No:-)i got rumour that you going to buy apartment in chennai:-)",NO_SPAM
"Near kalainar tv office.thenampet",NO_SPAM
"Ur cash-balance is currently 500 pounds - to maximize ur cash-in now send GO to 86688 only 150p/msg. CC 08718720201 HG/Suite342/2Lands Row/W1J6HL",SPAM
"SMS AUCTION - A BRAND NEW Nokia 7250 is up 4 auction today! Auction is FREE 2 join & take part! Txt NOKIA to 86021 now! HG/Suite342/2Lands Row/W1J6HL",SPAM
"My sis is catching e show in e afternoon so i'm not watching w her. So c u wan 2 watch today or tmr lor.",NO_SPAM
"Sounds gd... Haha... Can... Wah, u yan jiu so fast liao...",NO_SPAM
"No. To be nosy I guess. Idk am I over reacting if I'm freaked?",NO_SPAM
"Remember all those whom i hurt during days of satanic imposter in me.need to pay a price,so be it.may destiny keep me going and as u said pray that i get the mind to get over the same.",NO_SPAM
"How to Make a girl Happy? It's not at all difficult to make girls happy. U only need to be... 1. A friend 2. Companion 3. Lover 4. Chef . . .  &lt;#&gt; . Good listener  &lt;#&gt; . Organizer  &lt;#&gt; . Good boyfriend  &lt;#&gt; . Very clean  &lt;#&gt; . Sympathetic  &lt;#&gt; . Athletic  &lt;#&gt; . Warm . . .  &lt;#&gt; . Courageous  &lt;#&gt; . Determined  &lt;#&gt; . True  &lt;#&gt; . Dependable  &lt;#&gt; . Intelligent . . .  &lt;#&gt; . Psychologist  &lt;#&gt; . Pest exterminator  &lt;#&gt; . Psychiatrist  &lt;#&gt; . Healer . .  &lt;#&gt; . Stylist  &lt;#&gt; . Driver . . Aaniye pudunga venaam..",NO_SPAM
"Why is that, princess? I bet the brothas are all chasing you!",NO_SPAM
"I shall book chez jules for half eight, if that's ok with you?",NO_SPAM
"Hhahhaahahah rofl wtf nig was leonardo in your room or something",NO_SPAM
"Yep, at derek's house now, see you Sunday &lt;3",NO_SPAM
"It's cool, let me know before it kicks off around  &lt;#&gt; , I'll be out and about all day",NO_SPAM
"Sorry, I'll call later",NO_SPAM
"I was wondering if it would be okay for you to call uncle john and let him know that things are not the same in nigeria as they r here. That  &lt;#&gt;  dollars is 2years sent and that you know its a strain but i plan to pay back every dime he gives. Every dime so for me to expect anything from you is not practical. Something like that.",NO_SPAM
"There are no other charges after transfer charges and you can withdraw anyhow you like",NO_SPAM
"Dont search love, let love find U. Thats why its called falling in love, bcoz U dont force yourself, U just fall and U know there is smeone to hold U... BSLVYL",NO_SPAM
"At 4. Let's go to bill millers",NO_SPAM
"I love you. You set my soul on fire. It is not just a spark. But it is a flame. A big rawring flame. XoXo",NO_SPAM
"Somewhr someone is surely made 4 u. And God has decided a perfect time to make u meet dat person. . . . till den, . . . . . Enjoy ur crushes..!!!;-)",NO_SPAM
"That's my honeymoon outfit. :)",NO_SPAM
"Will it help if we propose going back again tomorrow",NO_SPAM
"PRIVATE! Your 2003 Account Statement for shows 800 un-redeemed S. I. M. points. Call 08719899230 Identifier Code: 41685 Expires 07/11/04",SPAM
"Never blame a day in ur life. Good days give u happiness. Bad days give u experience. Both are essential in life! All are Gods blessings! good morning.:",NO_SPAM
"Pls confirm the time to collect the cheque.",NO_SPAM
"As a Registered Subscriber yr draw 4 a £100 gift voucher will b entered on receipt of a correct ans. When are the next olympics. Txt ans to 80062",SPAM
"URGENT! Your Mobile number has been awarded with a £2000 prize GUARANTEED. Call 09061790121 from land line. Claim 3030. Valid 12hrs only 150ppm",SPAM
"Daddy will take good care of you :)",NO_SPAM
"Yeah probably, I still gotta check out with leo",NO_SPAM
"K.then any other special?",NO_SPAM
"Carlos is taking his sweet time as usual so let me know when you and patty are done/want to smoke and I'll tell him to haul ass",NO_SPAM
"Ok pa. Nothing problem:-)",NO_SPAM
"Have you heard about that job? I'm going to that wildlife talk again tonight if u want2come. Its that2worzels and a wizzle or whatever it is?! ",NO_SPAM
"God picked up a flower and dippeditinaDEW, lovingly touched itwhichturnedinto u, and the he gifted tomeandsaid,THIS FRIEND IS 4U",NO_SPAM
"When you came to hostel.",NO_SPAM
"Ok no prob... I'll come after lunch then...",NO_SPAM
"Jus telling u dat i'll b leaving 4 shanghai on 21st instead so we'll haf more time 2 meet up cya...",NO_SPAM
"Are your freezing ? Are you home yet ? Will you remember to kiss your mom in the morning? Do you love me ? Do you think of me ? Are you missing me yet ?",NO_SPAM
"You all ready for * big day tomorrow?",NO_SPAM
"I'll probably be around mu a lot",NO_SPAM
"645",NO_SPAM
"RT-KIng Pro Video Club>> Need help? info@ringtoneking.co.uk or call 08701237397 You must be 16+ Club credits redeemable at www.ringtoneking.co.uk! Enjoy!",SPAM
"Thnx dude. u guys out 2nite?",NO_SPAM
"Me sef dey laugh you. Meanwhile how's my darling anjie!",NO_SPAM
"Mm i had my food da from out",NO_SPAM
"K, makes sense, btw carlos is being difficult so you guys are gonna smoke while I go pick up the second batch and get gas",NO_SPAM
"Did u download the fring app?",NO_SPAM
"The 2 oz guy is being kinda flaky but one friend is interested in picking up $ &lt;#&gt;  worth tonight if possible",NO_SPAM
"Friends that u can stay on fb chat with",NO_SPAM
"Fuck babe, I miss you sooooo much !! I wish you were here to sleep with me ... My bed is so lonely ... I go now, to sleep ... To dream of you, my love ...",NO_SPAM
"Living is very simple.. Loving is also simple.. Laughing is too simple.. Winning is tooo simple.. But, being 'SIMPLE' is very difficult.. Gud nte.:-",NO_SPAM
"U have a secret admirer who is looking 2 make contact with U-find out who they R*reveal who thinks UR so special-call on 09058094599",SPAM
"Ah, well that confuses things, doesn‘t it?",NO_SPAM
"500 free text msgs. Just text ok to 80488 and we'll credit your account",SPAM
"Hi Dear Call me its urgnt. I don't know whats your problem. You don't want to work or if you have any other problem at least tell me. Wating for your reply.",NO_SPAM
"Dear how you. Are you ok?",NO_SPAM
"You have been selected to stay in 1 of 250 top British hotels - FOR NOTHING! Holiday Worth £350! To Claim, Call London 02072069400. Bx 526, SW73SS",SPAM
"Yes princess! I want to make you happy...",NO_SPAM
"Sounds like you have many talents! would you like to go on a dinner date next week?",NO_SPAM
"I am going to film 2day da. At 6pm. Sorry da.",NO_SPAM
"We not watching movie already. Xy wants 2 shop so i'm shopping w her now.",NO_SPAM
"Hello my little party animal! I just thought I'd buzz you as you were with your friends ...*grins*... Reminding you were loved and send a naughty adoring kiss",NO_SPAM
"Yesterday its with me only . Now am going home.",NO_SPAM
"Eerie Nokia tones 4u, rply TONE TITLE to 8007 eg TONE DRACULA to 8007 Titles: GHOST, ADDAMSFA, MUNSTERS, EXORCIST, TWILIGHT www.getzed.co.uk POBox36504W45WQ 150p",SPAM
"You have come into my life and brought the sun ..Shiny down on me, warming my heart. Putting a constant smile on my face ... Making me feel loved and cared for",NO_SPAM
"No shit, but I wasn't that surprised, so I went and spent the evening with that french guy I met in town here and we fooled around a bit but I didn't let him fuck me",NO_SPAM
"0A$NETWORKS allow companies to bill for SMS, so they are responsible for their "suppliers", just as a shop has to give a guarantee on what they sell. B. G.",SPAM
"Great comedy..cant stop laughing da:)",NO_SPAM
"FreeMsg:Feelin kinda lnly hope u like 2 keep me company! Jst got a cam moby wanna c my pic?Txt or reply DATE to 82242 Msg150p 2rcv Hlp 08712317606 stop to 82242",SPAM
"Alright, we're all set here, text the man",NO_SPAM
"Hi , where are you? We're at  and they're not keen to go out i kind of am but feel i shouldn't so can we go out tomo, don't mind do you?",NO_SPAM
"Sleeping nt feeling well",NO_SPAM
"U WILL SWITCH YOUR FONE ON DAMMIT!!",NO_SPAM
"India have to take lead:)",NO_SPAM
"I.ll post her out l8r. In class",NO_SPAM
"Thts wat Wright Brother did to fly..",NO_SPAM
"Evening * v good if somewhat event laden. Will fill you in, don't you worry … Head * ok but throat * wrecked. See you at six then!",NO_SPAM
"If u laugh really loud.. If u talk spontaneously.. If u dont care what others feel.. U are probably with your dear &amp; best friends.. GOODEVENING Dear..:)",NO_SPAM
"ITS A LAPTOP TAKE IT WITH YOU.",NO_SPAM
"I dont have any of your file in my bag..i was in work when you called me.i 'll tell you if i find anything in my room.",NO_SPAM
"I wan but too early lei... Me outside now wun b home so early... Neva mind then...",NO_SPAM
"For ur chance to win a £250 cash every wk TXT: ACTION to 80608. T's&C's www.movietrivia.tv custcare 08712405022, 1x150p/wk",SPAM
"I was at bugis juz now wat... But now i'm walking home oredi... Ü so late then reply... I oso saw a top dat i like but din buy... Where r ü now? ",NO_SPAM
"Wishing you and your family Merry "X" mas and HAPPY NEW Year in advance..",NO_SPAM
"At 7 we will go ok na.",NO_SPAM
"Yes I posted a couple of pics on fb. There's still snow outside too. I'm just waking up :)",NO_SPAM
"S:-)if we have one good partnership going we will take lead:)",NO_SPAM
"RGENT! This is the 2nd attempt to contact U!U have WON £1250 CALL 09071512433 b4 050703 T&CsBCM4235WC1N3XX. callcost 150ppm mobilesvary. max£7. 50",SPAM
"Yeah, where's your class at?",NO_SPAM
"No just send to you. Bec you in temple na.",NO_SPAM
"You aren't coming home between class, right? I need to work out and shower!",NO_SPAM
"Hi if ur lookin 4 saucy daytime fun wiv busty married woman Am free all next week Chat now 2 sort time 09099726429 JANINExx Calls£1/minMobsmoreLKPOBOX177HP51FL",SPAM
"S but mostly not like that.",NO_SPAM
"Ü v ma fan...",NO_SPAM
"Dunno cos i was v late n when i reach they inside already... But we ate spageddies lor... It's e gals who r laughing at me lor...",NO_SPAM
"Guess who spent all last night phasing in and out of the fourth dimension",NO_SPAM
"So now my dad is gonna call after he gets out of work and ask all these crazy questions.",NO_SPAM
"Yes..but they said its IT.,",NO_SPAM
"Very hurting n meaningful lines ever: "I compromised everything for my love, But at d end my love compromised me for everything:-(".. Gud mornin:-)",NO_SPAM
"Lmao!nice 1",NO_SPAM
"Glad to see your reply.",NO_SPAM
"URGENT! We are trying to contact U. Todays draw shows that you have won a £800 prize GUARANTEED. Call 09050001295 from land line. Claim A21. Valid 12hrs only",SPAM
"Monthly password for wap. mobsi.com is 391784. Use your wap phone not PC.",SPAM
"Nah dub but je still buff",NO_SPAM
"Painful words- "I thought being Happy was the most toughest thing on Earth... But, the toughest is acting Happy with all unspoken pain inside.."",NO_SPAM
"Yeah, that's fine! It's £6 to get in, is that ok? ",NO_SPAM
"Lol where do u come up with these ideas?",NO_SPAM
"So many people seems to be special at first sight, But only very few will remain special to you till your last sight.. Maintain them till life ends.. Sh!jas",NO_SPAM
"Today is "song dedicated day.." Which song will u dedicate for me? Send this to all ur valuable frnds but first rply me...",NO_SPAM
"Okay... We wait ah",NO_SPAM
"Y lei?",NO_SPAM
"HI BABE U R MOST LIKELY TO BE IN BED BUT IM SO SORRY ABOUT TONIGHT! I REALLY WANNA SEE U TOMORROW SO CALL ME AT 9. LOVE ME XXX",NO_SPAM
"Already am squatting is the new way of walking",NO_SPAM
"Do you want bold 2 or bb torch",NO_SPAM
"Cramps stopped. Going back to sleep",NO_SPAM
"todays vodafone numbers ending with 0089(my last four digits) are selected to received a £350 award. If your number matches please call 09063442151 to claim your £350 award",SPAM
"Free Top ringtone -sub to weekly ringtone-get 1st week free-send SUBPOLY to 81618-?3 per week-stop sms-08718727870",SPAM
"Nan sonathaya soladha. Why boss?",NO_SPAM
"Bring tat cd don forget",NO_SPAM
"Sunshine Quiz Wkly Q! Win a top Sony DVD player if u know which country the Algarve is in? Txt ansr to 82277. £1.50 SP:Tyrone",SPAM
"I don't know but I'm raping dudes at poker",NO_SPAM
"Weightloss! No more girl friends. Make loads of money on ebay or something. And give thanks to God.",NO_SPAM
"Was gr8 to see that message. So when r u leaving? Congrats dear. What school and wat r ur plans.",NO_SPAM
"Ü eatin later but i'm eatin wif my frens now lei... Ü going home first? ",NO_SPAM
"Finish already... Yar they keep saying i mushy... I so embarrassed ok...",NO_SPAM
"Sorry man, my stash ran dry last night and I can't pick up more until sunday",NO_SPAM
"Hai priya are you right. What doctor said pa. Where are you.",NO_SPAM
"Free msg. Sorry, a service you ordered from 81303 could not be delivered as you do not have sufficient credit. Please top up to receive the service.",SPAM
"Ok...",NO_SPAM
"Please ask mummy to call father",NO_SPAM
"Can come my room but cannot come my house cos my house still messy... Haha...",NO_SPAM
"I have lost 10 kilos as of today!",NO_SPAM
"Just taste fish curry :-P",NO_SPAM
"What can i do? Might accidant tookplace between somewhere ghodbandar rd. Traffic moves slovely. So plz slip &amp; don't worry.",NO_SPAM
"Yun ah.now ü wkg where?btw if ü go nus sc. Ü wana specialise in wad?",NO_SPAM
"Yes! I am a one woman man! Please tell me your likes and dislikes in bed...",NO_SPAM
"Was doing my test earlier. I appreciate you. Will call you tomorrow.",NO_SPAM
"How's my loverboy doing ? What does he do that keeps him from coming to his Queen, hmmm ? Doesn't he ache to speak to me ? Miss me desparately ?",NO_SPAM
"U meet other fren dun wan meet me ah... Muz b a guy rite...",NO_SPAM
"(No promises on when though, haven't even gotten dinner yet)",NO_SPAM
"I got your back! Do you have any dislikes in bed?",NO_SPAM
"o turns out i had stereo love on mi phone under the unknown album.",NO_SPAM
"Hard LIVE 121 chat just 60p/min. Choose your girl and connect LIVE. Call 09094646899 now! Cheap Chat UK's biggest live service. VU BCM1896WC1N3XX",SPAM
"Yeah I don't see why not",NO_SPAM
"Asking do u knw them or nt? May be ur frnds or classmates?",NO_SPAM
"Sorry about earlier. Putting out fires.Are you around to talk after 9? Or do you actually have a life, lol!",NO_SPAM
"WOW! The Boys R Back. TAKE THAT 2007 UK Tour. Win VIP Tickets & pre-book with VIP Club. Txt CLUB to 81303. Trackmarque Ltd info@vipclub4u.",SPAM
"As in missionary hook up, doggy hook up, standing...|",NO_SPAM
"Then u better go sleep.. Dun disturb u liao.. U wake up then msg me lor..",NO_SPAM
"Fighting with the world is easy, u either win or lose bt fightng with some1 who is close to u is dificult if u lose - u lose if u win - u still lose.",NO_SPAM
"Am watching house – very entertaining – am getting the whole hugh laurie thing – even with the stick – indeed especially with the stick.",NO_SPAM
"Thought praps you meant another one. Goodo! I'll look tomorrow ",NO_SPAM
"Hi Jon, Pete here, Ive bin 2 Spain recently & hav sum dinero left, Bill said u or ur rents mayb interested in it, I hav 12,000pes, so around £48, tb, James.",NO_SPAM
"There bold 2  &lt;#&gt; . Is that yours",NO_SPAM
"You know there is. I shall speak to you in  &lt;#&gt;  minutes then",NO_SPAM
""ALRITE HUNNY!WOT U UP 2 2NITE? DIDNT END UP GOIN DOWN TOWN JUS DA PUB INSTEAD! JUS CHILLIN AT DA MO IN ME BEDROOM!LOVE JEN XXX."",NO_SPAM
"I went to project centre",NO_SPAM
"As per your request 'Maangalyam (Alaipayuthe)' has been set as your callertune for all Callers. Press *9 to copy your friends Callertune",NO_SPAM
"Lol yeah at this point I guess not",NO_SPAM
"Doing project w frens lor. ",NO_SPAM
"Lol. Well quality aint bad at all so i aint complaining",NO_SPAM
"K, can that happen tonight?",NO_SPAM
"Hi, this is Mandy Sullivan calling from HOTMIX FM...you are chosen to receive £5000.00 in our Easter Prize draw.....Please telephone 09041940223 to claim before 29/03/05 or your prize will be transferred to someone else....",SPAM
"I think we're going to finn's now, come",NO_SPAM
"Why tired what special there you had",NO_SPAM
"I will come tomorrow di",NO_SPAM
"I cant pick the phone right now. Pls send a message",NO_SPAM
"K go and sleep well. Take rest:-).",NO_SPAM
"U guys never invite me anywhere :(",NO_SPAM
"UR GOING 2 BAHAMAS! CallFREEFONE 08081560665 and speak to a live operator to claim either Bahamas cruise of£2000 CASH 18+only. To opt out txt X to 07786200117",SPAM
"I can do that! I want to please you both inside and outside the bedroom...",NO_SPAM
""EY! CALM DOWNON THEACUSATIONS.. ITXT U COS IWANA KNOW WOTU R DOIN AT THEW/END... HAVENTCN U IN AGES..RING ME IF UR UP4 NETHING SAT.LOVE J XXX."",NO_SPAM
"I love to wine and dine my lady!",NO_SPAM
"Someone has conacted our dating service and entered your phone because they fancy you!To find out who it is call from landline 09111030116. PoBox12n146tf15",SPAM
"Im cool ta luv but v.tired 2 cause i have been doin loads of planning all wk, we have got our social services inspection at the nursery! Take care & spk sn x.",NO_SPAM
"I don know account details..i will ask my mom and send you.my mom is out of reach now.",NO_SPAM
"I think u have the wrong number.",NO_SPAM
"Feel Yourself That You Are Always Happy.. Slowly It Becomes Your Habit &amp; Finally It Becomes Part Of Your Life.. Follow It.. Happy Morning &amp; Have A Happy Day:)",NO_SPAM
"DO NOT B LATE LOVE MUM",NO_SPAM
"Got it..mail panren paru..",NO_SPAM
"* Was thinking about chuckin ur red green n black trainners 2 save carryin them bac on train",NO_SPAM
"Give one miss from that number please",NO_SPAM
"Jus came back fr lunch wif my sis only. U leh?",NO_SPAM
"How is your schedule next week? I am out of town this weekend.",NO_SPAM
"Really good:)dhanush rocks once again:)",NO_SPAM
"Lmao ok I wont be needing u to do my hair anymore.",NO_SPAM
"Miss ya, need ya, want ya, love ya.",NO_SPAM
"Sorry i'm not free...",NO_SPAM
"Do u ever get a song stuck in your head for no reason and it won't go away til u listen to it like 5 times?",NO_SPAM
"Nt yet chikku..simple habba..hw abt u?",NO_SPAM
"Got ur mail Dileep.thank you so muchand look forward to lots of support...very less contacts here,remember one venugopal you mentioned.tomorrow if not late,i shall try to come up till there.goodnight dear.",NO_SPAM
"Sometimes Heart Remembrs someone Very much... Forgets someone soon... Bcoz Heart will not like everyone. But liked ones will be Remembered Everytime... BSLVYL",NO_SPAM
"Joy's father is John. Then John is the NAME of Joy's father. Mandan",NO_SPAM
"Hi 07734396839 IBH Customer Loyalty Offer: The NEW NOKIA6600 Mobile from ONLY £10 at TXTAUCTION!Txt word:START to No:81151 & get Yours Now!4T&",SPAM
"Hi this is yijue... It's regarding the 3230 textbook it's intro to algorithms second edition... I'm selling it for $50...",NO_SPAM
"SMS AUCTION You have won a Nokia 7250i. This is what you get when you win our FREE auction. To take part send Nokia to 86021 now. HG/Suite342/2Lands Row/W1JHL 16+",SPAM
"K, want us to come by now?",NO_SPAM
"How. Its a little difficult but its a simple way to enter this place",NO_SPAM
"Ha... Both of us doing e same thing. But i got tv 2 watch. U can thk of where 2 go tonight or u already haf smth in mind...",NO_SPAM
"Dont show yourself. How far. Put new pictures up on facebook.",NO_SPAM
"Watching tv now. I got new job :)",NO_SPAM
"Good afternoon sexy buns! How goes the job search ? I wake and you are my first thought as always, my love. I wish your fine and happy and know I adore you!",NO_SPAM
"I'm not coming over, do whatever you want",NO_SPAM
"Its ok chikku, and its my 1 of favourite song..:-)",NO_SPAM
"Did u see what I posted on your Facebook?",NO_SPAM
"Call FREEPHONE 0800 542 0578 now!",SPAM
"Buy Space Invaders 4 a chance 2 win orig Arcade Game console. Press 0 for Games Arcade (std WAP charge) See o2.co.uk/games 4 Terms + settings. No purchase",SPAM
"7 wonders in My WORLD 7th You 6th Ur style 5th Ur smile 4th Ur Personality 3rd Ur Nature 2nd Ur SMS and 1st "Ur Lovely Friendship"... good morning dear",NO_SPAM
"Loan for any purpose £500 - £75,000. Homeowners + Tenants welcome. Have you been previously refused? We can still help. Call Free 0800 1956669 or text back 'help'",SPAM
"BIG BROTHER ALERT! The computer has selected u for 10k cash or #150 voucher. Call 09064018838. NTT PO Box CRO1327 18+ BT Landline Cost 150ppm mobiles vary",SPAM
";-( oh well, c u later",NO_SPAM
"My uncles in Atlanta. Wish you guys a great semester.",NO_SPAM
"No dear i do have free messages without any recharge. Hi hi hi",NO_SPAM
"Dont search love, let love find U. Thats why its called falling in love, bcoz U dont force yourself, U just fall and U know there is smeone to hold U... BSLVYL",NO_SPAM
"I dun believe u. I thk u told him.",NO_SPAM
"Do you know why god created gap between your fingers..? So that, One who is made for you comes &amp; fills those gaps by holding your hand with LOVE..!",NO_SPAM
"Yes:)sura in sun tv.:)lol.",NO_SPAM
"Arun can u transfr me d amt",NO_SPAM
"Takin a shower now but yeah I'll leave when I'm done",NO_SPAM
"Am not working but am up to eyes in philosophy so will text u later when a bit more free for chat...",NO_SPAM
"U havent lost me ill always b here 4u.i didnt intend 2 hurt u but I never knew how u felt about me when Iwas+marine&thats what itried2tell urmom.i careabout u",NO_SPAM
"WIN: We have a winner! Mr. T. Foley won an iPod! More exciting prizes soon, so keep an eye on ur mobile or visit www.win-82050.co.uk",SPAM
"You bad girl. I can still remember them",NO_SPAM
"How much i gave to you. Morning.",NO_SPAM
"I hope your alright babe? I worry that you might have felt a bit desparate when you learned the job was a fake ? I am here waiting when you come back, my love",NO_SPAM
"Hey, can you tell me blake's address? Carlos wanted me to meet him there but I got lost and he's not answering his phone",NO_SPAM
"Can i get your opinion on something first?",NO_SPAM
"That one week leave i put know that time. Why.",NO_SPAM
"If we hit it off, you can move in with me :)",NO_SPAM
"excellent. I spent  &lt;#&gt;  years in the Air Force. Iraq and afghanistan. I am stable and honest. do you like traveling?",NO_SPAM
"I wanna watch that movie",NO_SPAM
"Ok lor thanx... Ü in school?",NO_SPAM
"I'm in class. Did you get my text.",NO_SPAM
"The bus leaves at  &lt;#&gt; ",NO_SPAM
"God bless.get good sleep my dear...i will pray!",NO_SPAM
"Todays Voda numbers ending 1225 are selected to receive a £50award. If you have a match please call 08712300220 quoting claim code 3100 standard rates app ",SPAM
"Do have a nice day today. I love you so dearly.",NO_SPAM
"Aiyo a bit pai seh ü noe... Scared he dun rem who i am then die... Hee... But he become better lookin oredi leh...",NO_SPAM
"Aight, I'll ask a few of my roommates",NO_SPAM
"Now, whats your house # again ? And do you have any beer there ?",NO_SPAM
"Do ü all wan 2 meet up n combine all the parts? How's da rest of da project going?",NO_SPAM
""Getting tickets 4 walsall tue 6 th march. My mate is getting me them on sat. ill pay my treat. Want 2 go. Txt bak .Terry"",NO_SPAM
"Yes we are chatting too.",NO_SPAM
"HI ITS JESS I DONT KNOW IF YOU ARE AT WORK BUT CALL ME WHEN U CAN IM AT HOME ALL EVE. XXX",NO_SPAM
"Sian... Aft meeting supervisor got work 2 do liao... U working now?",NO_SPAM
"Are you going to write ccna exam this week??",NO_SPAM
"Well i will watch shrek in 3D!!B)",NO_SPAM
"Am i that much dirty fellow?",NO_SPAM
"Dunno dat's wat he told me. Ok lor...",NO_SPAM
"I'll probably be by tomorrow (or even later tonight if something's going on)",NO_SPAM
"I couldn't say no as he is a dying man and I feel sad for him so I will go and I just wanted you to know I would probably be gone late into your night",NO_SPAM
"If you're thinking of lifting me one then no.",NO_SPAM
"Same as u... Dun wan... Y u dun like me already ah... Wat u doing now? Still eating?",NO_SPAM
"Sent me ur email id soon",NO_SPAM
"Wat makes some people dearer is not just de happiness dat u feel when u meet them but de pain u feel when u miss dem!!!",NO_SPAM
"Dude. What's up. How Teresa. Hope you have been okay. When i didnt hear from these people, i called them and they had received the package since dec  &lt;#&gt; . Just thot you'ld like to know. Do have a fantastic year and all the best with your reading. Plus if you can really really Bam first aid for Usmle, then your work is done.",NO_SPAM
"Hey gorgeous man. My work mobile number is. Have a good one babe. Squishy Mwahs.",NO_SPAM
"May i call You later Pls",NO_SPAM
"Hottest pics straight to your phone!! See me getting Wet and Wanting, just for you xx Text PICS to 89555 now! txt costs 150p textoperator g696ga 18 XxX",SPAM
"That's the way you should stay oh.",NO_SPAM
"Hello- thanx for taking that call. I got a job! Starts on monday!",NO_SPAM
"What time is ur flight tmr?",NO_SPAM
"When should I come over?",NO_SPAM
"I have a rather prominent bite mark on my right cheek",NO_SPAM
"* Will be september by then!",NO_SPAM
"Are you wet right now?",NO_SPAM
"And how's your husband.",NO_SPAM
"Hack Chat. Get backdoor entry into 121 chat rooms at a fraction of the cost. Reply NEO69 or call 09050280520, to subscribe 25p pm. DPS, Bcm box 8027 Ldn, wc1n3xx",SPAM
"Are we doing the norm tomorrow? I finish just a 4.15 cos of st tests. Need to sort library stuff out at some point tomo - got letter from today - access til end march so i better get move on!",NO_SPAM
"Yeah. I got a list with only u and Joanna if I'm feeling really anti social",NO_SPAM
"I am in your office na.",NO_SPAM
""Are you comingdown later?"",NO_SPAM
"Super da:)good replacement for murali",NO_SPAM
"Da is good good player.why he is unsold.",NO_SPAM
"Hi. || Do u want | to join me with sts later? || Meeting them at five. || Call u after class.",NO_SPAM
"Its on in engalnd! But telly has decided it won't let me watch it and mia and elliot were kissing! Damn it!",NO_SPAM
"FREE NOKIA Or Motorola with upto 12mths 1/2price linerental, 500 FREE x-net mins&100txt/mth FREE B'tooth*. Call Mobileupd8 on 08001950382 or call 2optout/D3WV",SPAM
"I dont want to hear philosophy. Just say what happen",NO_SPAM
"You got job in wipro:)you will get every thing in life in 2 or 3 years.",NO_SPAM
"Then cant get da laptop? My matric card wif ü lei... ",NO_SPAM
"Dunno da next show aft 6 is 850. Toa payoh got 650.",NO_SPAM
"This is the 2nd time we have tried 2 contact u. U have won the 750 Pound prize. 2 claim is easy, call 08718726970 NOW! Only 10p per min. BT-national-rate ",SPAM
"I just made some payments so dont have that much. Sorry. Would you want it fedex or the other way.",NO_SPAM
"They did't play one day last year know even though they have very good team.. Like india.",NO_SPAM
"K.:)you are the only girl waiting in reception ah?",NO_SPAM
"Say this slowly.? GOD,I LOVE YOU &amp; I NEED YOU,CLEAN MY HEART WITH YOUR BLOOD.Send this to Ten special people &amp; u c miracle tomorrow, do it,pls,pls do it...",NO_SPAM
"I hate when she does this. She turns what should be a fun shopping trip into an annoying day of how everything would look in her house.",NO_SPAM
"Sir, i am waiting for your call.",NO_SPAM
"What's up. Do you want me to come online?",NO_SPAM
"It could work, we'll reach a consensus at the next meeting",NO_SPAM
"Aiyah then i wait lor. Then u entertain me. Hee...",NO_SPAM
"The last thing i ever wanted to do was hurt you. And i didn't think it would have. You'd laugh, be embarassed, delete the tag and keep going. But as far as i knew, it wasn't even up. The fact that you even felt like i would do it to hurt you shows you really don't know me at all. It was messy wednesday, but it wasn't bad. The problem i have with it is you HAVE the time to clean it, but you choose not to. You skype, you take pictures, you sleep, you want to go out. I don't mind a few things here and there, but when you don't make the bed, when you throw laundry on top of it, when i can't have a friend in the house because i'm embarassed that there's underwear and bras strewn on the bed, pillows on the floor, that's something else. You used to be good about at least making the bed.",NO_SPAM
"I'll let you know when it kicks in",NO_SPAM
"You call him now ok i said call him",NO_SPAM
"Call to the number which is available in appointment. And ask to connect the call to waheed fathima.",NO_SPAM
"Or ü go buy wif him then i meet ü later can?",NO_SPAM
"Mmmm ... Fuck ... Not fair ! You know my weaknesses ! *grins* *pushes you to your knee's* *exposes my belly and pulls your head to it* Don't forget ... I know yours too *wicked smile*",NO_SPAM
"Today my system sh get ready.all is well and i am also in the deep well",NO_SPAM
"Mom wants to know where you at",NO_SPAM
"Aight, I'll text you when I'm back",NO_SPAM
"Dont know supports ass and srt i thnk. I think ps3 can play through usb too",NO_SPAM
"Oh ok i didnt know what you meant. Yep i am baby jontin",NO_SPAM
"You have WON a guaranteed £1000 cash or a £2000 prize.To claim yr prize call our customer service representative on",SPAM
"Would you like to see my XXX pics they are so hot they were nearly banned in the uk!",SPAM
"HMV BONUS SPECIAL 500 pounds of genuine HMV vouchers to be won. Just answer 4 easy questions. Play Now! Send HMV to 86688 More info:www.100percent-real.com",SPAM
"Watching tv now. I got new job :)",NO_SPAM
"This pen thing is beyond a joke. Wont a Biro do? Don't do a masters as can't do this ever again! ",NO_SPAM
"I AM AT A PARTY WITH ALEX NICHOLS",NO_SPAM
"U have a secret admirer who is looking 2 make contact with U-find out who they R*reveal who thinks UR so special-call on 09058094594",SPAM
"Just seeing your missed call my dear brother. Do have a gr8 day.",NO_SPAM
"Ok.. Ü finishing soon?",NO_SPAM
"Sorry, I can't help you on this.",NO_SPAM
"Come to me, slave. Your doing it again ... Going into your shell and unconsciously avoiding me ... You are making me unhappy :-(",NO_SPAM
"I love your ass! Do you enjoy doggy style? :)",NO_SPAM
"I think asking for a gym is the excuse for lazy people. I jog.",NO_SPAM
"Dear 0776xxxxxxx U've been invited to XCHAT. This is our final attempt to contact u! Txt CHAT to 86688 150p/MsgrcvdHG/Suite342/2Lands/Row/W1J6HL LDN 18yrs ",SPAM
"Urgent! Please call 09061743811 from landline. Your ABTA complimentary 4* Tenerife Holiday or £5000 cash await collection SAE T&Cs Box 326 CW25WX 150ppm",SPAM
"No. On the way home. So if not for the long dry spell the season would have been over",NO_SPAM
"I gotta collect da car at 6 lei.",NO_SPAM
"Ok but knackered. Just came home and went to sleep! Not good at this full time work lark.",NO_SPAM
"Probably earlier than that if the station's where I think it is",NO_SPAM
"CALL 09090900040 & LISTEN TO EXTREME DIRTY LIVE CHAT GOING ON IN THE OFFICE RIGHT NOW TOTAL PRIVACY NO ONE KNOWS YOUR [sic] LISTENING 60P MIN 24/7MP 0870753331018+",SPAM
"Good Morning plz call me sir",NO_SPAM
"FreeMsg Hey U, i just got 1 of these video/pic fones, reply WILD to this txt & ill send U my pics, hurry up Im so bored at work xxx (18 150p/rcvd STOP2stop)",SPAM
"Uh, heads up we don't have THAT much left",NO_SPAM
"I tot u outside cos darren say u come shopping. Of course we nice wat. We jus went sim lim look at mp3 player.",NO_SPAM
"Aight, sounds good. When do you want me to come down?",NO_SPAM
"Wat would u like 4 ur birthday?",NO_SPAM
"I love working from home :)",NO_SPAM
"And miss vday the parachute and double coins??? U must not know me very well...",NO_SPAM
"Sorry, I'll call later",NO_SPAM
"My sister got placed in birla soft da:-)",NO_SPAM
"Free entry in 2 a weekly comp for a chance to win an ipod. Txt POD to 80182 to get entry (std txt rate) T&C's apply 08452810073 for details 18+",SPAM
"Wah... Okie okie... Muz make use of e unlimited... Haha... ",NO_SPAM
"There're some people by mu, I'm at the table by lambda",NO_SPAM
"And stop being an old man. You get to build snowman snow angels and snowball fights.",NO_SPAM
"ELLO BABE U OK?",NO_SPAM
"Hello beautiful r u ok? I've kinda ad a row wiv and he walked out the pub?? I wanted a night wiv u Miss u ",NO_SPAM
"Then u going ikea str aft dat?",NO_SPAM
"Becoz its  &lt;#&gt;  jan whn al the post ofice is in holiday so she cn go fr the post ofice...got it duffer",NO_SPAM
"Lol grr my mom is taking forever with my prescription. Pharmacy is like 2 minutes away. Ugh.",NO_SPAM
"For real tho this sucks. I can't even cook my whole electricity is out. And I'm hungry.",NO_SPAM
"You want to go? ",NO_SPAM
"New TEXTBUDDY Chat 2 horny guys in ur area 4 just 25p Free 2 receive Search postcode or at gaytextbuddy.com. TXT ONE name to 89693. 08715500022 rpl Stop 2 cnl",SPAM
"Its not that time of the month nor mid of the time?",NO_SPAM
"Fffff. Can you text kadeem or are you too far gone",NO_SPAM
"We not leaving yet. Ok lor then we go elsewhere n eat. U thk...",NO_SPAM
"Is fujitsu s series lifebook good?",NO_SPAM
"Yar i wanted 2 scold u yest but late already... I where got zhong se qing you? If u ask me b4 he ask me then i'll go out w u all lor. N u still can act so real.",NO_SPAM
"Dont know you bring some food",NO_SPAM
"No current and food here. I am alone also",NO_SPAM
"I'll be in sch fr 4-6... I dun haf da book in sch... It's at home...",NO_SPAM
"Hello. They are going to the village pub at 8 so either come here or there accordingly. Ok?",NO_SPAM
"Ok",NO_SPAM
"We don call like  &lt;#&gt;  times oh. No give us hypertension oh.",NO_SPAM
"Dont give a monkeys wot they think and i certainly don't mind. Any friend of mine&all that! Just don't sleep wiv , that wud be annoyin!",NO_SPAM
"Omg it could snow here tonite!",NO_SPAM
"Call from 08702490080 - tells u 2 call 09066358152 to claim £5000 prize. U have 2 enter all ur mobile & personal details @ the prompts. Careful!",SPAM
"Free 1st week entry 2 TEXTPOD 4 a chance 2 win 40GB iPod or £250 cash every wk. Txt VPOD to 81303 Ts&Cs www.textpod.net custcare 08712405020.",SPAM
"Carry on not disturbing both of you",NO_SPAM
"What pa tell me.. I went to bath:-)",NO_SPAM
"Jus finished avatar nigro",NO_SPAM
"R u over scratching it?",NO_SPAM
"Hope you are having a great day.",NO_SPAM
"Did either of you have any idea's? Do you know of anyplaces doing something?",NO_SPAM
"My planning usually stops at "find hella weed, smoke hella weed"",NO_SPAM
"The fact that you're cleaning shows you know why i'm upset. Your priority is constantly "what i want to do," not "what i need to do."",NO_SPAM
"Excellent! Are you ready to moan and scream in ecstasy?",NO_SPAM
"More people are dogging in your area now. Call 09090204448 and join like minded guys. Why not arrange 1 yourself. There's 1 this evening. A£1.50 minAPN LS278BB",SPAM
"Dude avatar 3d was imp. At one point i thought there were actually flies in the room and almost tried hittng one as a reflex",NO_SPAM
"WELL DONE! Your 4* Costa Del Sol Holiday or £5000 await collection. Call 09050090044 Now toClaim. SAE, TCs, POBox334, Stockport, SK38xh, Cost£1.50/pm, Max10mins",SPAM
"K...k:)why cant you come here and search job:)",NO_SPAM
"I got lousy sleep. I kept waking up every 2 hours to see if my cat wanted to come in. I worry about him when its cold :(",NO_SPAM
"Yeah, I'll leave in a couple minutes &amp; let you know when I get to mu",NO_SPAM
"Can ü call me at 10:10 to make sure dat i've woken up...",NO_SPAM
"Hey we can go jazz power yoga hip hop kb and yogasana ",NO_SPAM
"The battery is for mr adewale my uncle. Aka Egbon",NO_SPAM
"I cant pick the phone right now. Pls send a message",NO_SPAM
"Wait 2 min..stand at bus stop",NO_SPAM
"Oh ic. I thought you meant mary jane.",NO_SPAM
"Haha... Really oh no... How? Then will they deduct your lesson tmr?",NO_SPAM
"Nah im goin 2 the wrks with j wot bout u?",NO_SPAM
"Then just eat a shit and wait for ur monkey face bitch.......... U asshole..................",NO_SPAM
"Good night. Am going to sleep.",NO_SPAM
"Aight I'll grab something to eat too, text me when you're back at mu",NO_SPAM
"K...k:)why cant you come here and search job:)",NO_SPAM
"Take something for pain. If it moves however to any side in the next 6hrs see a doctor.",NO_SPAM
"Lol ... Oh no babe, I wont be sliding into your place after midnight, but thanks for the invite",NO_SPAM
"Howz that persons story",NO_SPAM
"Guess what! Somebody you know secretly fancies you! Wanna find out who it is? Give us a call on 09065394973 from Landline DATEBox1282EssexCM61XN 150p/min 18",SPAM
"LOL that would be awesome payback.",NO_SPAM
"it to 80488. Your 500 free text messages are valid until 31 December 2005.",SPAM
"Yes :)it completely in out of form:)clark also utter waste.",NO_SPAM
"Honeybee Said: *I'm d Sweetest in d World* God Laughed &amp; Said: *Wait,U Havnt Met d Person Reading This Msg* MORAL: Even GOD Can Crack Jokes! GM+GN+GE+GN:)",NO_SPAM
"Thanks. It was only from tescos but quite nice. All gone now. Speak soon ",NO_SPAM
"What's a feathery bowa? Is that something guys have that I don't know about?",NO_SPAM
"Even i cant close my eyes you are in me our vava playing umma :-D",NO_SPAM
"2 laptop... I noe infra but too slow lar... I wan fast one",NO_SPAM
"You have won a guaranteed £200 award or even £1000 cashto claim UR award call free on 08000407165 (18+) 2 stop getstop on 88222 PHP",SPAM
"Nvm it's ok...",NO_SPAM
"Enjoy ur life. . Good night",NO_SPAM
"Yes but can we meet in town cos will go to gep and then home. You could text at bus stop. And don't worry we'll have finished by march … ish!",NO_SPAM
"I had askd u a question some hours before. Its answer",NO_SPAM
"Thats cool. Where should i cum? On you or in you? :)",NO_SPAM
"Delhi and chennai still silent.",NO_SPAM
"Lol alright i was thinkin that too haha",NO_SPAM
"Reply to win £100 weekly! Where will the 2006 FIFA World Cup be held? Send STOP to 87239 to end service",SPAM
"No I'm in the same boat. Still here at my moms. Check me out on yo. I'm half naked.",NO_SPAM
"Shhhhh nobody is supposed to know!",NO_SPAM
"Sorry, I'll call later",NO_SPAM
"Sorry, I'll call later in meeting any thing related to trade please call Arul. &lt;#&gt; ",NO_SPAM
"Hey i will be late... i'm at amk. Need to drink tea or coffee",NO_SPAM
"I wnt to buy a BMW car urgently..its vry urgent.but hv a shortage of  &lt;#&gt; Lacs.there is no source to arng dis amt. &lt;#&gt; lacs..thats my prob",NO_SPAM
"Urgent! Please call 09061743810 from landline. Your ABTA complimentary 4* Tenerife Holiday or #5000 cash await collection SAE T&Cs Box 326 CW25WX 150 ppm",SPAM
"The length is e same but e top shorter n i got a fringe now. I thk i'm not going liao. Too lazy. Dun wan 2 distract u also.",NO_SPAM
"S..antha num corrct dane",NO_SPAM
"No calls..messages..missed calls",NO_SPAM
"Sorry, I'll call later",NO_SPAM
"The basket's gettin full so I might be by tonight",NO_SPAM
"HI DARLIN IVE JUST GOT BACK AND I HAD A REALLY NICE NIGHT AND THANKS SO MUCH FOR THE LIFT SEE U TOMORROW XXX",NO_SPAM
"No other Valentines huh? The proof is on your fb page. Ugh I'm so glad I really DIDN'T watch your rupaul show you TOOL!",NO_SPAM
"Free tones Hope you enjoyed your new content. text stop to 61610 to unsubscribe. help:08712400602450p Provided by tones2you.co.uk",SPAM
"Eh den sat u book e kb liao huh...",NO_SPAM
"Have you been practising your curtsey?",NO_SPAM
"Shall i come to get pickle",NO_SPAM
"Lol boo I was hoping for a laugh",NO_SPAM
""YEH I AM DEF UP4 SOMETHING SAT,JUST GOT PAYED2DAY & I HAVBEEN GIVEN A£50 PAY RISE 4MY WORK & HAVEBEEN MADE PRESCHOOLCO-ORDINATOR 2I AM FEELINGOOD LUV"",NO_SPAM
"Well, I have to leave for my class babe ... You never came back to me ... :-( ... Hope you have a nice sleep, my love",NO_SPAM
"LMAO where's your fish memory when I need it?",NO_SPAM
"But i'll b going 2 sch on mon. My sis need 2 take smth.",NO_SPAM
"Idea will soon get converted to live:)",NO_SPAM
"TheMob>Yo yo yo-Here comes a new selection of hot downloads for our members to get for FREE! Just click & open the next link sent to ur fone...",SPAM
"S....s...india going to draw the series after many years in south african soil..",NO_SPAM
"Goodmorning, today i am late for  &lt;DECIMAL&gt; min.",NO_SPAM
"Can't take any major roles in community outreach. You rock mel",NO_SPAM
"Shopping lor. Them raining mah hard 2 leave orchard.",NO_SPAM
"Hi here. have birth at on the  to  at 8lb 7oz. Mother and baby doing brilliantly.",NO_SPAM
"See the forwarding message for proof",NO_SPAM
"I can't keep going through this. It was never my intention to run you out, but if you choose to do that rather than keep the room clean so *I* don't have to say no to visitors, then maybe that's the best choice. Yes, I wanted you to be embarassed, so maybe you'd feel for once how I feel when i have a friend who wants to drop buy and i have to say no, as happened this morning. I've tried everything. I don't know what else to do.",NO_SPAM
"Dunno lei... I thk mum lazy to go out... I neva ask her yet...",NO_SPAM
"Do whatever you want. You know what the rules are. We had a talk earlier this week about what had to start happening, you showing responsibility. Yet, every week it's can i bend the rule this way? What about that way? Do whatever. I'm tired of having thia same argument with you every week. And a  &lt;#&gt;  movie DOESNT inlude the previews. You're still getting in after 1.",NO_SPAM
"Beautiful Truth against Gravity.. Read carefully: "Our heart feels light when someone is in it.. But it feels very heavy when someone leaves it.." GOODMORNING",NO_SPAM
"Great News! Call FREEFONE 08006344447 to claim your guaranteed £1000 CASH or £2000 gift. Speak to a live operator NOW!",SPAM
"Ambrith..madurai..met u in arun dha marrge..remembr?",NO_SPAM
"Just re read it and I have no shame but tell me how he takes it and if he runs I will blame u 4 ever!! Not really 4 ever just a long time ",NO_SPAM
"Princess, is your kitty shaved or natural?",NO_SPAM
"Better than bb. If he wont use it, his wife will or them doctor",NO_SPAM
"Ya it came a while ago",NO_SPAM
"From tomorrow onwards eve 6 to 3 work.",NO_SPAM
"Anything lor but toa payoh got place 2 walk meh...",NO_SPAM
"I don't have anybody's number, I still haven't thought up a tactful way to ask alex",NO_SPAM
"U can WIN £100 of Music Gift Vouchers every week starting NOW Txt the word DRAW to 87066 TsCs www.ldew.com SkillGame,1Winaweek, age16.150ppermessSubscription",SPAM
"Is there any movie theatre i can go to and watch unlimited movies and just pay once?",NO_SPAM
"U having lunch alone? I now so bored...",NO_SPAM
"Yes obviously, but you are the eggs-pert and the potato head… Speak soon! ",NO_SPAM
"Nah man, my car is meant to be crammed full of people",NO_SPAM
"No got new job at bar in airport on satsgettin 4.47per hour but means no lie in! keep in touch",NO_SPAM
"Kallis is ready for bat in 2nd innings",NO_SPAM
"Thanx but my birthday is over already.",NO_SPAM
"Ugh y can't u just apologize, admit u were wrong and ask me to take u back?",NO_SPAM
"I noe la... U wana pei bf oso rite... K lor, other days den...",NO_SPAM
"Yes, i'm small kid.. And boost is the secret of my energy..",NO_SPAM
"IM GONNA MISS U SO MUCH",NO_SPAM
"Is avatar supposed to have subtoitles",NO_SPAM
"Simply sitting and watching match in office..",NO_SPAM
"You can jot down things you want to remember later.",NO_SPAM
"Oh sorry please its over",NO_SPAM
"Hey are we going for the lo lesson or gym? ",NO_SPAM
"Dont pack what you can buy at any store.like cereals. If you must pack food, pack gari or something 9ja that you will miss.",NO_SPAM
"You always make things bigger than they are",NO_SPAM
"Ü dun wan to watch infernal affair?",NO_SPAM
"Me not waking up until 4 in the afternoon, sup",NO_SPAM
"4mths half price Orange line rental & latest camera phones 4 FREE. Had your phone 11mths ? Call MobilesDirect free on 08000938767 to update now! or2stoptxt",SPAM
"I can send you a pic if you like :)",NO_SPAM
"Okay... I booked all already... Including the one at bugis.",NO_SPAM
"Aight fuck it, I'll get it later",NO_SPAM
"No de. But call me after some time. Ill tell you k",NO_SPAM
"So dont use hook up any how",NO_SPAM
"How much is blackberry bold2 in nigeria.",NO_SPAM
"Hi where you. You in home or calicut?",NO_SPAM
"Hey darlin.. i can pick u up at college if u tell me wen & where 2 mt.. love Pete xx",NO_SPAM
"Call 09094100151 to use ur mins! Calls cast 10p/min (mob vary). Service provided by AOM, just GBP5/month. AOM Box61,M60 1ER until u stop. Ages 18+ only!",SPAM
"Oh... I was thkin of goin yogasana at 10 den no nd to go at 3 den can rush to parco 4 nb... Okie lor, u call me when ready...",NO_SPAM
"Y so late but i need to go n get da laptop...",NO_SPAM
"Sir, I am waiting for your mail.",NO_SPAM
".Please charge my mobile when you get up in morning.",NO_SPAM
"Nothing, i got msg frm tht unknown no..",NO_SPAM
"Ugh fuck it I'm resubbing to eve",NO_SPAM
"He didn't see his shadow. We get an early spring yay",NO_SPAM
"I did. One slice and one breadstick. Lol",NO_SPAM
"Hey ! I want you ! I crave you ! I miss you ! I need you ! I love you, Ahmad Saeed al Hallaq ...",NO_SPAM
"Is there any training tomorrow?",NO_SPAM
"URGENT! Your mobile No *********** WON a £2,000 Bonus Caller Prize on 02/06/03! This is the 2nd attempt to reach YOU! Call 09066362220 ASAP! BOX97N7QP, 150ppm",SPAM
"Pass dis to all ur contacts n see wat u get! Red;i'm in luv wid u. Blue;u put a smile on my face. Purple;u r realy hot. Pink;u r so swt. Orange;i thnk i lyk u. Green;i realy wana go out wid u. Yelow;i wnt u bck. Black;i'm jealous of u. Brown;i miss you Nw plz giv me one color",NO_SPAM
"Cos daddy arranging time c wat time fetch ü mah...",NO_SPAM
"Then. You are eldest know.",NO_SPAM
"Who's there say hi to our drugdealer",NO_SPAM
"Its hard to believe things like this. All can say lie but think twice before saying anything to me.",NO_SPAM
"Eerie Nokia tones 4u, rply TONE TITLE to 8007 eg TONE DRACULA to 8007 Titles: GHOST, ADDAMSFA, MUNSTERS, EXORCIST, TWILIGHT www.getzed.co.uk POBox36504W45WQ 150p ",SPAM
"Sexy Singles are waiting for you! Text your AGE followed by your GENDER as wither M or F E.G.23F. For gay men text your AGE followed by a G. e.g.23G.",SPAM
"Good night my dear.. Sleepwell&amp;Take care",NO_SPAM
"That is wondarfull song",NO_SPAM
"FreeMsg: Claim ur 250 SMS messages-Text OK to 84025 now!Use web2mobile 2 ur mates etc. Join Txt250.com for 1.50p/wk. T&C BOX139, LA32WU. 16 . Remove txtX or stop",SPAM
"Yar lor actually we quite fast... Cos da ge slow wat... Haha...",NO_SPAM
"Must come later.. I normally bathe him in da afternoon mah..",NO_SPAM
"Trust me. Even if isn't there, its there.",NO_SPAM
"Hey hun-onbus goin 2 meet him. He wants 2go out 4a meal but I donyt feel like it cuz have 2 get last bus home!But hes sweet latelyxxx",NO_SPAM
"85233 FREE>Ringtone!Reply REAL",SPAM
"I can take you at like noon",NO_SPAM
"Where is it. Is there any opening for mca.",NO_SPAM
"I'm aight. Wat's happening on your side.",NO_SPAM
"I'm done oredi...",NO_SPAM
"you are sweet as well, princess. Please tell me your likes and dislikes in bed...",NO_SPAM
"How are you. Wish you a great semester",NO_SPAM
"Moji i love you more than words. Have a rich day",NO_SPAM
"Dude how do you like the buff wind.",NO_SPAM
""alright babe, justthought id sayhey! how u doin?nearly the endof me wk offdam nevamind!We will have 2Hook up sn if uwant m8? loveJen x."",NO_SPAM
"Well done ENGLAND! Get the official poly ringtone or colour flag on yer mobile! text TONE or FLAG to 84199 NOW! Opt-out txt ENG STOP. Box39822 W111WX £1.50",SPAM
"No i'm not. I can't give you everything you want and need. You actually could do better for yourself on yor own--you've got more money than i do. I can't get work, i can't get a man, i can't pay the rent, i can't even fill my fucking gas tank. yes, i'm stressed and depressed. I didn't even call home for thanksgiving cuz i'll have to tell them i,m up to nothing.",NO_SPAM
"S:-)kallis wont play in first two odi:-)",NO_SPAM
"Then get some cash together and I'll text jason",NO_SPAM
"Oh, my love, it's soooo good to hear from you. Omg I missed you so much today. I'm sorry your having problems with the provider but thank you for tming me",NO_SPAM
"Final Chance! Claim ur £150 worth of discount vouchers today! Text YES to 85023 now! SavaMob, member offers mobile! T Cs SavaMob POBOX84, M263UZ. £3.00 Subs 16",SPAM
"PRIVATE! Your 2004 Account Statement for 07742676969 shows 786 unredeemed Bonus Points. To claim call 08719180248 Identifier Code: 45239 Expires",SPAM
"Probably, want to pick up more?",NO_SPAM
"I'm done...",NO_SPAM
"Are you the cutest girl in the world or what",NO_SPAM
"No dice, art class 6 thru 9 :( thanks though. Any idea what time I should come tomorrow?",NO_SPAM
"SMS SERVICES. for your inclusive text credits, pls goto www.comuk.net login= ***** unsubscribe with STOP. no extra charge. help:08700469649. PO BOX420. IP4 5WE",SPAM
"Oh Howda gud gud.. Mathe en samachara chikku:-)",NO_SPAM
"I thk 530 lor. But dunno can get tickets a not. Wat u doing now?",NO_SPAM
"Audrie lousy autocorrect",NO_SPAM
"Its a site to simulate the test. It just gives you very tough questions to test your readiness.",NO_SPAM
"Anyway seriously hit me up when you're back because otherwise I have to light up with armand and he always has shit and/or is vomiting",NO_SPAM
"I fetch yun or u fetch?",NO_SPAM
"Thank you. I like you as well...",NO_SPAM
"Hmmm ... And imagine after you've come home from that having to rub my feet, make me dinner and help me get ready for my date ! Are you sure your ready for that kind of life ?",NO_SPAM
"FREE2DAY sexy St George's Day pic of Jordan!Txt PIC to 89080 dont miss out, then every wk a saucy celeb!4 more pics c PocketBabe.co.uk 0870241182716 £3/wk",SPAM
"Lara said she can loan me  &lt;#&gt; .",NO_SPAM
"Do we have any spare power supplies",NO_SPAM
"Yar he quite clever but aft many guesses lor. He got ask me 2 bring but i thk darren not so willing 2 go. Aiya they thk leona still not attach wat.",NO_SPAM
"You are a winner you have been specially selected to receive £1000 cash or a £2000 award. Speak to a live operator to claim call 087123002209am-7pm. Cost 10p",SPAM
"Yeah, don't go to bed, I'll be back before midnight",NO_SPAM
"Sunshine Hols. To claim ur med holiday send a stamped self address envelope to Drinks on Us UK, PO Box 113, Bray, Wicklow, Eire. Quiz Starts Saturday! Unsub Stop",SPAM
"Well I wasn't available as I washob nobbing with last night so they had to ask Nickey Platt instead of me!;",NO_SPAM
"It's that time of the week again, ryan",NO_SPAM
"Wish u many many returns of the day.. Happy birthday vikky..",NO_SPAM
"U can WIN £100 of Music Gift Vouchers every week starting NOW Txt the word DRAW to 87066 TsCs www.Idew.com SkillGame, 1Winaweek, age16. 150ppermessSubscription",SPAM
"I hope you know I'm still mad at you.",NO_SPAM
"Argh my 3g is spotty, anyway the only thing I remember from the research we did was that province and sterling were the only problem-free places we looked at",NO_SPAM
"In xam hall boy asked girl Tell me the starting term for dis answer I can den manage on my own After lot of hesitation n lookin around silently she said THE! intha ponnungale ipaditan;)",NO_SPAM
"Do you know when the result.",NO_SPAM
"+123 Congratulations - in this week's competition draw u have won the £1450 prize to claim just call 09050002311 b4280703. T&Cs/stop SMS 08718727868. Over 18 only 150ppm",SPAM
"Beautiful Truth against Gravity.. Read carefully: "Our heart feels light when someone is in it.. But it feels very heavy when someone leaves it.." GOOD NIGHT",NO_SPAM
"Sorry im getting up now, feel really bad- totally rejected that kinda me thing.",NO_SPAM
"You do got a shitload of diamonds though",NO_SPAM
"Tessy..pls do me a favor. Pls convey my birthday wishes to Nimya..pls dnt forget it. Today is her birthday Shijas",NO_SPAM
"Well I'm going to be an aunty!",NO_SPAM
"Mine here like all fr china then so noisy.",NO_SPAM
"Later i guess. I needa do mcat study too.",NO_SPAM
"S...from the training manual it show there is no tech process:)its all about password reset and troubleshooting:)",NO_SPAM
"Your B4U voucher w/c 27/03 is MARSMS. Log onto www.B4Utele.com for discount credit. To opt out reply stop. Customer care call 08717168528",SPAM
"Spoke with uncle john today. He strongly feels that you need to sacrifice to keep me here. He's going to call you. When he does, i beg you to just listen. Dont make any promises or make it clear things are not easy. And i need you to please let us work things out. As long as i keep expecting help, my creativity will be stifled so pls just keep him happy, no promises on your part.",NO_SPAM
"If he started searching he will get job in few days.he have great potential and talent.",NO_SPAM
"Carlos took a while (again), we leave in a minute",NO_SPAM
"Well done and ! luv ya all ",NO_SPAM
"Then why you came to hostel.",NO_SPAM
"K still are you loving me.",NO_SPAM
"But i juz remembered i gotta bathe my dog today..",NO_SPAM
"After the drug she will be able to eat.",NO_SPAM
"Alright took the morphine. Back in yo.",NO_SPAM
"You see the requirements please",NO_SPAM
"You stayin out of trouble stranger!!saw Dave the other day hes sorted now!still with me bloke when u gona get a girl MR!ur mum still Thinks we will get 2GETHA! ",NO_SPAM
"FreeMsg: Hey - I'm Buffy. 25 and love to satisfy men. Home alone feeling randy. Reply 2 C my PIX! QlynnBV Help08700621170150p a msg Send stop to stop txts",SPAM
"Sunshine Hols. To claim ur med holiday send a stamped self address envelope to Drinks on Us UK, PO Box 113, Bray, Wicklow, Eire. Quiz Starts Saturday! Unsub Stop",SPAM
"So can collect ur laptop?",NO_SPAM
"Ok. Can be later showing around 8-8:30 if you want + cld have drink before. Wld prefer not to spend money on nosh if you don't mind, as doing that nxt wk.",NO_SPAM
"I will once i get home",NO_SPAM
"Waaaat?? Lololo ok next time then!",NO_SPAM
"The table's occupied, I'm waiting by the tree",NO_SPAM
"I surely dont forgot to come:)i will always be in touch in with you:-)",NO_SPAM
"Hi kindly give us back our documents which we submitted for loan from STAPATI",NO_SPAM
"I dont have i shall buy one dear",NO_SPAM
"Oh god i am happy to see your message after 3 days",NO_SPAM
"What year. And how many miles.",NO_SPAM
"Hey cutie. How goes it? Here in WALES its kinda ok. There is like hills and shit but i still avent killed myself. ",NO_SPAM
"Sad story of a Man - Last week was my b'day. My Wife did'nt wish me. My Parents forgot n so did my Kids . I went to work. Even my Colleagues did not wish. As I entered my cabin my PA said, '' Happy B'day Boss !!''. I felt special. She askd me 4 lunch. After lunch she invited me to her apartment. We went there. She said,'' do u mind if I go into the bedroom for a minute ? '' ''OK'', I sed in a sexy mood. She came out 5 minuts latr wid a cake...n My Wife, My Parents, My Kidz, My Friends n My Colleagues. All screaming.. SURPRISE !! and I was waiting on the sofa.. ... ..... ' NAKED...!",NO_SPAM
"I think you should go the honesty road. Call the bank tomorrow. Its the tough decisions that make us great people.",NO_SPAM
"FREE for 1st week! No1 Nokia tone 4 ur mob every week just txt NOKIA to 87077 Get txting and tell ur mates. zed POBox 36504 W45WQ norm150p/tone 16+",SPAM
"No. Its not specialisation. Can work but its slave labor. Will look for it this month sha cos no shakara 4 beggar.",NO_SPAM
"Is she replying. Has boye changed his phone number",NO_SPAM
"1) Go to write msg 2) Put on Dictionary mode 3)Cover the screen with hand, 4)Press  &lt;#&gt; . 5)Gently remove Ur hand.. Its interesting..:)",NO_SPAM
"hi my darlin im on my way to London and we have just been smashed into by another driver! and have a big dent! im really missing u what have u been up to? xxx",NO_SPAM
"Nothing really, just making sure everybody's up to speed",NO_SPAM
"I'm not coming home 4 dinner.",NO_SPAM
"Thank you. And by the way, I just lost.",NO_SPAM
"Yes.he have good crickiting mind",NO_SPAM
"Thx. All will be well in a few months",NO_SPAM
"Shop till u Drop, IS IT YOU, either 10K, 5K, £500 Cash or £100 Travel voucher, Call now, 09064011000. NTT PO Box CR01327BT fixedline Cost 150ppm mobile vary",SPAM
""CAN I PLEASE COME UP NOW IMIN TOWN.DONTMATTER IF URGOIN OUTL8R,JUST REALLYNEED 2DOCD.PLEASE DONTPLEASE DONTIGNORE MYCALLS,U NO THECD ISV.IMPORTANT TOME 4 2MORO"",NO_SPAM
"I wont. So wat's wit the guys",NO_SPAM
"Yavnt tried yet and never played original either",NO_SPAM
"Hiya, had a good day? Have you spoken to since the weekend?",NO_SPAM
"See? I thought it all through",NO_SPAM
"I'm at work. Please call",NO_SPAM
"get ready to moan and scream :)",NO_SPAM
"Oh k :)why you got job then whats up?",NO_SPAM
"I don,t think so. You don't need to be going out that late on a school night. ESPECIALLY when the one class you have is the one you missed last wednesday and probably failed a test in on friday",NO_SPAM
"And popping &lt;#&gt; ibuprofens was no help.",NO_SPAM
"Babe ! How goes that day ? What are you doing ? Where are you ? I sip my cappuccino and think of you, my love ... I send a kiss to you from across the sea",NO_SPAM
"Ok.",NO_SPAM
"PS U no ur a grown up now right?",NO_SPAM
"Chinatown got porridge, claypot rice, yam cake, fishhead beehoon... Either we eat cheap den go cafe n tok or go nydc or somethin...",NO_SPAM
"I know a few people I can hit up and fuck to the yes",NO_SPAM
"Purity of friendship between two is not about smiling after reading the forwarded message..Its about smiling just by seeing the name. Gud evng",NO_SPAM
"So is there anything specific I should be doing with regards to jaklin or what because idk what the fuck",NO_SPAM
"Oh god. I'm gonna Google nearby cliffs now.",NO_SPAM
"FREE camera phones with linerental from 4.49/month with 750 cross ntwk mins. 1/2 price txt bundle deals also avble. Call 08001950382 or call2optout/J MF",SPAM
"Yup i shd haf ard 10 pages if i add figures... Ü all got how many pages?",NO_SPAM
"Ooh, 4got, i'm gonna start belly dancing in moseley weds 6.30 if u want 2 join me, they have a cafe too. ",NO_SPAM
"Thankyou so much for the call. I appreciate your care.",NO_SPAM
"Congrats ! Treat pending.i am not on mail for 2 days.will mail once thru.Respect mother at home.check mails.",NO_SPAM
"I called but no one pick up e phone. I ask both of them already they said ok.",NO_SPAM
"Hi my email address has changed now it is ",NO_SPAM
"V-aluable. A-ffectionate. L-oveable. E-ternal. N-oble. T-ruthful. I-ntimate. N-atural. E-namous. Happy "VALENTINES DAY" in advance",NO_SPAM
"Not much, just some textin'. How bout you?",NO_SPAM
"Bring it if you got it",NO_SPAM
"I'm in a movie. Call me 4 wat?",NO_SPAM
"Not sure I have the stomach for it ...",NO_SPAM
"Haha... can... But i'm having dinner with my cousin...",NO_SPAM
"A boy was late 2 home. His father: "POWER OF FRNDSHIP"",NO_SPAM
"(And my man carlos is definitely coming by mu tonight, no excuses)",NO_SPAM
"soon you will have the real thing princess! Do i make you wet? :)",NO_SPAM
"Raji..pls do me a favour. Pls convey my Birthday wishes to Nimya. Pls. Today is her birthday.",NO_SPAM
"Haha, my legs and neck are killing me and my amigos are hoping to end the night with a burn, think I could swing by in like an hour?",NO_SPAM
"URGENT! Your mobile No 07xxxxxxxxx won a £2,000 bonus caller prize on 02/06/03! this is the 2nd attempt to reach YOU! call 09066362231 ASAP! BOX97N7QP, 150PPM",SPAM
"Usually the body takes care of it buy making sure it doesnt progress. Can we pls continue this talk on saturday.",NO_SPAM
"URGENT!! Your 4* Costa Del Sol Holiday or £5000 await collection. Call 09050090044 Now toClaim. SAE, TC s, POBox334, Stockport, SK38xh, Cost£1.50/pm, Max10mins",SPAM
"Hmm well, night night ",NO_SPAM
"Just wanted to say holy shit you guys weren't kidding about this bud",NO_SPAM
"Just gettin a bit arty with my collages at the mo, well tryin 2 ne way! Got a roast in a min lovely i shall enjoy that!",NO_SPAM
"This is one of the days you have a billion classes, right?",NO_SPAM
"Goodmorning, today i am late for 2hrs. Because of back pain.",NO_SPAM
"Ok then i'll let him noe later n ask him call u tmr...",NO_SPAM
"Prabha..i'm soryda..realy..frm heart i'm sory",NO_SPAM
"OK i'm waliking ard now... Do u wan me 2 buy anything go ur house?",NO_SPAM
"* Will have two more cartons off u and is very pleased with shelves",NO_SPAM
"Nice talking to you! please dont forget my pix :) i want to see all of you...",NO_SPAM
"You have WON a guaranteed £1000 cash or a £2000 prize. To claim yr prize call our customer service representative on 08714712379 between 10am-7pm Cost 10p",SPAM
"But really quite funny lor wat... Then u shd haf run shorter distance wat...",NO_SPAM
"I notice you like looking in the shit mirror youre turning into a right freak",NO_SPAM
"Great. I was getting worried about you. Just know that a wonderful and caring person like you will have only the best in life. Know that u r wonderful and God's love is yours.",NO_SPAM
"Thanks for your ringtone order, ref number K718. Your mobile will be charged £4.50. Should your tone not arrive please call customer services on 09065069120",SPAM
"I prefer my free days... Tues, wed, fri oso can... Ü ask those workin lor...",NO_SPAM
"Alrite jod hows the revision goin? Keris bin doin a smidgin. N e way u wanna cum over after college?xx",NO_SPAM
"If you have belive me. Come to my home.",NO_SPAM
"Oh k.k..where did you take test?",NO_SPAM
"Those were my exact intentions",NO_SPAM
"haha but no money leh... Later got to go for tuition... Haha and looking for empty slots for driving lessons",NO_SPAM
"Hey... Thk we juz go accordin to wat we discussed yest lor, except no kb on sun... Cos there's nt much lesson to go if we attend kb on sat...",NO_SPAM
"K, wen ur free come to my home and also tel vikky i hav sent mail to him also.. Better come evening il be free today aftr 6pm..:-)",NO_SPAM
"Nothing just getting msgs by dis name wit different no's..",NO_SPAM
"Good Morning plz call me sir",NO_SPAM
"What's your room number again? Wanna make sure I'm knocking on the right door",NO_SPAM
""Si.como no?!listened2the plaid album-quite gd&the new air1 which is hilarious-also boughtbraindancea comp.ofstuff on aphexs ;abel,u hav2hear it!c u sn xxxx"",NO_SPAM
"Pls tell nelson that the bb's are no longer comin. The money i was expecting aint coming",NO_SPAM
"Give her something to drink, if she takes it and doesn't vomit then you her temp might drop. If she unmits however let me know.",NO_SPAM
"Think you sent the text to the home phone. That cant display texts. If you still want to send it his number is",NO_SPAM
"Every day i use to sleep after  &lt;#&gt;  so only.",NO_SPAM
"K I'll call you when I'm close",NO_SPAM
"U buy newspapers already?",NO_SPAM
"Nope wif my sis lor... Aft bathing my dog then i can bathe... Looks like it's going 2 rain soon.",NO_SPAM
"Boo I'm on my way to my moms. She's making tortilla soup. Yummmm",NO_SPAM
"No management puzzeles.",NO_SPAM
"How did you find out in a way that didn't include all of these details",NO_SPAM
"Hi ya babe x u 4goten bout me?' scammers getting smart..Though this is a regular vodafone no, if you respond you get further prem rate msg/subscription. Other nos used also. Beware!",SPAM
"Back 2 work 2morro half term over! Can U C me 2nite 4 some sexy passion B4 I have 2 go back? Chat NOW 09099726481 Luv DENA Calls £1/minMobsmoreLKPOBOX177HP51FL",SPAM
"will you like to be spoiled? :)",NO_SPAM
"Thanks for your ringtone order, ref number R836. Your mobile will be charged £4.50. Should your tone not arrive please call customer services on 09065069154",SPAM
"I am getting threats from your sales executive Shifad as i raised complaint against him. Its an official message.",NO_SPAM
"hope things went well at 'doctors' ;) reminds me i still need 2go.did u c d little thing i left in the lounge?",NO_SPAM
"Den wat will e schedule b lk on sun?",NO_SPAM
"Lol enjoy role playing much?",NO_SPAM
"Ok. Me watching tv too.",NO_SPAM
"I just lov this line: "Hurt me with the truth, I don't mind,i wil tolerat.bcs ur my someone..... But, Never comfort me with a lie" gud ni8 and sweet dreams",NO_SPAM
"Just checked out, heading out to drop off my stuff now",NO_SPAM
"Here got lots of hair dresser fr china.",NO_SPAM
"Sad story of a Man - Last week was my b'day. My Wife did'nt wish me. My Parents forgot n so did my Kids . I went to work. Even my Colleagues did not wish.",NO_SPAM
"Ill call you evening ill some ideas.",NO_SPAM
"SplashMobile: Choose from 1000s of gr8 tones each wk! This is a subscrition service with weekly tones costing 300p. U have one credit - kick back and ENJOY",SPAM
"Did you show him and wot did he say or could u not c him 4 dust?",NO_SPAM
"It should take about  &lt;#&gt;  min",NO_SPAM
"Not heard from U4 a while. Call 4 rude chat private line 01223585334 to cum. Wan 2C pics of me gettin shagged then text PIX to 8552. 2End send STOP 8552 SAM xxx",SPAM
"Ok . . now i am in bus. . If i come soon i will come otherwise tomorrow",NO_SPAM
"I cant pick the phone right now. Pls send a message",NO_SPAM
"<Forwarded from 88877>FREE entry into our £250 weekly comp just send the word ENTER to 88877 NOW. 18 T&C www.textcomp.com",SPAM
"Finish liao... U?",NO_SPAM
"88066 FROM 88066 LOST 3POUND HELP",SPAM
"Haha i think i did too",NO_SPAM
"U know we watchin at lido?",NO_SPAM
"Life spend with someone for a lifetime may be meaningless but a few moments spent with someone who really love you means more than life itself..",NO_SPAM
"Haha awesome, I've been to 4u a couple times. Who all's coming?",NO_SPAM
"Cold. Dont be sad dear",NO_SPAM
"Think I could stop by in like an hour or so? My roommate's looking to stock up for a trip",NO_SPAM
"Is that on the telly? No its Brdget Jones!",NO_SPAM
"Love you aathi..love u lot..",NO_SPAM
"Hello! How r u? Im bored. Inever thought id get bored with the tv but I am. Tell me something exciting has happened there? Anything! =/",NO_SPAM
"Hmm...Bad news...Hype park plaza $700 studio taken...Only left 2 bedrm-$900...",NO_SPAM
"Sorry, I'll call later in meeting",NO_SPAM
"R ü comin back for dinner?",NO_SPAM
"I hav almost reached. Call, i m unable to connect u.",NO_SPAM
"Whom you waited for yesterday",NO_SPAM
"I reach home safe n sound liao...",NO_SPAM
"Velly good, yes please!",NO_SPAM
"Hi, wkend ok but journey terrible. Wk not good as have huge back log of marking to do",NO_SPAM
"I have had two more letters from . I will copy them for you cos one has a message for you. Speak soon",NO_SPAM
"Alex knows a guy who sells mids but he's down in south tampa and I don't think I could set it up before like 8",NO_SPAM
"Dont you have message offer",NO_SPAM
"Had your mobile 11mths ? Update for FREE to Oranges latest colour camera mobiles & unlimited weekend calls. Call Mobile Upd8 on freefone 08000839402 or 2StopTx",SPAM
"HEY THERE BABE, HOW U DOIN? WOT U UP 2 2NITE LOVE ANNIE X.",NO_SPAM
"Remind me how to get there and I shall do so",NO_SPAM
":-( that's not v romantic!",NO_SPAM
"Hello. Damn this christmas thing. I think i have decided to keep this mp3 that doesnt work.",NO_SPAM
"You have 1 new message. Please call 08718738034.",SPAM
"HI DARLIN IM MISSIN U HOPE YOU ARE HAVING A GOOD TIME. WHEN ARE U BACK AND WHAT TIME IF U CAN GIVE ME A CALL AT HOME. JESS XX",NO_SPAM
"<Forwarded from 21870000>Hi - this is your Mailbox Messaging SMS alert. You have 4 messages. You have 21 matches. Please call back on 09056242159 to retrieve your messages and matches",SPAM
"Draw va?i dont think so:)",NO_SPAM
"Dont pick up d call when something important is There to tell. Hrishi",NO_SPAM
"Congrats! 1 year special cinema pass for 2 is yours. call 09061209465 now! C Suprman V, Matrix3, StarWars3, etc all 4 FREE! bx420-ip4-5we. 150pm. Dont miss out!",SPAM
"Nothin comes to my mind. Ü help me buy hanger lor. Ur laptop not heavy?",NO_SPAM
"&lt;#&gt; , that's all? Guess that's easy enough",NO_SPAM
"We can make a baby in yo tho",NO_SPAM
"Should I tell my friend not to come round til like  &lt;#&gt; ish?",NO_SPAM
"Friendship poem: Dear O Dear U R Not Near But I Can Hear Dont Get Fear Live With Cheer No More Tear U R Always my Dear. Gud ni8",NO_SPAM
"Still in the area of the restaurant. Ill try to come back soon",NO_SPAM
"Aight that'll work, thanks",NO_SPAM
"WIN a year supply of CDs 4 a store of ur choice worth £500 & enter our £100 Weekly draw txt MUSIC to 87066 Ts&Cs www.Ldew.com.subs16+1win150ppmx3",SPAM
"Moby Pub Quiz.Win a £100 High Street prize if u know who the new Duchess of Cornwall will be? Txt her first name to 82277.unsub STOP £1.50 008704050406 SP Arrow",SPAM
"I have 2 sleeping bags, 1 blanket and paper and  phone details. Anything else?",NO_SPAM
"You have won a Nokia 7250i. This is what you get when you win our FREE auction. To take part send Nokia to 86021 now. HG/Suite342/2Lands Row/W1JHL 16+ ",SPAM
"Congratulations! Thanks to a good friend U have WON the £2,000 Xmas prize. 2 claim is easy, just call 08718726971 NOW! Only 10p per minute. BT-national-rate.",SPAM
"tddnewsletter@emc1.co.uk (More games from TheDailyDraw) Dear Helen, Dozens of Free Games - with great prizesWith..",SPAM
"So what do you guys do.",NO_SPAM
"Also that chat was awesome but don't make it regular unless you can see her in person",NO_SPAM
"That's significant but dont worry.",NO_SPAM
"That's cause your old. I live to be high.",NO_SPAM
"Waqt se pehle or naseeb se zyada kisi ko kuch nahi milta,Zindgi wo nahi he jo hum sochte hai Zindgi wo hai jo ham jeetey hai..........",NO_SPAM
"On the way to office da..",NO_SPAM
"In which place do you want da.",NO_SPAM
"This pain couldn't have come at a worse time.",NO_SPAM
"Ok...",NO_SPAM
"Should I be stalking u?",NO_SPAM
"Sorry dude. Dont know how i forgot. Even after Dan reminded me. Sorry. Hope you guys had fun.",NO_SPAM
"Ok lor.",NO_SPAM
"Apps class varaya elaya.",NO_SPAM
"The Xmas story is peace.. The Xmas msg is love.. The Xmas miracle is jesus.. Hav a blessed month ahead &amp; wish U Merry Xmas...",NO_SPAM
"URGENT! Your mobile number *************** WON a £2000 Bonus Caller prize on 10/06/03! This is the 2nd attempt to reach you! Call 09066368753 ASAP! Box 97N7QP, 150ppm",SPAM
"That day you asked about anand number. Why:-)",NO_SPAM
"Am surfing online store. For offers do you want to buy any thing.",NO_SPAM
"Long beach lor. Expected... U having dinner now?",NO_SPAM
"At home by the way",NO_SPAM
"We are both fine. Thanks",NO_SPAM
"What happen to her tell the truth",NO_SPAM
"Do you like Italian food?",NO_SPAM
"Which is weird because I know I had it at one point",NO_SPAM
""Aww you must be nearly dead!Well Jez isComing over toDo some workAnd that whillTake forever!"",NO_SPAM
"Tell your friends what you plan to do on Valentines day @ &lt;URL&gt;",NO_SPAM
"Alright, see you in a bit",NO_SPAM
"Cheers for the message Zogtorius. Ive been staring at my phone for an age deciding whether to text or not.",NO_SPAM
"I will take care of financial problem.i will help:)",NO_SPAM
"Tell dear what happen to you. Why you talking to me like an alian",NO_SPAM
"Double your mins & txts on Orange or 1/2 price linerental - Motorola and SonyEricsson with B/Tooth FREE-Nokia FREE Call MobileUpd8 on 08000839402 or2optout/HV9D",SPAM
"1) Go to write msg 2) Put on Dictionary mode 3)Cover the screen with hand, 4)Press  &lt;#&gt; . 5)Gently remove Ur hand.. Its interesting..:)",NO_SPAM
"Okie...",NO_SPAM
"Hi this is yijue, can i meet u at 11 tmr?",NO_SPAM
"Its posible dnt live in  &lt;#&gt; century cm frwd n thnk different",NO_SPAM
"But i dint slept in afternoon.",NO_SPAM
"That seems unnecessarily affectionate",NO_SPAM
"Yar else i'll thk of all sorts of funny things.",NO_SPAM
"You will be in the place of that man",NO_SPAM
"Download as many ringtones as u like no restrictions, 1000s 2 choose. U can even send 2 yr buddys. Txt Sir to 80082 £3 ",SPAM
"Thats cool. How was your day?",NO_SPAM
"Please CALL 08712402902 immediately as there is an urgent message waiting for you.",SPAM
"R we going with the  &lt;#&gt;  bus?",NO_SPAM
"Hello, my love ! How went your day ? Are you alright ? I think of you, my sweet and send a jolt to your heart to remind you ... I LOVE YOU! Can you hear it ? I screamed it across the sea for all the world to hear. Ahmad al Hallaq is loved ! and owned ! *possessive passionate kiss*",NO_SPAM
"No..he joined today itself.",NO_SPAM
"Okay same with me. Well thanks for the clarification",NO_SPAM
"I'll talk to the others and probably just come early tomorrow then",NO_SPAM
"Spook up your mob with a Halloween collection of a logo & pic message plus a free eerie tone, txt CARD SPOOK to 8007 zed 08701417012150p per logo/pic",SPAM
"Had the money issue weigh me down but thanks to you, I can breathe easier now. I.ll make sure you dont regret it. Thanks.",NO_SPAM
"Hi. I'm sorry i missed your call. Can you pls call back.",NO_SPAM
"How are you doing? Hope you've settled in for the new school year. Just wishin you a gr8 day",NO_SPAM
"Fantasy Football is back on your TV. Go to Sky Gamestar on Sky Active and play £250k Dream Team. Scoring starts on Saturday, so register now!SKY OPT OUT to 88088",SPAM
"Ok then no need to tell me anything i am going to sleep good night",NO_SPAM
"Ok try to do week end course in coimbatore.",NO_SPAM
"Tone Club: Your subs has now expired 2 re-sub reply MONOC 4 monos or POLYC 4 polys 1 weekly @ 150p per week Txt STOP 2 stop This msg free Stream 0871212025016",SPAM
"V nice! Off 2 sheffield tom 2 air my opinions on categories 2 b used 2 measure ethnicity in next census. Busy transcribing. :-)",NO_SPAM
"If you r @ home then come down within 5 min",NO_SPAM
"A Boy loved a gal. He propsd bt she didnt mind. He gv lv lttrs, Bt her frnds threw thm. Again d boy decided 2 aproach d gal , dt time a truck was speeding towards d gal. Wn it was about 2 hit d girl,d boy ran like hell n saved her. She asked 'hw cn u run so fast?' D boy replied "Boost is d secret of my energy" n instantly d girl shouted "our energy" n Thy lived happily 2gthr drinking boost evrydy Moral of d story:- I hv free msgs:D;): gud ni8",NO_SPAM
"That day ü say ü cut ur hair at paragon, is it called hair sense? Do ü noe how much is a hair cut? ",NO_SPAM
"Hmm, too many of them unfortunately... Pics obviously arent hot cakes. Its kinda fun tho",NO_SPAM
"Watching tv lor... Y she so funny we bluff her 4 wat. Izzit because she thk it's impossible between us?",NO_SPAM
"XMAS Prize draws! We are trying to contact U. Todays draw shows that you have won a £2000 prize GUARANTEED. Call 09058094565 from land line. Valid 12hrs only",SPAM
"Dunno lei he neva say...",NO_SPAM
"Thanx 4 2day! U r a goodmate I THINK UR RITE SARY! ASUSUAL!1 U CHEERED ME UP! LOVE U FRANYxxxxx",NO_SPAM
"I'm on my way home. Went to change batt 4 my watch then go shop a bit lor.",NO_SPAM
"YES! The only place in town to meet exciting adult singles is now in the UK. Txt CHAT to 86688 now! 150p/Msg.",SPAM
"Hi, Mobile no.  &lt;#&gt;  has added you in their contact list on www.fullonsms.com It s a great place to send free sms to people For more visit fullonsms.com",NO_SPAM
"Good evening Sir, hope you are having a nice day. I wanted to bring it to your notice that I have been late in paying rent for the past few months and have had to pay a $ &lt;#&gt;  charge. I felt it would be inconsiderate of me to nag about something you give at great cost to yourself and that's why i didnt speak up. I however am in a recession and wont be able to pay the charge this month hence my askin well ahead of month's end. Can you please help. Thank you for everything.",NO_SPAM
"If i let you do this, i want you in the house by 8am.",NO_SPAM
"Best line said in Love: . "I will wait till the day I can forget u Or The day u realize that u cannot forget me."... Gn",NO_SPAM
"I will reach before ten morning",NO_SPAM
"Your pussy is perfect!",NO_SPAM
"Sorry, I'll call later",NO_SPAM
"Someone has contacted our dating service and entered your phone becausethey fancy you! To find out who it is call from a landline 09058098002. PoBox1, W14RG 150p",SPAM
"No message..no responce..what happend?",NO_SPAM
"Also where's the piece",NO_SPAM
"wiskey Brandy Rum Gin Beer Vodka Scotch Shampain Wine "KUDI"yarasu dhina vaazhthukkal. ..",NO_SPAM
"Boo. How's things? I'm back at home and a little bored already :-(",NO_SPAM
"First has she gained more than  &lt;#&gt; kg since she took in. Second has she done the blood sugar tests. If she has and its ok and her blood pressure is within normal limits then no worries",NO_SPAM
"PICK UR FONE UP NOW U DUMB?",NO_SPAM
"Thanks da thangam, i feel very very happy dear. I also miss you da.",NO_SPAM
"Okey doke. I'm at home, but not dressed cos laying around ill! Speak to you later bout times and stuff. ",NO_SPAM
"I don't run away frm u... I walk slowly &amp; it kills me that u don't care enough to stop me...",NO_SPAM
"Babe, I'm back ... Come back to me ...",NO_SPAM
"Well you told others you'd marry them...",NO_SPAM
"Neshanth..tel me who r u?",NO_SPAM
"YO YO YO BYATCH WHASSUP?",NO_SPAM
"Oh... Kay... On sat right?",NO_SPAM
"Hi! This is Roger from CL. How are you?",NO_SPAM
"Babe: U want me dont u baby! Im nasty and have a thing 4 filthyguys. Fancy a rude time with a sexy bitch. How about we go slo n hard! Txt XXX SLO(4msgs)",SPAM
"Oh oh... Wasted... Den muz chiong on sat n sun liao...",NO_SPAM
"Jesus christ bitch I'm trying to give you drugs answer your fucking phone",NO_SPAM
"Please give it 2  or i will pick it up on Tuesday evening about 8 if that is ok.",NO_SPAM
"I'm meeting Darren...",NO_SPAM
"One of best dialogue in cute reltnship..!! "Wen i Die, Dont Come Near My Body..!! Bcoz My Hands May Not Come 2 Wipe Ur Tears Off That Time..!Gud ni8",NO_SPAM
"Solve d Case : A Man Was Found Murdered On  &lt;DECIMAL&gt; . &lt;#&gt;  AfterNoon. 1,His wife called Police. 2,Police questioned everyone. 3,Wife: Sir,I was sleeping, when the murder took place. 4.Cook: I was cooking. 5.Gardener: I was picking vegetables. 6.House-Maid: I went 2 d post office. 7.Children: We went 2 play. 8.Neighbour: We went 2 a marriage. Police arrested d murderer Immediately. Who's It? Reply With Reason, If U r Brilliant.",NO_SPAM
"Dear where you will be when i reach there",NO_SPAM
"Aww that's the first time u said u missed me without asking if I missed u first. You DO love me! :)",NO_SPAM
"Ok... Thanx... Gd nite 2 ü too...",NO_SPAM
"Come to me right now, Ahmad",NO_SPAM
"I don't know u and u don't know me. Send CHAT to 86688 now and let's find each other! Only 150p/Msg rcvd. HG/Suite342/2Lands/Row/W1J6HL LDN. 18 years or over.",SPAM
"Lol please do. Actually send a pic of yourself right now. I wanna see. Pose with a comb and hair dryer or something.",NO_SPAM
"O was not into fps then.",NO_SPAM
"Huh means computational science... Y they like dat one push here n there...",NO_SPAM
"Could you not read me, my Love ? I answered you",NO_SPAM
"Oh... Lk tt den we take e one tt ends at cine lor... Dun wan yogasana oso can... ",NO_SPAM
"Madam,regret disturbance.might receive a reference check from DLF Premarica.kindly be informed.Rgds,Rakhesh,Kerala.",NO_SPAM
"SMS SERVICES For your inclusive text credits pls gotto www.comuk.net login 3qxj9 unsubscribe with STOP no extra charge help 08702840625 comuk.220cm2 9AE",SPAM
"Oic... Then better quickly go bathe n settle down...",NO_SPAM
"Err... Cud do. I'm going to  at 8pm. I haven't got a way to contact him until then.",NO_SPAM
"A bloo bloo bloo I'll miss the first bowl",NO_SPAM
"Lmao but its so fun...",NO_SPAM
"Oh k k:)but he is not a big hitter.anyway good",NO_SPAM
"Hey!!! I almost forgot ... Happy B-day babe ! I love ya!!",NO_SPAM
"Valentines Day Special! Win over £1000 in our quiz and take your partner on the trip of a lifetime! Send GO to 83600 now. 150p/msg rcvd. CustCare:08718720201",SPAM
"Do you think i can move  &lt;#&gt;  in a week",NO_SPAM
"She.s find. I sent you an offline message to know how anjola's now.",NO_SPAM
"Guess who am I?This is the first time I created a web page WWW.ASJESUS.COM read all I wrote. I'm waiting for your opinions. I want to be your friend 1/1",SPAM
"How was txting and driving",NO_SPAM
"That's good. Lets thank God. Please complete the drug. Have lots of water. And have a beautiful day.",NO_SPAM
"Really dun bluff me leh... U sleep early too. Nite...",NO_SPAM
"Indians r poor but India is not a poor country. Says one of the swiss bank directors. He says that " &lt;#&gt;  lac crore" of Indian money is deposited in swiss banks which can be used for 'taxless' budget for  &lt;#&gt;  yrs. Can give  &lt;#&gt;  crore jobs to all Indians. From any village to Delhi 4 lane roads. Forever free power suply to more than  &lt;#&gt;  social projects. Every citizen can get monthly  &lt;#&gt; /- for  &lt;#&gt;  yrs. No need of World Bank &amp; IMF loan. Think how our money is blocked by rich politicians. We have full rights against corrupt politicians. Itna forward karo ki pura INDIA padhe.g.m."",NO_SPAM
"Uncle boye. I need movies oh. Guide me. Plus you know torrents are not particularly legal here. And the system is slowing down. What should i do. Have a gr8 day. Plus have you started cos i dont meet you online. How was the honey moon.",NO_SPAM
"Oh ya ya. I remember da. .",NO_SPAM
"Btw regarding that we should really try to see if anyone else can be our 4th guy before we commit to a random dude",NO_SPAM
"For ur chance to win £250 cash every wk TXT: PLAY to 83370. T's&C's www.music-trivia.net custcare 08715705022, 1x150p/wk.",SPAM
"I not busy juz dun wan 2 go so early.. Hee.. ",NO_SPAM
"Rightio. 11.48 it is then. Well arent we all up bright and early this morning.",NO_SPAM
"Great. I'm in church now, will holla when i get out",NO_SPAM
"Back in brum! Thanks for putting us up and keeping us all and happy. See you soon ",NO_SPAM
"I donno if they are scorable",NO_SPAM
"&lt;#&gt;  great loxahatchee xmas tree burning update: you can totally see stars here",NO_SPAM
"Yes but i dont care! I need you bad, princess!",NO_SPAM
"The guy (kadeem) hasn't been selling since the break, I know one other guy but he's paranoid as fuck and doesn't like selling without me there and I can't be up there til late tonight",NO_SPAM
"Sorry, I'll call later",NO_SPAM
"Tmr then ü brin lar... Aiya later i come n c lar... Mayb ü neva set properly ü got da help sheet wif ü...",NO_SPAM
"Do u knw dis no. &lt;#&gt; ?",NO_SPAM
"Then she dun believe wat?",NO_SPAM
"K..give back my thanks.",NO_SPAM
"I know complain num only..bettr directly go to bsnl offc nd apply for it..",NO_SPAM
"Okay. I've seen it. So i should pick it on friday?",NO_SPAM
"How much she payed. Suganya.",NO_SPAM
"Left dessert. U wan me 2 go suntec look 4 u?",NO_SPAM
"Abeg, make profit. But its a start. Are you using it to get sponsors for the next event?",NO_SPAM
"Onum ela pa. Normal than.",NO_SPAM
"K.k..how is your sister kids?",NO_SPAM
"Cool, I'll text you when I'm on the way",NO_SPAM
"Nope. Meanwhile she talk say make i greet you.",NO_SPAM
"i cant talk to you now.i will call when i can.dont keep calling.",NO_SPAM
"Anything lar...",NO_SPAM
"Rose needs water, season needs change, poet needs imagination..My phone needs ur sms and i need ur lovely frndship forever....",NO_SPAM
"Good afternoon, babe. How goes that day ? Any job prospects yet ? I miss you, my love ... *sighs* ... :-(",NO_SPAM
"They will pick up and drop in car.so no problem..",NO_SPAM
"S.i think he is waste for rr..",NO_SPAM
"He is world famamus....",NO_SPAM
"Is there coming friday is leave for pongal?do you get any news from your work place.",NO_SPAM
"Lol well don't do it without me. We could have a big sale together.",NO_SPAM
"* Am on my way",NO_SPAM
"Eat at old airport road... But now 630 oredi... Got a lot of pple...",NO_SPAM
"sry can't talk on phone, with parents",NO_SPAM
"Final Chance! Claim ur £150 worth of discount vouchers today! Text YES to 85023 now! SavaMob, member offers mobile! T Cs SavaMob POBOX84, M263UZ. £3.00 Subs 16",SPAM
"Ok lor wat time ü finish?",NO_SPAM
"Princess, i like to make love  &lt;#&gt;  times per night. Hope thats not a problem!",NO_SPAM
"Mm i am on the way to railway",NO_SPAM
"i dnt wnt to tlk wid u",NO_SPAM
"I'm done. I'm sorry. I hope your next space gives you everything you want. Remember all the furniture is yours. If i'm not around when you move it, just lock all the locks and leave the key with jenne.",NO_SPAM
"Not yet. Just i'd like to keep in touch and it will be the easiest way to do that from barcelona. By the way how ru and how is the house?",NO_SPAM
"Sppok up ur mob with a Halloween collection of nokia logo&pic message plus a FREE eerie tone, txt CARD SPOOK to 8007",SPAM
"Urgent! call 09066612661 from landline. Your complementary 4* Tenerife Holiday or £10,000 cash await collection SAE T&Cs PO Box 3 WA14 2PX 150ppm 18+ Sender: Hol Offer",SPAM
"K.:)do it at evening da:)urgent:)",NO_SPAM
"Pansy! You've been living in a jungle for two years! Its my driving you should be more worried about!",NO_SPAM
"Mm have some kanji dont eat anything heavy ok",NO_SPAM
"Only if you promise your getting out as SOON as you can. And you'll text me in the morning to let me know you made it in ok.",NO_SPAM
"Lol that's different. I don't go trying to find every real life photo you ever took.",NO_SPAM
"I dont thnk its a wrong calling between us",NO_SPAM
"K ill drink.pa then what doing. I need srs model pls send it to my mail id pa.",NO_SPAM
"Aiyah e rain like quite big leh. If drizzling i can at least run home.",NO_SPAM
"I have 2 docs appointments next week.:/ I'm tired of them shoving stuff up me. Ugh why couldn't I have had a normal body?",NO_SPAM
"Dun b sad.. It's over.. Dun thk abt it already. Concentrate on ur other papers k.",NO_SPAM
"Greetings me, ! Consider yourself excused.",NO_SPAM
"No drama Pls.i have had enough from you and family while i am struggling in the hot sun in a strange place.No reason why there should be an ego of not going 'IF NOT INVITED' when actually its necessity to go.wait for very serious reppurcussions.",NO_SPAM
"they released another Italian one today and it has a cosign option",NO_SPAM
"You at mu? You should try to figure out how much money everyone has for gas and alcohol, jay and I are trying to figure out our weed budget",NO_SPAM
"WINNER! As a valued network customer you hvae been selected to receive a £900 reward! To collect call 09061701444. Valid 24 hours only. ACL03530150PM",SPAM
"HCL chennai requires FRESHERS for voice process.Excellent english needed.Salary upto  &lt;#&gt; .Call Ms.Suman  &lt;#&gt;  for Telephonic interview -via Indyarocks.com",NO_SPAM
"Dai what this da.. Can i send my resume to this id.",NO_SPAM
"I know where the  &lt;#&gt;  is, I'll be there around 5",NO_SPAM
"Yup i've finished c ü there...",NO_SPAM
"Remember to ask alex about his pizza",NO_SPAM
"No da..today also i forgot..",NO_SPAM
"Ola would get back to you maybe not today but I ve told him you can be his direct link in the US in getting cars he bids for online, you arrange shipping and you get a cut. Or U????? For a partnership where U????? Invest money for shipping and he takes care of the rest!U??Wud b self reliant soon dnt worry",NO_SPAM
"Fwiw the reason I'm only around when it's time to smoke is that because of gas I can only afford to be around when someone tells me to be and that apparently only happens when somebody wants to light up",NO_SPAM
"Hello, my boytoy! I made it home and my constant thought is of you, my love. I hope your having a nice visit but I can't wait till you come home to me ...*kiss*",NO_SPAM
"Congrats kano..whr s the treat maga?",NO_SPAM
"Who u talking about?",NO_SPAM
"Yup...",NO_SPAM
"Ok...",NO_SPAM
"U wake up already? Wat u doing? U picking us up later rite? I'm taking sq825, reaching ard 7 smth 8 like dat. U can check e arrival time. C ya soon...",NO_SPAM
"Yunny i'm walking in citylink now ü faster come down... Me very hungry...",NO_SPAM
"Er yep sure. Props?",NO_SPAM
"Hiya , have u been paying money into my account? If so, thanks. Got a pleasant surprise when i checked my balance -u c, i don't get statements 4 that acc",NO_SPAM
"U have won a nokia 6230 plus a free digital camera. This is what u get when u win our FREE auction. To take part send NOKIA to 83383 now. POBOX114/14TCR/W1 16",SPAM
"Ok ill send you with in  &lt;DECIMAL&gt;  ok.",NO_SPAM
"Bognor it is! Should be splendid at this time of year.",NO_SPAM
"Yes.i'm in office da:)",NO_SPAM
"Sorry, I'll call later",NO_SPAM
"Joy's father is John. Then John is the NAME of Joy's father. Mandan",NO_SPAM
"Ok. I only ask abt e movie. U wan ktv oso?",NO_SPAM
"Misplaced your number and was sending texts to your old number. Wondering why i've not heard from you this year. All the best in your mcat. Got this number from my atlanta friends",NO_SPAM
"Sorry, I'll call later",NO_SPAM
"Dunno lei... I might b eatin wif my frens... If ü wan to eat then i wait 4 ü lar",NO_SPAM
"Sorry, I'll call later",NO_SPAM
"FREE entry into our £250 weekly comp just send the word WIN to 80086 NOW. 18 T&C www.txttowin.co.uk",SPAM
"Say this slowly.? GOD,I LOVE YOU &amp; I NEED YOU,CLEAN MY HEART WITH YOUR BLOOD.Send this to Ten special people &amp; u c miracle tomorrow, do it,pls,pls do it...",NO_SPAM
"Do u noe how 2 send files between 2 computers?",NO_SPAM
"Mmmmm ... I loved waking to your words this morning ! I miss you too, my Love. I hope your day goes well and you are happy. I wait for us to be together again",NO_SPAM
"jay says he'll put in  &lt;#&gt;",NO_SPAM
"Can you just come in for a sec? There's somebody here I want you to see",NO_SPAM
"So the sun is anti sleep medicine.",NO_SPAM
"What's happening with you. Have you gotten a job and have you begun registration for permanent residency",NO_SPAM
"Yup ok...",NO_SPAM
"Glad it went well :) come over at 11 then we'll have plenty of time before claire goes to work.",NO_SPAM
"Ok enjoy . R u there in home.",NO_SPAM
"Can you pls pls send me a mail on all you know about relatives coming to deliver here? All you know about costs, risks, benefits and anything else. Thanks.",NO_SPAM
"You do what all you like",NO_SPAM
"That's y we haf to combine n c how lor...",NO_SPAM
"The monthly amount is not that terrible and you will not pay anything till 6months after finishing school.",NO_SPAM
"Hmmm:)how many players selected?",NO_SPAM
"They said if its gonna snow, it will start around 8 or 9 pm tonite! They are predicting an inch of accumulation.",NO_SPAM
"I dont. Can you send it to me. Plus how's mode.",NO_SPAM
"Aiyo please ü got time meh.",NO_SPAM
"Package all your programs well",NO_SPAM
"She is our sister.. She belongs 2 our family.. She is d hope of tomorrow.. Pray 4 her,who was fated 4 d Shoranur train incident. Lets hold our hands together &amp; fuelled by love &amp; concern prior 2 her grief &amp; pain. Pls join in dis chain &amp; pass it. STOP VIOLENCE AGAINST WOMEN.",NO_SPAM
"So are you guys asking that i get that slippers again or its gone with last year",NO_SPAM
"Company is very good.environment is terrific and food is really nice:)",NO_SPAM
"Text82228>> Get more ringtones, logos and games from www.txt82228.com. Questions: info@txt82228.co.uk",SPAM
"Honestly i've just made a lovely cup of tea and promptly dropped my keys in it and then burnt my fingers getting them out!",NO_SPAM
"Yup but not studying surfing lor. I'm in e lazy mode today.",NO_SPAM
"Please sen :)my kind advice :-)please come here and try:-)",NO_SPAM
"I'm done. C ü there.",NO_SPAM
"Oh fine, I'll be by tonight",NO_SPAM
"Ü give me some time to walk there.",NO_SPAM
"I'll reach in ard 20 mins ok...",NO_SPAM
"FreeMSG You have been awarded a FREE mini DIGITAL CAMERA, just reply SNAP to collect your prize! (quizclub Opt out? Stop 80122300p/wk SP:RWM Ph:08704050406)",SPAM
"Fuck babe ... What happened to you ? How come you never came back?",NO_SPAM
"This message is brought to you by GMW Ltd. and is not connected to the",SPAM
"Some friends want me to drive em someplace, probably take a while",NO_SPAM
"I also thk too fast... Xy suggest one not me. U dun wan it's ok. Going 2 rain leh where got gd.",NO_SPAM
"Are you still getting the goods.",NO_SPAM
"And maybe some pressies",NO_SPAM
"Yeah I am, so I'll leave maybe 7ish?",NO_SPAM
"K..k..i'm also fine:)when will you complete the course?",NO_SPAM
"Under the sea, there lays a rock. In the rock, there is an envelope. In the envelope, there is a paper. On the paper, there are 3 words... '",NO_SPAM
"I told her I had a Dr appt next week. She thinks I'm gonna die. I told her its just a check. Nothing to be worried about. But she didn't listen.",NO_SPAM
"You in your room? I need a few",NO_SPAM
"I dont want to hear anything",NO_SPAM
"Hey. For me there is no leave on friday. Wait i will ask my superior and tell you..",NO_SPAM
"Ultimately tor motive tui achieve korli.",NO_SPAM
"From 5 to 2 only my work timing.",NO_SPAM
"… and don‘t worry we‘ll have finished by march … ish!",NO_SPAM
"The house is on the water with a dock, a boat rolled up with a newscaster who dabbles in jazz flute behind the wheel",NO_SPAM
"Congrats 2 mobile 3G Videophones R yours. call 09063458130 now! videochat wid ur mates, play java games, Dload polypH music, noline rentl. bx420. ip4. 5we. 150p",SPAM
"Your next amazing xxx PICSFREE1 video will be sent to you enjoy! If one vid is not enough for 2day text back the keyword PICSFREE1 to get the next video.",SPAM
"Now thats going to ruin your thesis!",NO_SPAM
"In sch but neva mind u eat 1st lor..",NO_SPAM
"Hey whats up? U sleeping all morning?",NO_SPAM
"Erm. I thought the contract ran out the4th of october.",NO_SPAM
"I dunno until when... Lets go learn pilates...",NO_SPAM
"U are subscribed to the best Mobile Content Service in the UK for £3 per ten days until you send STOP to 83435. Helpline 08706091795.",SPAM
"Yup i'm elaborating on the safety aspects and some other issues..",NO_SPAM
"3 FREE TAROT TEXTS! Find out about your love life now! TRY 3 FOR FREE! Text CHANCE to 85555 16 only! After 3 Free, Msgs £1.50 each",SPAM
"Goodmorning, today i am late for 1hr.",NO_SPAM
"Hi happy birthday. Hi hi hi hi hi hi hi",NO_SPAM
"I will be outside office take all from there",NO_SPAM
"If you don't respond imma assume you're still asleep and imma start calling n shit",NO_SPAM
"Aight, see you in a bit",NO_SPAM
"My superior telling that friday is leave for all other department except ours:)so it will be leave for you:)any way call waheed fathima hr and conform it:)",NO_SPAM
"Join the UK's horniest Dogging service and u can have sex 2nite!. Just sign up and follow the instructions. Txt ENTRY to 69888 now! Nyt.EC2A.3LP.msg@150p",SPAM
"Lol I have to take it. member how I said my aunt flow didn't visit for 6 months? It's cause I developed ovarian cysts. Bc is the only way to shrink them.",NO_SPAM
"Still work going on:)it is very small house.",NO_SPAM
"My friend just got here and says he's upping his order by a few grams (he's got $ &lt;#&gt; ), when can you get here?",NO_SPAM
"Tmr timin still da same wat cos i got lesson until 6...",NO_SPAM
"That‘s the thing with apes, u can fight to the death to keep something, but the minute they have it when u let go, thats it!",NO_SPAM
"Sunshine Quiz Wkly Q! Win a top Sony DVD player if u know which country Liverpool played in mid week? Txt ansr to 82277. £1.50 SP:Tyrone",SPAM
"No i'm not gonna be able to. || too late notice. || i'll be home in a few weeks anyway. || what are the plans",NO_SPAM
"Got fujitsu, ibm, hp, toshiba... Got a lot of model how to say...",NO_SPAM
"Okie... Thanx...",NO_SPAM
"Gosh that , what a pain. Spose I better come then.",NO_SPAM
"As usual..iam fine, happy &amp; doing well..:)",NO_SPAM
"Okie",NO_SPAM
"So when you gonna get rimac access ",NO_SPAM
""Im at arestaurant eating squid! i will be out about 10:30 wanna dosomething or is that to late?"",NO_SPAM
"You call times job today ok umma and ask them to speed up",NO_SPAM
""HELLO U.CALL WEN U FINISH WRK.I FANCY MEETIN UP WIV U ALL TONITE AS I NEED A BREAK FROM DABOOKS. DID 4 HRS LAST NITE+2 TODAY OF WRK!"",NO_SPAM
"R U &SAM P IN EACHOTHER. IF WE MEET WE CAN GO 2 MY HOUSE",NO_SPAM
":-) yeah! Lol. Luckily i didn't have a starring role like you!",NO_SPAM
"Hello madam how are you ?",NO_SPAM
"Awesome, text me when you're restocked",NO_SPAM
"As usual..iam fine, happy &amp; doing well..:)",NO_SPAM
"Knock Knock Txt whose there to 80082 to enter r weekly draw 4 a £250 gift voucher 4 a store of yr choice. T&Cs www.tkls.com age16 to stoptxtstop£1.50/week",SPAM
"Yes. It's all innocent fun. O:-)",NO_SPAM
"Thanks for sending this mental ability question..",NO_SPAM
"Sir, hope your day is going smoothly. i really hoped i wont have to bother you about this. I have some bills that i can't settle this month. I am out of all extra cash. I know this is a challenging time for you also but i have to let you know.",NO_SPAM
"2marrow only. Wed at  &lt;#&gt;  to 2 aha.",NO_SPAM
"I went to ur hon lab but no one is there.",NO_SPAM
"I cant pick the phone right now. Pls send a message",NO_SPAM
"Hey pple...$700 or $900 for 5 nights...Excellent location wif breakfast hamper!!!",NO_SPAM
"<Forwarded from 21870000>Hi - this is your Mailbox Messaging SMS alert. You have 40 matches. Please call back on 09056242159 to retrieve your messages and matches cc100p/min",SPAM
"How come?",NO_SPAM
"Lol! Nah wasn't too bad thanks. Its good to b home but its been quite a reality check. Hows ur day been? Did u do anything with website?",NO_SPAM
"Ok lor...",NO_SPAM
"I'm coming home 4 dinner.",NO_SPAM
"S da..al r above  &lt;#&gt;",NO_SPAM
"FREE RING TONE just text "POLYS" to 87131. Then every week get a new tone. 0870737910216yrs only £1.50/wk.",SPAM
"Unni thank you dear for the recharge..Rakhesh",NO_SPAM
"I know I'm lacking on most of this particular dramastorm's details but for the most part I'm not worried about that",NO_SPAM
"Haha... They cant what... At the most tmr forfeit... haha so how?",NO_SPAM
"Hey there! Glad u r better now. I hear u treated urself to a digi cam, is it good? We r off at 9pm. Have a fab new year, c u in coupla wks!",NO_SPAM
"No way I'm going back there!",NO_SPAM
"URGENT! Your mobile No 077xxx WON a £2,000 Bonus Caller Prize on 02/06/03! This is the 2nd attempt to reach YOU! Call 09066362206 ASAP! BOX97N7QP, 150ppm",SPAM
"I WILL CAL YOU SIR. In meeting",NO_SPAM
"That's what I love to hear :V see you sundayish, then",NO_SPAM
"Sorry da thangam, very very sorry i am held up with prasad.",NO_SPAM
"Tiwary to rcb.battle between bang and kochi.",NO_SPAM
"Thank god they are in bed!",NO_SPAM
"No I don't have cancer. Moms making a big deal out of a regular checkup aka pap smear",NO_SPAM
"Am in gobi arts college",NO_SPAM
"Why she wants to talk to me",NO_SPAM
"Pandy joined 4w technologies today.he got job..",NO_SPAM
"You are guaranteed the latest Nokia Phone, a 40GB iPod MP3 player or a £500 prize! Txt word: COLLECT to No: 83355! IBHltd LdnW15H 150p/Mtmsgrcvd18",SPAM
"They can try! They can get lost, in fact. Tee hee",NO_SPAM
"Hi! You just spoke to MANEESHA V. We'd like to know if you were satisfied with the experience. Reply Toll Free with Yes or No.",NO_SPAM
"My friends use to call the same.",NO_SPAM
"Sorry, I'll call later",NO_SPAM
"Em, its olowoyey@ usc.edu have a great time in argentina. Not sad about secretary, everything is a blessing",NO_SPAM
"It,,s a taxt massage....tie-pos argh ok! Lool!",NO_SPAM
"Hi, can i please get a  &lt;#&gt;  dollar loan from you. I.ll pay you back by mid february. Pls.",NO_SPAM
"You might want to pull out more just in case and just plan on not spending it if you can, I don't have much confidence in derek and taylor's money management",NO_SPAM
"Do you like shaking your booty on the dance floor?",NO_SPAM
"Text me when you get off, don't call, my phones having problems",NO_SPAM
"No need for the drug anymore.",NO_SPAM
"Sorry da:)i was thought of calling you lot of times:)lil busy.i will call you at noon..",NO_SPAM
"Its sarcasm.. .nt scarcasim",NO_SPAM
"Great! I have to run now so ttyl!",NO_SPAM
"Feel like trying kadeem again? :V",NO_SPAM
"Dai  &lt;#&gt;  naal eruku.",NO_SPAM
"Not yet chikku..wat abt u?",NO_SPAM
"Ok...",NO_SPAM
"Want to finally have lunch today?",NO_SPAM
"Do you know when dad will be back?",NO_SPAM
"Hello darling how are you today? I would love to have a chat, why dont you tell me what you look like and what you are in to sexy?",SPAM
"8007 FREE for 1st week! No1 Nokia tone 4 ur mob every week just txt NOKIA to 8007 Get txting and tell ur mates www.getzed.co.uk POBox 36504 W4 5WQ norm 150p/tone 16+",SPAM
"He remains a bro amongst bros",NO_SPAM
"R u meeting da ge at nite tmr?",NO_SPAM
"* Was a nice day and, impressively, i was sensible, went home early and now feel fine. Or am i just boring?! When's yours, i can't remember.",NO_SPAM
"Why de. You looking good only:-)..",NO_SPAM
"Wanna get laid 2nite? Want real Dogging locations sent direct to ur mobile? Join the UK's largest Dogging Network. Txt PARK to 69696 now! Nyt. ec2a. 3lp £1.50/msg",SPAM
"we tried to contact you re your response to our offer of a new nokia fone and camcorder hit reply or call 08000930705 for delivery",SPAM
"Yes. They replied my mail. I'm going to the management office later. Plus will in to bank later also.or on wednesday.",NO_SPAM
"That's cool, I'll come by like  &lt;#&gt; ish",NO_SPAM
"Super msg da:)nalla timing.",NO_SPAM
"Good afternoon, my boytoy ... How are you feeling today ? Better I hope? Are you being my good boy? Are you my obedient, slave? Do you please your Queen?",NO_SPAM
"I am 6 ft. We will be a good combination!",NO_SPAM
"I'm sick !! I'm needy !! I want you !! *pouts* *stomps feet* Where are you ?! *pouts* *stomps feet* I want my slave !! I want him now !!",NO_SPAM
"* Am on a train back from northampton so i'm afraid not!",NO_SPAM
"Where in abj are you serving. Are you staying with dad or alone.",NO_SPAM
"Was playng 9 doors game and gt racing on phone lol",NO_SPAM
"New Tones This week include: 1)McFly-All Ab.., 2) Sara Jorge-Shock.. 3) Will Smith-Switch.. To order follow instructions on next message",SPAM
"Solve d Case : A Man Was Found Murdered On  &lt;DECIMAL&gt; . &lt;#&gt;  AfterNoon. 1,His wife called Police. 2,Police questioned everyone. 3,Wife: Sir,I was sleeping, when the murder took place. 4.Cook: I was cooking. 5.Gardener: I was picking vegetables. 6.House-Maid: I went 2 d post office. 7.Children: We went 2 play. 8.Neighbour: We went 2 a marriage. Police arrested d murderer Immediately. Who's It? Reply With Reason, If U r Brilliant.",NO_SPAM
"I'm on da bus going home...",NO_SPAM
"I got a call from a landline number. . . I am asked to come to anna nagar . . . I will go in the afternoon",NO_SPAM
"I'm okay. Chasing the dream. What's good. What are you doing next.",NO_SPAM
"Yupz... I've oredi booked slots 4 my weekends liao... ",NO_SPAM
"URGENT! We are trying to contact U. Todays draw shows that you have won a £800 prize GUARANTEED. Call 09050003091 from land line. Claim C52. Valid 12hrs only",SPAM
"There r many model..sony ericson also der.. &lt;#&gt; ..it luks good bt i forgot modl no",NO_SPAM
"Okie",NO_SPAM
"Yes I know the cheesy songs from frosty the snowman :)",NO_SPAM
"Ya ok, vikky vl c witin  &lt;#&gt; mins and il reply u..",NO_SPAM
"sports fans - get the latest sports news str* 2 ur mobile 1 wk FREE PLUS a FREE TONE Txt SPORT ON to 8007 www.getzed.co.uk 0870141701216+ norm 4txt/120p ",SPAM
"Hey tmr meet at bugis 930 ?",NO_SPAM
"Urgent Urgent! We have 800 FREE flights to Europe to give away, call B4 10th Sept & take a friend 4 FREE. Call now to claim on 09050000555. BA128NNFWFLY150ppm",SPAM
"All these nice new shirts and the only thing I can wear them to is nudist themed ;_; you in mu?",NO_SPAM
"Hey sexy buns! What of that day? No word from you this morning on YM ... :-( ... I think of you",NO_SPAM
"And whenever you and i see we can still hook up too.",NO_SPAM
"Nope but i'm going home now then go pump petrol lor... Like going 2 rain soon...",NO_SPAM
"Can you use foreign stamps for whatever you send them off for? ",NO_SPAM
"FROM 88066 LOST £12 HELP",SPAM
"Oh baby of the house. How come you dont have any new pictures on facebook",NO_SPAM
"Feb  &lt;#&gt;  is "I LOVE U" day. Send dis to all ur "VALUED FRNDS" evn me. If 3 comes back u'll gt married d person u luv! If u ignore dis u will lose ur luv 4 Evr",NO_SPAM
"Hiya, sorry didn't hav signal. I haven't seen or heard from and neither has, which is unusual in itself! I'll put on the case and get him to sort it out! Hugs and snogs.",NO_SPAM
"Omw back to tampa from west palm, you hear what happened?",NO_SPAM
"Yup no more already... Thanx 4 printing n handing it up.",NO_SPAM
"FreeMsg: Fancy a flirt? Reply DATE now & join the UKs fastest growing mobile dating service. Msgs rcvd just 25p to optout txt stop to 83021. Reply DATE now!",SPAM
"What i mean is do they come chase you out when its over or is it stated you can watch as many movies as you want.",NO_SPAM
"S now only i took tablets . Reaction morning only.",NO_SPAM
"Great NEW Offer - DOUBLE Mins & DOUBLE Txt on best Orange tariffs AND get latest camera phones 4 FREE! Call MobileUpd8 free on 08000839402 NOW! or 2stoptxt T&Cs",SPAM
"Nah, I'm a perpetual DD",NO_SPAM
"Sorry de i went to shop.",NO_SPAM
"Hope you enjoyed your new content. text stop to 61610 to unsubscribe. help:08712400602450p Provided by tones2you.co.uk",SPAM
"Wen ur lovable bcums angry wid u, dnt take it seriously.. Coz being angry is d most childish n true way of showing deep affection, care n luv!.. kettoda manda... Have nice day da.",NO_SPAM
"Hey you still want to go for yogasana? Coz if we end at cine then can go bathe and hav the steam bath",NO_SPAM
"Nope i'm not drivin... I neva develop da photos lei...",NO_SPAM
"I am thinking of going down to reg for pract lessons.. Flung my advance.. Haha wat time u going?",NO_SPAM
"Cool. I am  &lt;#&gt;  inches long. hope you like them big!",NO_SPAM
"House-Maid is the murderer, coz the man was murdered on  &lt;#&gt; th January.. As public holiday all govt.instituitions are closed,including post office..understand?",NO_SPAM
"Okie.. Thanx..",NO_SPAM
"18 days to Euro2004 kickoff! U will be kept informed of all the latest news and results daily. Unsubscribe send GET EURO STOP to 83222.",SPAM
"Go where n buy? Juz buy when we get there lar.",NO_SPAM
"Ok lor...",NO_SPAM
"I'm working technical support :)voice process.",NO_SPAM
"It's justbeen overa week since we broke up and already our brains are going to mush!",NO_SPAM
"Tunde, how are you doing. This is just wishing you a great day. Abiola.",NO_SPAM
"Nope... C ü then...",NO_SPAM
"No. But we'll do medical missions to nigeria",NO_SPAM
"No i am not having not any movies in my laptop",NO_SPAM
"Whatsup there. Dont u want to sleep",NO_SPAM
"Urgent Please call 09066612661 from landline. £5000 cash or a luxury 4* Canary Islands Holiday await collection. T&Cs SAE award. 20M12AQ. 150ppm. 16+ “",SPAM
"Urgent! Please call 09066612661 from your landline, your complimentary 4* Lux Costa Del Sol holiday or £1000 CASH await collection. ppm 150 SAE T&Cs James 28, EH74RR",SPAM
"I havent lei.. Next mon can?",NO_SPAM
"Mm feeling sleepy. today itself i shall get that dear",NO_SPAM
"How dare you stupid. I wont tell anything to you. Hear after i wont talk to you:-.",NO_SPAM
"Do ü noe if ben is going?",NO_SPAM
"Can you do a mag meeting this avo at some point?",NO_SPAM
"I meant middle left or right?",NO_SPAM
"Really? I crashed out cuddled on my sofa.",NO_SPAM
"Hi Chachi tried calling u now unable to reach u .. Pl give me a missed cal once u c tiz msg  Kanagu",NO_SPAM
"I sent you the prices and do you mean the  &lt;#&gt; g,",NO_SPAM
"Are you this much buzy",NO_SPAM
"Nothing. Can...",NO_SPAM
"I don't know u and u don't know me. Send CHAT to 86688 now and let's find each other! Only 150p/Msg rcvd. HG/Suite342/2Lands/Row/W1J6HL LDN. 18 years or over.",SPAM
"No * am working on the ringing u thing but have whole houseful of screaming brats so * am pulling my hair out! Loving u",NO_SPAM
"But my family not responding for anything. Now am in room not went to home for diwali but no one called me and why not coming. It makes me feel like died.",NO_SPAM
"Tick, tick, tick ... Babe",NO_SPAM
"R ü going 4 today's meeting?",NO_SPAM
"K da:)how many page you want?",NO_SPAM
"Ya had just now.onion roast.",NO_SPAM
"Send his number and give reply tomorrow morning for why you said that to him like that ok",NO_SPAM
"You said not now. No problem. When you can. Let me know.",NO_SPAM
"Ok but tell me half an hr b4 u come i need 2 prepare.",NO_SPAM
"Play w computer? Aiyah i tok 2 u lor?",NO_SPAM
"Sat right? Okay thanks... ",NO_SPAM
"Derp. Which is worse, a dude who always wants to party or a dude who files a complaint about the three drug abusers he lives with",NO_SPAM
"Ok Chinese food on its way. When I get fat you're paying for my lipo.",NO_SPAM
"We r outside already.",NO_SPAM
"Have a good trip. Watch out for . Remember when you get back we must decide about easter.",NO_SPAM
"Yo we are watching a movie on netflix",NO_SPAM
"What time. I‘m out until prob 3 or so",NO_SPAM
"Can meh? Thgt some will clash... Really ah, i dun mind... I dun seen to have lost any weight... Gee...",NO_SPAM
"I dont thnk its a wrong calling between us",NO_SPAM
"I am not sure about night menu. . . I know only about noon menu",NO_SPAM
"ARR birthday today:) i wish him to get more oscar.",NO_SPAM
"Say this slowly.? GOD,I LOVE YOU &amp; I NEED YOU,CLEAN MY HEART WITH YOUR BLOOD.Send this to Ten special people &amp; u c miracle tomorrow, do it,pls,pls do it...",NO_SPAM
"Open rebtel with firefox. When it loads just put plus sign in the user name place, and it will show you two numbers. The lower number is my number. Once you pick that number the pin will display okay!",NO_SPAM
"and  picking them up from various points",NO_SPAM
"Married local women looking for discreet action now! 5 real matches instantly to your phone. Text MATCH to 69969 Msg cost 150p 2 stop txt stop BCMSFWC1N3XX",SPAM
"Wow v v impressed. Have funs shopping!",NO_SPAM
"I am on the way to ur home",NO_SPAM
"Burger King - Wanna play footy at a top stadium? Get 2 Burger King before 1st Sept and go Large or Super with Coca-Cola and walk out a winner",SPAM
"No problem. Talk to you later",NO_SPAM
"Then ur sis how?",NO_SPAM
"Still in customer place",NO_SPAM
"How come it takes so little time for a child who is afraid of the dark to become a teenager who wants to stay out all night?",SPAM
"Dude u knw also telugu..thts gud..k, gud nyt..",NO_SPAM
"We confirm eating at esplanade?",NO_SPAM
"Send me your id and password",NO_SPAM
"Kind of. Took it to garage. Centre part of exhaust needs replacing. Part ordered n taking it to be fixed tomo morning.",NO_SPAM
"For ur chance to win a £250 cash every wk TXT: ACTION to 80608. T's&C's www.movietrivia.tv custcare 08712405022, 1x150p/wk.",SPAM
"Well I might not come then...",NO_SPAM
"Long after I quit. I get on only like 5 minutes a day as it is.",NO_SPAM
"Then its most likely called Mittelschmertz. Google it. If you dont have paracetamol dont worry it will go.",NO_SPAM
"Well at this right I'm gonna have to get up and check today's steam sales/pee so text me when you want me to come get you",NO_SPAM
"Just arrived, see you in a couple days &lt;3",NO_SPAM
"K, wat s tht incident?",NO_SPAM
"Yeah get the unlimited",NO_SPAM
"cThen i thk shd b enuff.. Still got conclusion n contents pg n references.. I'll b doing da contents pg n cover pg..",NO_SPAM
"Forgot it takes me 3 years to shower, sorry. Where you at/your phone dead yet?",NO_SPAM
"Ü got wat to buy tell us then ü no need to come in again.",NO_SPAM
"When you are big..| God will bring success.",NO_SPAM
"U’ve Bin Awarded £50 to Play 4 Instant Cash. Call 08715203028 To Claim. EVERY 9th Player Wins Min £50-£500. OptOut 08718727870",SPAM
"… we r stayin here an extra week, back next wed. How did we do in the rugby this weekend? Hi to and and , c u soon "",NO_SPAM
"Well there's still a bit left if you guys want to tonight",NO_SPAM
"Not from this campus. Are you in the library?",NO_SPAM
"The affidavit says  &lt;#&gt;  E Twiggs St, division g, courtroom  &lt;#&gt; , &lt;TIME&gt;  AM. I'll double check and text you again tomorrow",NO_SPAM
"How will I creep on you now? ;_;",NO_SPAM
"Tell your friends what you plan to do on Valentines day @ &lt;URL&gt;",NO_SPAM
"If I get there before you after your ten billion calls and texts so help me god",NO_SPAM
"Purity of friendship between two is not about smiling after reading the forwarded message..Its about smiling just by seeing the name. Gud evng musthu",NO_SPAM
"I've told him that i've returned it. That should i re order it.",NO_SPAM
"House-Maid is the murderer, coz the man was murdered on  &lt;#&gt; th January.. As public holiday all govt.instituitions are closed,including post office..",NO_SPAM
"Depends on where u going lor.",NO_SPAM
"And smile for me right now as you go and the world will wonder what you are smiling about and think your crazy and keep away from you ... *grins*",NO_SPAM
"FreeMsg>FAV XMAS TONES!Reply REAL",SPAM
"Lil fever:) now fine:)",NO_SPAM
"I think it's all still in my car",NO_SPAM
"Can a not?",NO_SPAM
"December only! Had your mobile 11mths+? You are entitled to update to the latest colour camera mobile for Free! Call The Mobile Update Co FREE on 08002986906 ",SPAM
"Yes princess! I want to catch you with my big strong hands...",NO_SPAM
"Oh yeah I forgot. U can only take 2 out shopping at once.",NO_SPAM
"Mm so you asked me not to call radio",NO_SPAM
"Thinkin about someone is all good. No drugs for that",NO_SPAM
"Say this slowly.? GOD,I LOVE YOU &amp; I NEED YOU,CLEAN MY HEART WITH YOUR BLOOD.Send this to Ten special people &amp; u c miracle tomorrow, do it,pls,pls do it...",NO_SPAM
"Enjoy the showers of possessiveness poured on u by ur loved ones, bcoz in this world of lies, it is a golden gift to be loved truly..",NO_SPAM
"Alright if you're sure, let me know when you're leaving",NO_SPAM
"Some are lasting as much as 2 hours. You might get lucky.",NO_SPAM
"Genius what's up. How your brother. Pls send his number to my skype.",NO_SPAM
"Gr8 Poly tones 4 ALL mobs direct 2u rply with POLY TITLE to 8007 eg POLY BREATHE1 Titles: CRAZYIN, SLEEPINGWITH, FINEST, YMCA :getzed.co.uk POBox365O4W45WQ 300p",SPAM
"Thk some of em find wtc too far... Weiyi not goin... E rest i dunno yet... R ur goin 4 dinner den i might b able to join...",NO_SPAM
"Don't forget who owns you and who's private property you are ... And be my good boy always .. *passionate kiss*",NO_SPAM
"INTERFLORA - It's not too late to order Interflora flowers for christmas call 0800 505060 to place your order before Midnight tomorrow.",SPAM
"Oh god..taken the teeth?is it paining",NO_SPAM
"ROMCAPspam Everyone around should be responding well to your presence since you are so warm and outgoing. You are bringing in a real breath of sunshine.",SPAM
"Then u ask darren go n pick u lor... But i oso sian tmr haf 2 meet lect...",NO_SPAM
"No need to buy lunch for me.. I eat maggi mee..",NO_SPAM
"Congratulations - Thanks to a good friend U have WON the £2,000 Xmas prize. 2 claim is easy, just call 08712103738 NOW! Only 10p per minute. BT-national-rate",SPAM
"Ok lor...",NO_SPAM
"Oh right, ok. I'll make sure that i do loads of work during the day!  got a really nasty cough today and is dry n shot so that should really help it!",NO_SPAM
"Wife.how she knew the time of murder exactly",NO_SPAM
"Send a logo 2 ur lover - 2 names joined by a heart. Txt LOVE NAME1 NAME2 MOBNO eg LOVE ADAM EVE 07123456789 to 87077 Yahoo! POBox36504W45WQ TxtNO 4 no ads 150p.",SPAM
"Howz that persons story",NO_SPAM
"Thanx 4 sending me home...",NO_SPAM
"Its normally hot mail. Com you see!",NO_SPAM
"You've won tkts to the EURO2004 CUP FINAL or £800 CASH, to collect CALL 09058099801 b4190604, POBOX 7876150ppm",SPAM
"U sick still can go shopping?",NO_SPAM
"Ya they are well and fine., BBD(pooja) full pimples..even she become quite black..and ur rite here its too cold, wearing sweatter..",NO_SPAM
"Nice.nice.how is it working?",NO_SPAM
"1's reach home call me.",NO_SPAM
"Were trying to find a Chinese food place around here",NO_SPAM
"Easy mate, * guess the quick drink was bit ambitious.",NO_SPAM
"BABE !!! I miiiiiiissssssssss you ! I need you !!! I crave you !!! :-( ... Geeee ... I'm so sad without you babe ... I love you ...",NO_SPAM
"Ok thanx...",NO_SPAM
"aathi..where are you dear..",NO_SPAM
"Tunji, how's the queen? how are you doing. This is just wishing you a great day. Abiola.",NO_SPAM
"Today iZ Yellow rose day. If u love my frndship give me 1 misscall &amp; send this to ur frndZ &amp; See how many miss calls u get. If u get 6missed U marry ur Lover.",NO_SPAM
"Will be out of class in a few hours. Sorry",NO_SPAM
"Wat time u finish ur lect today?",NO_SPAM
"Free-message: Jamster!Get the crazy frog sound now! For poly text MAD1, for real text MAD2 to 88888. 6 crazy sounds for just 3 GBP/week! 16+only! T&C's apply",SPAM
"Sad story of a Man - Last week was my b'day. My Wife did'nt wish me. My Parents forgot n so did my Kids . I went to work. Even my Colleagues did not wish. As I entered my cabin my PA said, '' Happy B'day Boss !!''. I felt special. She askd me 4 lunch. After lunch she invited me to her apartment. We went there. She said,'' do u mind if I go into the bedroom for a minute ? '' ''OK'', I sed in a sexy mood. She came out 5 minuts latr wid a cake...n My Wife, My Parents, My Kidz, My Friends n My Colleagues. All screaming.. SURPRISE !! and I was waiting on the sofa.. ... ..... ' NAKED...!",NO_SPAM
"YOUR CHANCE TO BE ON A REALITY FANTASY SHOW call now = 08707509020 Just 20p per min NTT Ltd, PO Box 1327 Croydon CR9 5WB 0870 is a national = rate call",SPAM
"She's fine. Good to hear from you. How are you my dear? Happy new year oh.",NO_SPAM
"Are you going to wipro interview today?",NO_SPAM
"how tall are you princess?",NO_SPAM
"I doubt you could handle 5 times per night in any case...",NO_SPAM
"Haha... Hope ü can hear the receipt sound... Gd luck!",NO_SPAM
"Your gonna be the death if me. I'm gonna leave a note that says its all robs fault. Avenge me.",NO_SPAM
"Japanese Proverb: If one Can do it, U too Can do it, If none Can do it,U must do it Indian version: If one Can do it, LET HIM DO it.. If none Can do it,LEAVE it!! And finally Kerala version: If one can do it, Stop him doing it.. If none can do it, Make a strike against it ...",NO_SPAM
"Today i'm not workin but not free oso... Gee... Thgt u workin at ur fren's shop ? ",NO_SPAM
"In life when you face choices Just toss a coin not becoz its settle the question But while the coin in the air U will know what your heart is hoping for. Gudni8",NO_SPAM
"Do you know why god created gap between your fingers..? So that, One who is made for you comes &amp; fills those gaps by holding your hand with LOVE..!",NO_SPAM
"I want to be there so i can kiss you and feel you next to me",NO_SPAM
"I am not at all happy with what you saying or doing",NO_SPAM
"Adult 18 Content Your video will be with you shortly",SPAM
"Ok that would b lovely, if u r sure. Think about wot u want to do, drinkin, dancin, eatin, cinema, in, out, about... Up to u! Wot about ? ",NO_SPAM
"What I'm saying is if you haven't explicitly told nora I know someone I'm probably just not gonna bother",NO_SPAM
"He says hi and to get your ass back to south tampa (preferably at a kegger)",NO_SPAM
"Smith waste da.i wanna gayle.",NO_SPAM
"Mum, i've sent you many many messages since i got here. I just want to know that you are actually getting them. Do enjoy the rest of your day.",NO_SPAM
"Aight, tomorrow around  &lt;#&gt;  it is",NO_SPAM
"House-Maid is the murderer, coz the man was murdered on  &lt;#&gt; th January.. As public holiday all govt.instituitions are closed,including post office..understand?",NO_SPAM
"YOUR CHANCE TO BE ON A REALITY FANTASY SHOW call now = 08707509020 Just 20p per min NTT Ltd, PO Box 1327 Croydon CR9 5WB 0870 is a national = rate call.",SPAM
"I actually did for the first time in a while. I went to bed not too long after i spoke with you. Woke up at 7. How was your night?",NO_SPAM
"See you there! ",NO_SPAM
"I dont understand your message.",NO_SPAM
"Crucify is c not s. You should have told me earlier.",NO_SPAM
"Idk. You keep saying that you're not, but since he moved, we keep butting heads over freedom vs. responsibility. And i'm tired. I have so much other shit to deal with that i'm barely keeping myself together once this gets added to it.",NO_SPAM
"Fuck cedar key and fuck her (come over anyway tho)",NO_SPAM
"twenty past five he said will this train have been to durham already or not coz i am in a reserved seat",NO_SPAM
"Hey Boys. Want hot XXX pics sent direct 2 ur phone? Txt PORN to 69855, 24Hrs free and then just 50p per day. To stop text STOPBCM SF WC1N3XX",SPAM
"U still painting ur wall?",NO_SPAM
"Last Chance! Claim ur £150 worth of discount vouchers today! Text SHOP to 85023 now! SavaMob, offers mobile! T Cs SavaMob POBOX84, M263UZ. £3.00 Sub. 16",SPAM
"Printer is cool. I mean groovy. Wine is groovying",NO_SPAM
"Hi Harish's rent has been transfred to ur Acnt.",NO_SPAM
"Anything lor is she coming?",NO_SPAM
"Cbe is really good nowadays:)lot of shop and showrooms:)city is shaping good.",NO_SPAM
"Ü still attending da talks?",NO_SPAM
"No probs hon! How u doinat the mo?",NO_SPAM
"K I'll take care of it",NO_SPAM
"I take it we didn't have the phone callon Friday. Can we assume we won't have it this year now?",NO_SPAM
"My battery is low babe",NO_SPAM
"Shuhui has bought ron's present it's a swatch watch...",NO_SPAM
"Yeah there's quite a bit left, I'll swing by tomorrow when I get up",NO_SPAM
"Babe? You said 2 hours and it's been almost 4 ... Is your internet down ?",NO_SPAM
"K I'll be sure to get up before noon and see what's what",NO_SPAM
"K...k...yesterday i was in cbe .",NO_SPAM
"Went to ganesh dress shop",NO_SPAM
"pdate_Now - Double mins and 1000 txts on Orange tariffs. Latest Motorola, SonyEricsson & Nokia & Bluetooth FREE! Call MobileUpd8 on 08000839402 or call2optout/!YHL",SPAM
"Ü collecting ur laptop then going to configure da settings izzit?",NO_SPAM
"If you r @ home then come down within 5 min",NO_SPAM
"Aight, I should be there by 8 at the latest, probably closer to 7. Are jay and tyler down or should we just do two trips?",NO_SPAM
"Come aftr  &lt;DECIMAL&gt; ..now i m cleaning the house",NO_SPAM
"Ur cash-balance is currently 500 pounds - to maximize ur cash-in now send CASH to 86688 only 150p/msg. CC: 08718720201 PO BOX 114/14 TCR/W1",SPAM
"Bill, as in: Are there any letters for me. i’m expecting one from orange that isn’t a bill but may still say orange on it.",NO_SPAM
"Tell me pa. How is pain de.",NO_SPAM
"HI DARLIN I HOPE YOU HAD A NICE NIGHT I WISH I HAD COME CANT WAIT TO SEE YOU LOVE FRAN PS I WANT DIRTY ANAL SEX AND I WANT A 10 MAN GANG BANG",NO_SPAM
"Ha. You don‘t know either. I did a a clever but simple thing with pears the other day, perfect for christmas.",NO_SPAM
"Helloooo... Wake up..! "Sweet" "morning" "welcomes" "You" "Enjoy" "This Day" "with full of joy".. "GUD MRNG".",NO_SPAM
"ALRITE",NO_SPAM
"Why must we sit around and wait for summer days to celebrate. Such a magical sight when the worlds dressed in white. Oooooh let there be snow.",NO_SPAM
"URGENT! Your Mobile number has been awarded with a £2000 prize GUARANTEED. Call 09058094454 from land line. Claim 3030. Valid 12hrs only",SPAM
"How do you guys go to see movies on your side.",NO_SPAM
"Sorry,in meeting I'll call later",NO_SPAM
"You didn't have to tell me that...now i'm thinking. Plus he's going to stop all your runs",NO_SPAM
"Kindly send some one to our flat before  &lt;DECIMAL&gt;  today.",NO_SPAM
"Sorry! U can not unsubscribe yet. THE MOB offer package has a min term of 54 weeks> pls resubmit request after expiry. Reply THEMOB HELP 4 more info",SPAM
"Nothing lor... A bit bored too... Then y dun u go home early 2 sleep today...",NO_SPAM
"What time should I tell my friend to be around?",NO_SPAM
"Yes. that will be fine. Love you. Be safe.",NO_SPAM
"Thanks chikku..:-) gud nyt:-*",NO_SPAM
"Is xy in ur car when u picking me up?",NO_SPAM
"Thanx 4 the time weve spent 2geva, its bin mint! Ur my Baby and all I want is u!xxxx",NO_SPAM
"Yo, any way we could pick something up tonight?",NO_SPAM
"I've not sent it. He can send me.",NO_SPAM
"Fine am simply sitting.",NO_SPAM
"Thts god's gift for birds as humans hav some natural gift frm god..",NO_SPAM
"Are you coming to day for class.",NO_SPAM
"Im done. Just studyn in library",NO_SPAM
"Ok... U enjoy ur shows...",NO_SPAM
"Anything...",NO_SPAM
"Where wuld I be without my baby? The thought alone mite break me and I dont wanna go crazy but everyboy needs his lady xxxxxxxx",NO_SPAM
"Wat's my dear doing? Sleeping ah?",NO_SPAM
"Hi' Test on  &lt;#&gt; rd ....",NO_SPAM
"Only 2% students solved this CAT question in 'xam... 5+3+2= &lt;#&gt;  9+2+4= &lt;#&gt;  8+6+3= &lt;#&gt;  then 7+2+5=????? Tell me the answer if u r brilliant...1thing.i got d answr.",NO_SPAM
"Yo do you know anyone  &lt;#&gt;  or otherwise able to buy liquor? Our guy flaked and right now if we don't get a hold of somebody its just 4 loko all night",NO_SPAM
"Yup n her fren lor. I'm meeting my fren at 730.",NO_SPAM
"Yeah, we got one lined up for us",NO_SPAM
"And stop wondering "wow is she ever going to stop tm'ing me ?!" because I will tm you whenever I want because you are MINE ... *laughs*",NO_SPAM
"Lol yep did that yesterday. Already got my fireplace. Now its just another icon sitting there for me.",NO_SPAM
"Hey i've booked the pilates and yoga lesson already... Haha",NO_SPAM
"Are you ok. What happen to behave like this",NO_SPAM
"You have 1 new message. Please call 08712400200.",SPAM
"My supervisor find 4 me one lor i thk his students. I havent ask her yet. Tell u aft i ask her.",NO_SPAM
"Hello. No news on job, they are making me wait a fifth week! Yeah im up for some woozles and weasels... In exeter still, but be home about 3. ",NO_SPAM
"No message..no responce..what happend?",NO_SPAM
"We currently have a message awaiting your collection. To collect your message just call 08718723815.",SPAM
"Hey babe, sorry i didn't get sooner. Gary can come and fix it cause he thinks he knows what it is but he doesn't go as far a Ptbo and he says it will cost  &lt;#&gt;  bucks. I don't know if it might be cheaper to find someone there ? We don't have any second hand machines at all right now, let me know what you want to do babe",NO_SPAM
"make that 3! 4 fucks sake?! x",NO_SPAM
"Leave it. U will always be ignorant.",NO_SPAM
"Nope but i'll b going 2 sch on fri quite early lor cos mys sis got paper in da morn :-)",NO_SPAM
"at bruce b downs &amp; fletcher now",NO_SPAM
"Where are you ? You said you would be here when I woke ... :-(",NO_SPAM
"Hey now am free you can call me.",NO_SPAM
"Tell me whos this pls:-)",NO_SPAM
"URGENT! Your mobile was awarded a £1,500 Bonus Caller Prize on 27/6/03. Our final attempt 2 contact U! Call 08714714011",SPAM
"Think i might have to give it a miss. Am teaching til twelve, then have lecture at two. Damn this working thing.",NO_SPAM
"Id have to check but there's only like 1 bowls worth left",NO_SPAM
"Yes there were many sweets",NO_SPAM
"I would but I'm still cozy. And exhausted from last night.nobody went to school or work. Everything is closed.",NO_SPAM
"U have a secret admirer. REVEAL who thinks U R So special. Call 09065174042. To opt out Reply REVEAL STOP. 1.50 per msg recd. Cust care 07821230901",SPAM
"Buzzzz! *grins* Did I buzz your ass? Buzz your chest ? Buzz your cock ? Where do you keep your phone ? Is the vibrator on ? Did you feel it shake ?",NO_SPAM
"Sir send to group mail check it.",NO_SPAM
"I'm doing da intro covers energy trends n pros n cons... Brief description of nuclear fusion n oso brief history of iter n jet got abt 7 n half pages..",NO_SPAM
""NONE!NOWHERE IKNO DOESDISCOUNT!SHITINNIT"",NO_SPAM
"You dont know you jabo me abi.",NO_SPAM
"Do you ever notice that when you're driving, anyone going slower than you is an idiot and everyone driving faster than you is a maniac?",SPAM
"Not yet had..ya sapna aunty manege y'day hogidhe..chinnu full weak and swalpa black agidhane..",NO_SPAM
"Are you being good, baby? :)",NO_SPAM
"NEFT Transaction with reference number  &lt;#&gt;  for Rs. &lt;DECIMAL&gt;  has been credited to the beneficiary account on  &lt;#&gt;  at  &lt;TIME&gt; : &lt;#&gt;",NO_SPAM
"Mostly sports type..lyk footbl,crckt..",NO_SPAM
"Ma head dey swell oh. Thanks for making my day",NO_SPAM
"U should make a fb list",NO_SPAM
"Height of Confidence: All the Aeronautics professors wer calld &amp; they wer askd 2 sit in an aeroplane. Aftr they sat they wer told dat the plane ws made by their students. Dey all hurried out of d plane.. Bt only 1 didnt move... He said:"if it is made by my students,this wont even start........ Datz confidence..",NO_SPAM
"Sary just need Tim in the bollox &it hurt him a lot so he tol me!",NO_SPAM
"Happy New Year Princess!",NO_SPAM
"I'll text carlos and let you know, hang on",NO_SPAM
"Don't worry, * is easy once have ingredients!",NO_SPAM
"I love u 2 my little pocy bell I am sorry but I love u",NO_SPAM
"Ok omw now, you at castor?",NO_SPAM
"Yar lor... Keep raining non stop... Or u wan 2 go elsewhere?",NO_SPAM
"Xmas Offer! Latest Motorola, SonyEricsson & Nokia & FREE Bluetooth or DVD! Double Mins & 1000 Txt on Orange. Call MobileUpd8 on 08000839402 or call2optout/4QF2",SPAM
"What u mean u almost done? Done wif sleeping? But i tot u going to take a nap.. Yup i send her liao so i'm picking her up at ard 4 smth lor..",NO_SPAM
"7 wonders in My WORLD 7th You 6th Ur style 5th Ur smile 4th Ur Personality 3rd Ur Nature 2nd Ur SMS and 1st "Ur Lovely Friendship"... good morning dear",NO_SPAM
"Tonight? Yeah, I'd be down for that",NO_SPAM
"What should i eat fo lunch senor",NO_SPAM
"He said that he had a right giggle when he saw u again! You would possibly be the first person2die from NVQ, but think how much you could for! ",NO_SPAM
"No break time one... How... I come out n get my stuff fr ü?",NO_SPAM
"Reply to win £100 weekly! What professional sport does Tiger Woods play? Send STOP to 87239 to end service",SPAM
"I'm there and I can see you, but you can't see me ? Maybe you should reboot ym ? I seen the buzz",NO_SPAM
"Do you still have the grinder?",NO_SPAM
"No 1 POLYPHONIC tone 4 ur mob every week! Just txt PT2 to 87575. 1st Tone FREE ! so get txtin now and tell ur friends. 150p/tone. 16 reply HL 4info",SPAM
"Love isn't a decision, it's a feeling. If we could decide who to love, then, life would be much simpler, but then less magical",NO_SPAM
"HOT LIVE FANTASIES call now 08707509020 Just 20p per min NTT Ltd, PO Box 1327 Croydon CR9 5WB 0870 is a national rate call",SPAM
"K.i did't see you.:)k:)where are you now?",NO_SPAM
"So i'm doing a list of buyers.",NO_SPAM
"No idea, I guess we'll work that out an hour after we're supposed to leave since as usual nobody has any interest in figuring shit out before the last second",NO_SPAM
"Mm not entirely sure i understood that text but hey. Ho. Which weekend?",NO_SPAM
"They released vday shirts and when u put it on it makes your bottom half naked instead of those white underwear.",NO_SPAM
"Don know..he is watching film in computer..",NO_SPAM
"No b4 Thursday",NO_SPAM
"Oh, then your phone phoned me but it disconnected",NO_SPAM
"Id onluy matters when getting on from offcampus",NO_SPAM
"This message is free. Welcome to the new & improved Sex & Dogging club! To unsubscribe from this service reply STOP. msgs@150p 18+only",SPAM
"Excellent, I'll see what riley's plans are",NO_SPAM
"I will see in half an hour",NO_SPAM
"You've won tkts to the EURO2004 CUP FINAL or £800 CASH, to collect CALL 09058099801 b4190604, POBOX 7876150ppm",SPAM
"Ew are you one of them?",NO_SPAM
"Also hi wesley how've you been",NO_SPAM
"Ah you see. You have to be in the lingo. I will let you know wot on earth it is when has finished making it!",NO_SPAM
"Loan for any purpose £500 - £75,000. Homeowners + Tenants welcome. Have you been previously refused? We can still help. Call Free 0800 1956669 or text back 'help'",SPAM
"Update_Now - 12Mths Half Price Orange line rental: 400mins...Call MobileUpd8 on 08000839402 or call2optout=J5Q",SPAM
"Imagine Life WITHOUT ME... see.. How fast u are searching me?Don't worry.. l'm always there To disturb U.. Goodnoon..:)",NO_SPAM
"Hm good morning, headache anyone? :-)",NO_SPAM
"Yeah no probs - last night is obviously catching up with you... Speak soon ",NO_SPAM
"FREE UNLIMITED HARDCORE PORN direct 2 your mobile Txt PORN to 69200 & get FREE access for 24 hrs then chrgd@50p per day txt Stop 2exit. This msg is free",SPAM
"I might go 2 sch. Yar at e salon now v boring.",NO_SPAM
"&lt;#&gt;  mins but i had to stop somewhere first.",NO_SPAM
"&lt;#&gt;  is fast approaching. So, Wish u a very Happy New Year Happy Sankranti Happy republic day Happy Valentines Day Happy Shivratri Happy Ugadi Happy Fools day Happy May Day Happy Independence Day, Happy Friendship,Mother,Father,Teachers,Childrens Day, &amp; HAPPY BIRTHDAY 4 U. Happy Ganesh festival Happy Dasara Happy Diwali Happy Christmas  &lt;#&gt;  Good Mornings Afternoons, Evenings Nights. RememberI AM the first to WISHING U ALL THESE...your's Raj",NO_SPAM
"One of the joys in lifeis waking up each daywith thoughts that somewhereSomeone cares enough tosend a warm morning greeting.. -",NO_SPAM
"I didn't get the second half of that message",NO_SPAM
"Wat time do u wan 2 meet me later?",NO_SPAM
"I thank you so much for all you do with selflessness. I love you plenty.",NO_SPAM
"Am in film ill call you later.",NO_SPAM
"How dare you change my ring",NO_SPAM
"You are a very very very very bad girl. Or lady.",NO_SPAM
"I love ya too but try and budget your money better babe. Gary would freak on me if he knew",NO_SPAM
"What part of "don't initiate" don't you understand",NO_SPAM
"I finished my lunch already. U wake up already?",NO_SPAM
"You still at the game?",NO_SPAM
"You have got tallent but you are wasting.",NO_SPAM
"What is your record for one night? :)",NO_SPAM
"Also sir, i sent you an email about how to log into the usc payment portal. I.ll send you another message that should explain how things are back home. Have a great weekend.",NO_SPAM
"gonna let me know cos comes bak from holiday that day.  is coming. Don't4get2text me  number. ",NO_SPAM
"Jokin only lar... :-) depends on which phone my father can get lor...",NO_SPAM
"Aight, lemme know what's up",NO_SPAM
"Get ready for  &lt;#&gt;  inches of pleasure...",NO_SPAM
"Raji..pls do me a favour. Pls convey my Birthday wishes to Nimya. Pls. Today is her birthday.",NO_SPAM
";-) ok. I feel like john lennon.",NO_SPAM
"Cos darren say ü considering mah so i ask ü...",NO_SPAM
"You are not bothering me but you have to trust my answers. Pls.",NO_SPAM
"Wishing you and your family Merry "X" mas and HAPPY NEW Year in advance..",NO_SPAM
"One day a crab was running on the sea shore..The waves came n cleared the footprints of the crab.. Crab asked: being my frnd y r u clearing my beautiful footprints? Waves replied: A fox was following ur footprints to catch you! thats y i cleared it off:) frndsship never lets u dwn :-) GUD nyt..",NO_SPAM
"Aight what time you want me to come up?",NO_SPAM
"Slaaaaave ! Where are you ? Must I summon you to me all the time now ? Don't you wish to come to me on your own anymore?",NO_SPAM
"Your bill at 3 is £33.65 so thats not bad!",NO_SPAM
"Let me know how it changes in the next 6hrs. It can even be appendix but you are out of that age range. However its not impossible. So just chill and let me know in 6hrs",NO_SPAM
"Hello, yeah i've just got out of the bath and need to do my hair so i'll come up when i'm done, yeah?",NO_SPAM
"So how's the weather over there?",NO_SPAM
"Ok. Not much to do here though. H&M Friday, cant wait. Dunno wot the hell im gonna do for another 3 weeks! Become a slob- oh wait, already done that! ",NO_SPAM
"Die... Now i have e toot fringe again...",NO_SPAM
"Lol they don't know about my awesome phone. I could click delete right now if I want.",NO_SPAM
"Ok",NO_SPAM
"Awesome question with a cute answer: Someone asked a boy "how is ur life?" . . He smiled &amp; answered: . . "She is fine!" Gudnite",NO_SPAM
"Please leave this topic..sorry for telling that..",NO_SPAM
"Pls send me the correct name da.",NO_SPAM
"What happened to our yo date?",NO_SPAM
"EASTENDERS TV Quiz. What FLOWER does DOT compare herself to? D= VIOLET E= TULIP F= LILY txt D E or F to 84025 NOW 4 chance 2 WIN £100 Cash WKENT/150P16+",SPAM
"Webpage s not available!",NO_SPAM
"Just woke up. Yeesh its late. But I didn't fall asleep til &lt;#&gt; am :/",NO_SPAM
"You are now unsubscribed all services. Get tons of sexy babes or hunks straight to your phone! go to http://gotbabes.co.uk. No subscriptions.",SPAM
"Dear all, as we know  &lt;#&gt; th is the  &lt;#&gt; th birthday of our loving Gopalettan. We are planning to give a small gift on that day. Those who like to participate in that you are welcome. Please contact our admin team for more details",NO_SPAM
"K..k...from tomorrow onwards started ah?",NO_SPAM
"What u talking bout early morning? It's almost noon where your at!",NO_SPAM
"Fine. Do you remember me.",NO_SPAM
"Hi babe its Jordan, how r u? Im home from abroad and lonely, text me back if u wanna chat xxSP visionsms.com Text stop to stopCost 150p 08712400603",SPAM
"Ok. How many should i buy.",NO_SPAM
"Sounds good, keep me posted",NO_SPAM
"Get a brand new mobile phone by being an agent of The Mob! Plus loads more goodies! For more info just text MAT to 87021.",SPAM
"Ok. So april. Cant wait",NO_SPAM
"Boy you best get yo ass out here quick",NO_SPAM
"Ay wana meet on sat?ü wkg on sat?",NO_SPAM
"I'm now but have to wait till 2 for the bus to pick me.",NO_SPAM
"Apart from the one i told you about yesterday?",NO_SPAM
"Ok lor... But buy wat?",NO_SPAM
"Somebody should go to andros and steal ice",NO_SPAM
"Don know. I did't msg him recently.",NO_SPAM
"Take us out shopping and Mark will distract Isaiah.=D",NO_SPAM
"Mum, hope you are having a great day. Hoping this text meets you well and full of life. Have a great day. Abiola",NO_SPAM
"There is no sense in my foot and penis.",NO_SPAM
"Okay but i thought you were the expert",NO_SPAM
"*deep sigh* ... I miss you :-( ... I am really surprised you haven't gone to the net cafe yet to get to me ... Don't you miss me?",NO_SPAM
"S.s:)i thinl role is like sachin.just standing. Others have to hit.",NO_SPAM
"Have a great trip to India. And bring the light to everyone not just with the project but with everyone that is lucky to see you smile. Bye. Abiola",NO_SPAM
"And very importantly, all we discuss is between u and i only.",NO_SPAM
"K..k:)how about your training process?",NO_SPAM
"Ok lor. I ned 2 go toa payoh 4 a while 2 return smth u wan 2 send me there or wat?",NO_SPAM
"In da car park ",NO_SPAM
"I wish that I was with you. Holding you tightly. Making you see how important you are. How much you mean to me ... How much I need you ... In my life ...",NO_SPAM
"So i asked how's anthony. Dad. And your bf",NO_SPAM
"'Wnevr i wana fal in luv vth my books, My bed fals in luv vth me..!'' . Yen madodu, nav pretsorginta, nammanna pretsovru important alwa....!!:) Gud eveB-).",NO_SPAM
"What Today-sunday..sunday is holiday..so no work..",NO_SPAM
"Am going to take bath ill place the key in window:-)",NO_SPAM
"LORD OF THE RINGS:RETURN OF THE KING in store NOW!REPLY LOTR by 2 June 4 Chance 2 WIN LOTR soundtrack CDs StdTxtRate. Reply STOP to end txts",SPAM
"Dear, take care. I am just reaching home.love u a lot.",NO_SPAM
"staff.science.nus.edu.sg/~phyhcmk/teaching/pc1323",NO_SPAM
"Have you emigrated or something? Ok maybe 5.30 was a bit hopeful...",NO_SPAM
"Olol i printed out a forum post by a guy with the exact same  prob which was fixed with a gpu replacement. Hopefully they dont ignore that.",NO_SPAM
"We walked from my moms. Right on stagwood pass right on winterstone left on victors hill. Address is &lt;#&gt;",NO_SPAM
"Yo, you at jp and hungry like a mofo?",NO_SPAM
"This is all just creepy and crazy to me.",NO_SPAM
"Ok... I din get ur msg...",NO_SPAM
"Tessy..pls do me a favor. Pls convey my birthday wishes to Nimya..pls dnt forget it. Today is her birthday Shijas",NO_SPAM
"Pathaya enketa maraikara pa'",NO_SPAM
"Even if he my friend he is a priest call him now",NO_SPAM
"U so lousy, run already come back then half dead... Hee...",NO_SPAM
"That's y i said it's bad dat all e gals know u... Wat u doing now?",NO_SPAM
"Or remind me in a few hrs.",NO_SPAM
"I had been hoping i would not have to send you this message. My rent is due and i dont have enough for it. My reserves are completely gone. Its a loan i need and was hoping you could her. The balance is  &lt;#&gt; . Is there a way i could get that from you, till mid march when i hope to pay back.",NO_SPAM
"Hi. Happy New Year. I dont mean to intrude but can you pls let me know how much tuition you paid last semester and how much this semester is. Thanks",NO_SPAM
"Hello hun how ru? Its here by the way. Im good. Been on 2 dates with that guy i met in walkabout so far. We have to meet up soon. Hows everyone else?",NO_SPAM
"Lol I was gonna last month. I cashed some in but I left &lt;#&gt; just in case. I was collecting more during the week cause they announced it on the blog.",NO_SPAM
"Good Luck! Draw takes place 28th Feb 06. Good Luck! For removal send STOP to 87239 customer services 08708034412",SPAM
"Short But Cute : " Be a good person , but dont try to prove" ..... Gud mrng...",NO_SPAM
"Just haven't decided where yet eh ?",NO_SPAM
"Wat time liao, where still got.",NO_SPAM
"Yes watching footie but worried we're going to blow it - Phil Neville?",NO_SPAM
"I wait 4 ü inside da car park...",NO_SPAM
"Uncle Abbey! Happy New Year. Abiola",NO_SPAM
"Now am free call me pa.",NO_SPAM
"R u saying i should re order the slippers cos i had to pay for returning it.",NO_SPAM
"Stop knowing me so well!",NO_SPAM
"Good evening! this is roger. How are you?",NO_SPAM
"Small problem in auction:)punj now asking tiwary",NO_SPAM
"Free entry in 2 a weekly comp for a chance to win an ipod. Txt POD to 80182 to get entry (std txt rate) T&C's apply 08452810073 for details 18+",SPAM
"He telling not to tell any one. If so treat for me hi hi hi",NO_SPAM
"My uncles in Atlanta. Wish you guys a great semester.",NO_SPAM
"1st wk FREE! Gr8 tones str8 2 u each wk. Txt NOKIA ON to 8007 for Classic Nokia tones or HIT ON to 8007 for Polys. Nokia/150p Poly/200p 16+",SPAM
"U coming 2 pick me?",NO_SPAM
"Thats cool. i liked your photos. You are very sexy!",NO_SPAM
"would u fuckin believe it they didnt know i had thurs pre booked off so they re cancelled me AGAIN! that needs to b sacked",NO_SPAM
"Haha better late than ever, any way I could swing by?",NO_SPAM
"Ok. But i finish at 6.",NO_SPAM
"LookAtMe!: Thanks for your purchase of a video clip from LookAtMe!, you've been charged 35p. Think you can do better? Why not send a video in a MMSto 32323.",SPAM
"I've been barred from all B and Q stores for life!?This twat in orange dungerees came up to me and asked if I wanted decking? So I got the first punch in!!",NO_SPAM
"So no messages. Had food?",NO_SPAM
"Ok going to sleep. Hope i can meet her.",NO_SPAM
"Wat makes some people dearer is not just de happiness dat u feel when u meet them but de pain u feel when u miss dem!!!",NO_SPAM
"Can you let me know details of fri when u find out cos I'm not in tom or fri. mentionned chinese. Thanks",NO_SPAM
"You're right I have now that I think about it",NO_SPAM
"Wat r u doing now?",NO_SPAM
"Is ur lecture over?",NO_SPAM
"sexy sexy cum and text me im wet and warm and ready for some porn! u up for some fun? THIS MSG IS FREE RECD MSGS 150P INC VAT 2 CANCEL TEXT STOP",SPAM
"Customer place i will call you",NO_SPAM
"Not planned yet :)going to join company on jan 5 only.don know what will happen after that.",NO_SPAM
"Boy; I love u Grl: Hogolo Boy: gold chain kodstini Grl: Agalla Boy: necklace madstini Grl: agalla Boy: Hogli 1 mutai eerulli kodthini! Grl: I love U kano;-)",NO_SPAM
"Haha I heard that, text me when you're around",NO_SPAM
"I.ll get there tomorrow and send it to you",NO_SPAM
""SHIT BABE.. THASA BIT MESSED UP.YEH, SHE SHUDVETOLD U. DID URGRAN KNOW?NEWAY, ILLSPEAK 2 U2MORO WEN IM NOT ASLEEP..."",NO_SPAM
"Oh thats late! Well have a good night and i will give u a call tomorrow. Iam now going to go to sleep night night",NO_SPAM
""CHEERS U TEX MECAUSE U WEREBORED! YEAH OKDEN HUNNY R UIN WK SAT?SOUNDS LIKEYOUR HAVIN GR8FUN J! KEEP UPDAT COUNTINLOTS OF LOVEME XXXXX."",NO_SPAM
"Sorry,  in meeting I'll call you later",NO_SPAM
"Yo! Howz u? girls never rang after india. L",NO_SPAM
"Yeah but which is worse for i",NO_SPAM
"Hard LIVE 121 chat just 60p/min. Choose your girl and connect LIVE. Call 09094646899 now! Cheap Chat UK's biggest live service. VU BCM1896WC1N3XX",SPAM
"I tagged MY friends that you seemed to count as YOUR friends.",NO_SPAM
"Not heard from U4 a while. Call 4 rude chat private line 01223585334 to cum. Wan 2C pics of me gettin shagged then text PIX to 8552. 2End send STOP 8552 SAM xxx",SPAM
"Ok...",NO_SPAM
"Long time. You remember me today.",NO_SPAM
"Havent shopping now lor i juz arrive only",NO_SPAM
"Thank u. IT BETTER WORK OUT CAUSE I WILL FEEL USED OTHERWISE",NO_SPAM
"Are you up for the challenge? I know i am :)",NO_SPAM
"How much did ur hdd casing cost.",NO_SPAM
"Mystery solved! Just opened my email and he's sent me another batch! Isn't he a sweetie",NO_SPAM
"I can't describe how lucky you are that I'm actually awake by noon",NO_SPAM
"This is the 2nd time we have tried to contact u. U have won the £1450 prize to claim just call 09053750005 b4 310303. T&Cs/stop SMS 08718725756. 140ppm",SPAM
"TODAY is Sorry day.! If ever i was angry with you, if ever i misbehaved or hurt you? plz plz JUST SLAP URSELF Bcoz, Its ur fault, I'm basically GOOD",NO_SPAM
"Cheers for the card ... Is it that time of year already?",NO_SPAM
"HOT LIVE FANTASIES call now 08707509020 Just 20p per min NTT Ltd, PO Box 1327 Croydon CR9 5WB 0870..k",SPAM
"When people see my msgs, They think Iam addicted to msging... They are wrong, Bcoz They don\'t know that Iam addicted to my sweet Friends..!! BSLVYL",NO_SPAM
"Ugh hopefully the asus ppl dont randomly do a reformat.",NO_SPAM
"Haven't seen my facebook, huh? Lol!",NO_SPAM
"Mah b, I'll pick it up tomorrow",NO_SPAM
"Still otside le..u come 2morrow maga..",NO_SPAM
"Do u still have plumbers tape and a wrench we could borrow?",NO_SPAM
"Dear Voucher Holder, To claim this weeks offer, at you PC please go to http://www.e-tlp.co.uk/reward. Ts&Cs apply.",SPAM
"It vl bcum more difficult..",NO_SPAM
"UR GOING 2 BAHAMAS! CallFREEFONE 08081560665 and speak to a live operator to claim either Bahamas cruise of£2000 CASH 18+only. To opt out txt X to 07786200117",SPAM
"Havent still waitin as usual... Ü come back sch oredi?",NO_SPAM
"In meeting da. I will call you",NO_SPAM
"K k :-):-) then watch some films.",NO_SPAM
"Does cinema plus drink appeal tomo? * Is a fr thriller by director i like on at mac at 8.30.",NO_SPAM
"There the size of elephant tablets & u shove um up ur ass!!",NO_SPAM
"So many people seems to be special at first sight, But only very few will remain special to you till your last sight.. Maintain them till life ends.. take cr da",NO_SPAM
"My Parents, My Kidz, My Friends n My Colleagues. All screaming.. SURPRISE !! and I was waiting on the sofa.. ... ..... ' NAKED...!",NO_SPAM
"Dunno i juz askin cos i got a card got 20% off 4 a salon called hair sense so i tot it's da one ü cut ur hair. ",NO_SPAM
"Good morning pookie pie! Lol hope I didn't wake u up",NO_SPAM
"MAYBE IF YOU WOKE UP BEFORE FUCKING 3 THIS WOULDN'T BE A PROBLEM.",NO_SPAM
"Happy birthday to you....dear.with lots of love.rakhesh NRI",NO_SPAM
"Howz that persons story",NO_SPAM
"This is the 2nd time we have tried 2 contact u. U have won the 750 Pound prize. 2 claim is easy, call 08712101358 NOW! Only 10p per min. BT-national-rate",SPAM
"X2  &lt;#&gt; . Are you going to get that",NO_SPAM
"Hi neva worry bout da truth coz the truth will lead me 2 ur heart. Its the least a unique person like u deserve. Sleep tight or morning",NO_SPAM
"UR awarded a City Break and could WIN a £200 Summer Shopping spree every WK. Txt STORE to 88039.SkilGme.TsCs087147403231Winawk!Age16+£1.50perWKsub",SPAM
"Is ur paper today in e morn or aft?",NO_SPAM
"I will lick up every drop :) are you ready to use your mouth as well?",NO_SPAM
"And you! Will expect you whenever you text! Hope all goes well tomo ",NO_SPAM
"Great. P diddy is my neighbor and comes for toothpaste every morning",NO_SPAM
"I av a new number,  . Wil u only use this one,ta.",NO_SPAM
"So its to be poking man everyday that they teach you in canada abi! How are you. Just saying hi.",NO_SPAM
"7 lor... Change 2 suntec... Wat time u coming?",NO_SPAM
"No de.am seeing in online shop so that i asked.",NO_SPAM
"Just curious because my cuz asked what I was up to",NO_SPAM
"Nice.nice.how is it working?",NO_SPAM
"Okay lor... Wah... like that def they wont let us go... Haha... What did they say in the terms and conditions?",NO_SPAM
"Haha... Yup hopefully  we will lose a few kg by mon. after hip hop can go orchard and weigh again",NO_SPAM
"She's good. How are you. Where r u working now",NO_SPAM
"Oh, yes, I've just been a little under the weather so i've kind of been coccooning at home",NO_SPAM
"At home also.",NO_SPAM
"This phone has the weirdest auto correct.",NO_SPAM
"Oops my phone died and I didn't even know. Yeah I like it better.",NO_SPAM
"Havent mus ask if u can 1st wat. Of meet 4 lunch den u n him meet can already lor. Or u wan 2 go ask da ge 1st then confirm w me asap?",NO_SPAM
"She said,'' do u mind if I go into the bedroom for a minute ? '' ''OK'', I sed in a sexy mood. She came out 5 minuts latr wid a cake...n My Wife,",NO_SPAM
"OH YEAH,AND HAV A GREAT TIME IN NEWQUAY-SEND ME A POSTCARD !1 LOOK AFTER ALL THE GIRLS WHILE IM GONE(U KNOW THE 1IM TALKIN BOUT!)xx",NO_SPAM
"We got a divorce. Lol. She.s here",NO_SPAM
"What's ur pin?",NO_SPAM
"Babe, have you got enough money to pick up bread and milk ? And I'll give you it back when you get home ?",NO_SPAM
"I want snow. It's just freezing and windy.",NO_SPAM
"URGENT! We are trying to contact U. Todays draw shows that you have won a £2000 prize GUARANTEED. Call 09066358361 from land line. Claim Y87. Valid 12hrs only",SPAM
"Come to mahal bus stop.. &lt;DECIMAL&gt;",NO_SPAM
"Don know:)this week i'm going to tirunelvai da.",NO_SPAM
"Me too baby! I promise to treat you well! I bet you will take good care of me...",NO_SPAM
"Its like that hotel dusk game i think. You solve puzzles in a area thing",NO_SPAM
"Thanks for your ringtone order, reference number X29. Your mobile will be charged 4.50. Should your tone not arrive please call customer services 09065989180",SPAM
"Hi, my love! How goes that day? Fuck, this morning I woke and dropped my cell on the way down the stairs but it seems alright ... *phews* I miss you !",NO_SPAM
"Well that must be a pain to catch",NO_SPAM
"Sorry da thangam.it's my mistake.",NO_SPAM
"I need... Coz i never go before ",NO_SPAM
"Rose for red,red for blood,blood for heart,heart for u. But u for me.... Send tis to all ur friends.. Including me.. If u like me.. If u get back, 1-u r poor in relation! 2-u need some 1 to support 3-u r frnd 2 many 4-some1 luvs u 5+- some1 is praying god to marry u.:-) try it....",NO_SPAM
"Wife.how she knew the time of murder exactly",NO_SPAM
"SIX chances to win CASH! From 100 to 20,000 pounds txt> CSH11 and send to 87575. Cost 150p/day, 6days, 16+ TsandCs apply Reply HL 4 info",SPAM
"Ur cash-balance is currently 500 pounds - to maximize ur cash-in now send COLLECT to 83600 only 150p/msg. CC: 08718720201 PO BOX 114/14 TCR/W1",SPAM
"I feel like a dick because I keep sleeping through your texts and facebook messages. Sup, you in town?",NO_SPAM
"No plm i will come da. On the way.",NO_SPAM
"Guess he wants alone time. We could just show up and watch when they do..",NO_SPAM
"Height of recycling: Read twice- People spend time for earning money and the same money is spent for spending time!;-) Good morning.. keep smiling:-)",NO_SPAM
"Yup ü not comin :-(",NO_SPAM
"Yes, princess. Toledo.",NO_SPAM
"Aight text me when you're back at mu and I'll swing by, need somebody to get the door for me",NO_SPAM
"Ron say fri leh. N he said ding tai feng cant make reservations. But he said wait lor.",NO_SPAM
"Good. No swimsuit allowed :)",NO_SPAM
"Am okay. Will soon be over. All the best",NO_SPAM
"A cute thought for friendship: "Its not necessary to share every secret with ur close Frnd, but watever u shared should be true"....",NO_SPAM
"Ok i've sent u da latest version of da project.",NO_SPAM
"Good Morning my Dear........... Have a great &amp; successful day.",NO_SPAM
"Pls accept me for one day. Or am begging you change the number.",NO_SPAM
"Squeeeeeze!! This is christmas hug.. If u lik my frndshp den hug me back.. If u get 3 u r cute:) 6 u r luvd:* 9 u r so lucky;) None? People hate u:",NO_SPAM
"Its ok, if anybody asks abt me, u tel them..:-P",NO_SPAM
"Funny fact Nobody teaches volcanoes 2 erupt, tsunamis 2 arise, hurricanes 2 sway aroundn no 1 teaches hw 2 choose a wife Natural disasters just happens",NO_SPAM
"* You gonna ring this weekend or wot?",NO_SPAM
"Also track down any lighters you can find",NO_SPAM
"Sorry, I can't help you on this.",NO_SPAM
"Babe, I need your advice",NO_SPAM
"I‘ll leave around four, ok?",NO_SPAM
"Come to medical college at 7pm ......forward it da",NO_SPAM
"K:)k..its good:)when are you going?",NO_SPAM
"I can make lasagna for you... vodka...",NO_SPAM
"HI ITS KATE CAN U GIVE ME A RING ASAP XXX",NO_SPAM
"Who were those people ? Were you in a tour ? I thought you were doing that sofa thing you sent me ? Your curious sugar",NO_SPAM
"No, but you told me you were going, before you got drunk!",NO_SPAM
"He fucking chickened out. He messaged me he would be late and woould buzz me and then I didn't hear a word from him",NO_SPAM
"Congratulations! Thanks to a good friend U have WON the £2,000 Xmas prize. 2 claim is easy, just call 08718726978 NOW! Only 10p per minute. BT-national-rate",SPAM
"I'm always looking for an excuse to be in the city.",NO_SPAM
"Yup i'm still having coffee wif my frens... My fren drove she'll give me a lift...",NO_SPAM
"O shore are you takin the bus",NO_SPAM
"So u gonna get deus ex?",NO_SPAM
"I will send them to your email. Do you mind  &lt;#&gt;  times per night?",NO_SPAM
"44 7732584351, Do you want a New Nokia 3510i colour phone DeliveredTomorrow? With 300 free minutes to any mobile + 100 free texts + Free Camcorder reply or call 08000930705.",SPAM
"tap & spile at seven. * Is that pub on gas st off broad st by canal. Ok?",NO_SPAM
"Ok then i come n pick u at engin?",NO_SPAM
"Which is why i never wanted to tell you any of this. Which is why i'm so short with you and on-edge as of late.",NO_SPAM
"Raviyog Peripherals bhayandar east",NO_SPAM
"K actually can you guys meet me at the sunoco on howard? It should be right on the way",NO_SPAM
"You have 1 new voicemail. Please call 08719181513.",SPAM
"MOON has come to color your dreams, STARS to make them musical and my SMS to give you warm and Peaceful Sleep. Good Night",NO_SPAM
"Just finished eating. Got u a plate. NOT leftovers this time.",NO_SPAM
"Thanx a lot...",NO_SPAM
"Hurry home u big butt. Hang up on your last caller if u have to. Food is done and I'm starving. Don't ask what I cooked.",NO_SPAM
"Lol your right. What diet? Everyday I cheat anyway. I'm meant to be a fatty :(",NO_SPAM
"Its a great day. Do have yourself a beautiful one.",NO_SPAM
"What happened in interview?",NO_SPAM
"Solve d Case : A Man Was Found Murdered On  &lt;DECIMAL&gt; . &lt;#&gt;  AfterNoon. 1,His wife called Police. 2,Police questioned everyone. 3,Wife: Sir,I was sleeping, when the murder took place. 4.Cook: I was cooking. 5.Gardener: I was picking vegetables. 6.House-Maid: I went 2 d post office. 7.Children: We went 2 play. 8.Neighbour: We went 2 a marriage. Police arrested d murderer Immediately. Who's It? Reply With Reason, If U r Brilliant.",NO_SPAM
"Badrith is only for chennai:)i will surely pick for us:)no competition for him.",NO_SPAM
"I tot it's my group mate... Lucky i havent reply... Wat time do ü need to leave... ",NO_SPAM
"Hey you around? I've got enough for a half + the ten I owe you",NO_SPAM
"Hey tmr maybe can meet you at yck",NO_SPAM
"ALRITE SAM ITS NIC JUST CHECKIN THAT THIS IS UR NUMBER-SO IS IT?T.B*",NO_SPAM
"They are just making it easy to pay back. I have  &lt;#&gt; yrs to say but i can pay back earlier. You get?",NO_SPAM
"Not to worry. I'm sure you'll get it.",NO_SPAM
"The gas station is like a block away from my house, you'll drive right by it since armenia ends at swann and you have to take howard",NO_SPAM
"Someone U know has asked our dating service 2 contact you! Cant Guess who? CALL 09058097189 NOW all will be revealed. POBox 6, LS15HB 150p ",SPAM
"Camera - You are awarded a SiPix Digital Camera! call 09061221066 fromm landline. Delivery within 28 days",SPAM
"My tuition is at 330. Hm we go for the 1120 to 1205 one? Do you mind?",NO_SPAM
"I'm not smoking while people use "wylie smokes too much" to justify ruining my shit",NO_SPAM
"Dear good morning how you feeling dear",NO_SPAM
"A little. Meds say take once every 8 hours. It's only been 5 but pain is back. So I took another. Hope I don't die",NO_SPAM
"Beautiful tomorrow never comes.. When it comes, it's already TODAY.. In the hunt of beautiful tomorrow don't waste your wonderful TODAY.. GOODMORNING:)",NO_SPAM
"Dunno lei ü all decide lor. How abt leona? Oops i tot ben is going n i msg him.",NO_SPAM
"Hi there. We have now moved in2 our pub . Would be great 2 c u if u cud come up.",NO_SPAM
"Todays Voda numbers ending 5226 are selected to receive a ?350 award. If you hava a match please call 08712300220 quoting claim code 1131 standard rates app ",SPAM
"This message is free. Welcome to the new & improved Sex & Dogging club! To unsubscribe from this service reply STOP. msgs@150p 18 only",SPAM
"Honeybee Said: *I'm d Sweetest in d World* God Laughed &amp; Said: *Wait,U Havnt Met d Person Reading This Msg* MORAL: Even GOD Can Crack Jokes! GM+GN+GE+GN:)",NO_SPAM
"Just do what ever is easier for you",NO_SPAM
"RCT' THNQ Adrian for U text. Rgds Vatian",SPAM
"Stop calling everyone saying I might have cancer. My throat hurts to talk. I can't be answering everyones calls. If I get one more call I'm not babysitting on Monday",NO_SPAM
"It'll be tough, but I'll do what I have to",NO_SPAM
"IM GONNAMISSU SO MUCH!!I WOULD SAY IL SEND U A POSTCARD BUTTHERES ABOUTAS MUCH CHANCE OF MEREMEMBERIN ASTHERE IS OFSI NOT BREAKIN HIS CONTRACT!! LUV Yaxx",NO_SPAM
"Ee msg na poortiyagi odalebeku: Hanumanji 7 name 1-Hanuman 2-Bajarangabali 3-Maruti 4-Pavanaputra 5-Sankatmochan 6-Ramaduth 7-Mahaveer ee 7 name  &lt;#&gt;  janarige ivatte kalisidare next saturday olage ondu good news keluviri...! Maretare inde 1 dodda problum nalli siguviri idu matra  &lt;#&gt; % true.. Don't neglet.",NO_SPAM
"HI DARLIN I FINISH AT 3 DO U 1 2 PICK ME UP OR MEET ME? TEXT BACK ON THIS NUMBER LUV KATE XXX",NO_SPAM
"Set a place for me in your heart and not in your mind, as the mind easily forgets but the heart will always remember. Wish you Happy Valentines Day!",NO_SPAM
"But i'm surprised she still can guess right lor...",NO_SPAM
"Okie ü wan meet at bishan? Cos me at bishan now. I'm not driving today.",NO_SPAM
"Oh ho. Is this the first time u use these type of words",NO_SPAM
"HI DARLIN HOW WAS WORK DID U GET INTO TROUBLE? IJUST TALKED TO YOUR MUM ALL MORNING! I HAD A REALLY GOOD TIME LAST NIGHT IM GOIN OUT SOON BUT CALL ME IF U CAN",NO_SPAM
"I know you are serving. I mean what are you doing now.",NO_SPAM
"Huh... Hyde park not in mel ah, opps, got confused... Anyway, if tt's e best choice den we juz have to take it...",NO_SPAM
"Oh gei. That happend to me in tron. Maybe ill dl it in 3d when its out",NO_SPAM
"FREE MESSAGE Activate your 500 FREE Text Messages by replying to this message with the word FREE For terms & conditions, visit www.07781482378.com",SPAM
"I know girls always safe and selfish know i got it pa. Thank you. good night.",NO_SPAM
"No worries, hope photo shoot went well. have a spiffing fun at workage. ",NO_SPAM
"I'm freezing and craving ice. Fml",NO_SPAM
"Kay... Since we are out already ",NO_SPAM
"Eh sorry leh... I din c ur msg. Not sad already lar. Me watching tv now. U still in office?",NO_SPAM
"Yo im right by yo work",NO_SPAM
"Ok darlin i supose it was ok i just worry too much.i have to do some film stuff my mate and then have to babysit again! But you can call me there.xx",NO_SPAM
"She said,'' do u mind if I go into the bedroom for a minute ? '' ''OK'', I sed in a sexy mood. She came out 5 minuts latr wid a cake...n My Wife,",NO_SPAM
"I don wake since. I checked that stuff and saw that its true no available spaces. Pls call the embassy or send a mail to them.",NO_SPAM
"Nope... Juz off from work...",NO_SPAM
"Huh so fast... Dat means u havent finished painting?",NO_SPAM
"what number do u live at? Is it 11?",NO_SPAM
"No we put party 7 days a week and study lightly, I think we need to draw in some custom checkboxes so they know we're hardcore",NO_SPAM
"Sac will score big hundred.he is set batsman:-)",NO_SPAM
"Send me yetty's number pls.",NO_SPAM
"How much it will cost approx . Per month.",NO_SPAM
"Ok... The theory test? when are ü going to book? I think it's on 21 may. Coz thought wanna go out with jiayin. But she isnt free",NO_SPAM
"You are being contacted by our dating service by someone you know! To find out who it is, call from a land line 09050000928. PoBox45W2TG150P",SPAM
"That's fine, have him give me a call if he knows what he wants or has any questions",NO_SPAM
"Sorry, got a late start, we're on the way",NO_SPAM
"Then u go back urself lor...",NO_SPAM
"I AM AT THE GAS STATION. GO THERE.",NO_SPAM
"K, if u bored up just come to my home..",NO_SPAM
"Babe !!!! I LOVE YOU !!!! *covers your face in kisses*",NO_SPAM
"Like I made him throw up when we were smoking in our friend's car one time, it was awesome",NO_SPAM
"Still i have not checked it da. . .",NO_SPAM
"You will go to walmart. I.ll stay.",NO_SPAM
"I haven't forgotten you, i might have a couple bucks to send you tomorrow, k? I love ya too",NO_SPAM
"Oh great. I.ll disturb him more so that we can talk.",NO_SPAM
"Reverse is cheating. That is not mathematics.",NO_SPAM
"U're welcome... Caught u using broken english again...",NO_SPAM
"No problem baby. Is this is a good time to talk? I called and left a message.",NO_SPAM
"Sorry, I'll call later",NO_SPAM
"Oh is it! Which brand?",NO_SPAM
"Sorry i cant take your call right now. It so happens that there r 2waxsto do wat you want. She can come and ill get her medical insurance. And she'll be able to deliver and have basic care. I'm currently shopping for the right medical insurance for her. So just give me til friday morning. Thats when i.ll see the major person that can guide me to the right insurance.",NO_SPAM
"At what time are you coming.",NO_SPAM
"Call him and say you not coming today ok and tell them not to fool me like this ok",NO_SPAM
"I emailed yifeng my part oredi.. Can ü get it fr him..",NO_SPAM
"R u sure they'll understand that! Wine * good idea just had a slurp!",NO_SPAM
"Minimum walk is 3miles a day.",NO_SPAM
"Ok not a problem will get them a taxi. C ing  tomorrow and tuesday. On tuesday think we r all going to the cinema. ",NO_SPAM
"Brainless Baby Doll..:-D;-), vehicle sariyag drive madoke barolla..",NO_SPAM
"I don't run away frm u... I walk slowly &amp; it kills me that u don't care enough to stop me...",NO_SPAM
"Sorry I missed your call let's talk when you have the time. I'm on 07090201529",SPAM
"Please attend the phone:)",NO_SPAM
"You only hate me. You can call any but you didnt accept even a single call of mine. Or even you messaged",NO_SPAM
"No messages on her phone. I'm holding it now",NO_SPAM
"Can... I'm free...",NO_SPAM
"Yo my trip got postponed, you still stocked up?",NO_SPAM
"Sorry, I'll call later",NO_SPAM
"I am waiting for your call sir.",NO_SPAM
"Hey what are you doing. Y no reply pa..",NO_SPAM
"Hey elaine, is today's meeting still on?",NO_SPAM
"Sorry i've not gone to that place. I.ll do so tomorrow. Really sorry.",NO_SPAM
"Most of the tiime when i don't let you hug me it's so i don't break into tears.",NO_SPAM
"Tomorrow i am not going to theatre. . . So i can come wherever u call me. . . Tell me where and when to come tomorrow",NO_SPAM
"And now electricity just went out fml.",NO_SPAM
"Looks like you found something to do other than smoke, great job!",NO_SPAM
"Also andros ice etc etc",NO_SPAM
":) ",NO_SPAM
"Good afternon, my love. How are today? I hope your good and maybe have some interviews. I wake and miss you babe. A passionate kiss from across the sea",NO_SPAM
"Yup. Wun believe wat? U really neva c e msg i sent shuhui?",NO_SPAM
"Hows that watch resizing",NO_SPAM
"Dear umma she called me now :-)",NO_SPAM
"Just finished. Missing you plenty",NO_SPAM
"complimentary 4 STAR Ibiza Holiday or £10,000 cash needs your URGENT collection. 09066364349 NOW from Landline not to lose out! Box434SK38WP150PPM18+",SPAM
"Well, I meant as opposed to my drunken night of before",NO_SPAM
"K... Must book a not huh? so going for yoga basic on sunday?",NO_SPAM
"FREE MSG:We billed your mobile number by mistake from shortcode 83332.Please call 08081263000 to have charges refunded.This call will be free from a BT landline",SPAM
"Ok can...",NO_SPAM
"Oops - am at my mum's in somerset... Bit far! Back tomo, see you soon x",NO_SPAM
"So u workin overtime nigpun?",NO_SPAM
"Same as kallis dismissial in 2nd test:-).",NO_SPAM
"O. Guess they both got screwd",NO_SPAM
"Please CALL 08712402972 immediately as there is an urgent message waiting for you",SPAM
"I'm in a meeting, call me later at",NO_SPAM
"What r u cooking me for dinner?",NO_SPAM
"Ok thanx...",NO_SPAM
"Bull. Your plan was to go floating off to IKEA with me without a care in the world. So i have to live with your mess another day.",NO_SPAM
"Then i buy.",NO_SPAM
"URGENT! Your Mobile number has been awarded with a £2000 Bonus Caller Prize. Call 09058095201 from land line. Valid 12hrs only",SPAM
"Heehee that was so funny tho",NO_SPAM
"It only does simple arithmetic not percentages.",NO_SPAM
"Yeah we wouldn't leave for an hour at least, how's 4 sound?",NO_SPAM
"As a valued customer, I am pleased to advise you that following recent review of your Mob No. you are awarded with a £1500 Bonus Prize, call 09066364589",SPAM
"Thanks honey. Have a great day.",NO_SPAM
"'An Amazing Quote'' - "Sometimes in life its difficult to decide whats wrong!! a lie that brings a smile or the truth that brings a tear...."",NO_SPAM
"Good night my dear.. Sleepwell&amp;Take care",NO_SPAM
"Then ü ask dad to pick ü up lar... Ü wan 2 stay until 6 meh...",NO_SPAM
"Jus chillaxin, what up",NO_SPAM
""HEY DAS COOL... IKNOW ALL 2 WELLDA PERIL OF STUDENTFINANCIAL CRISIS!SPK 2 U L8R."",NO_SPAM
"Beautiful Truth against Gravity.. Read carefully: "Our heart feels light when someone is in it.. But it feels very heavy when someone leaves it.." GOODMORNING",NO_SPAM
"Do you want a New Nokia 3510i colour phone DeliveredTomorrow? With 300 free minutes to any mobile + 100 free texts + Free Camcorder reply or call 08000930705",SPAM
"Whats that coming over the hill..... Is it a monster! Hope you have a great day. Things r going fine here, busy though! ",NO_SPAM
"Joy's father is John. Then John is the ____ of Joy's father. If u ans ths you hav  &lt;#&gt;  IQ. Tis s IAS question try to answer.",NO_SPAM
"Only once then after ill obey all yours.",NO_SPAM
"No she didnt. I will search online and let you know.",NO_SPAM
"Where do you need to go to get it?",NO_SPAM
"No pic. Please re-send.",NO_SPAM
"He remains a bro amongst bros",NO_SPAM
"Uhhhhrmm isnt having tb test bad when youre sick",NO_SPAM
"But i haf enuff space got like 4 mb...",NO_SPAM
"LIFE has never been this much fun and great until you came in. You made it truly special for me. I won't forget you! enjoy @ one gbp/sms",SPAM
"Do you want a new Video phone? 600 anytime any network mins 400 Inclusive Video calls AND downloads 5 per week Free delTOMORROW call 08002888812 or reply NOW",SPAM
"As a valued customer, I am pleased to advise you that following recent review of your Mob No. you are awarded with a £1500 Bonus Prize, call 09066368470",SPAM
"Welcome! Please reply with your AGE and GENDER to begin. e.g 24M",SPAM
"Freemsg: 1-month unlimited free calls! Activate SmartCall Txt: CALL to No: 68866. Subscriptn3gbp/wk unlimited calls Help: 08448714184 Stop?txt stop landlineonly",SPAM
"Had your mobile 10 mths? Update to latest Orange camera/video phones for FREE. Save £s with Free texts/weekend calls. Text YES for a callback orno to opt out",SPAM
"Am new 2 club & dont fink we met yet Will B gr8 2 C U Please leave msg 2day wiv ur area 09099726553 reply promised CARLIE x Calls£1/minMobsmore LKPOBOX177HP51FL",SPAM
"True. Its easier with her here.",NO_SPAM
"Sure but since my parents will be working on Tuesday I don't really need a cover story",NO_SPAM
"Haha okay... Today weekend leh... ",NO_SPAM
""Hi darlin did youPhone me? Im atHome if youwanna chat."",NO_SPAM
"I don't know jack shit about anything or i'd say/ask something helpful but if you want you can pretend that I did and just text me whatever in response to the hypotheticalhuagauahahuagahyuhagga",NO_SPAM
"You've always been the brainy one.",NO_SPAM
"Yeah if we do have to get a random dude we need to change our info sheets to PARTY  &lt;#&gt; /7 NEVER STUDY just to be safe",NO_SPAM
"Camera - You are awarded a SiPix Digital Camera! call 09061221066 fromm landline. Delivery within 28 days.",SPAM
"Christmas is An occasion that is Celebrated as a Reflection of UR... Values..., Desires..., Affections...&amp; Traditions.... Have an ideal Christmas...",NO_SPAM
"Sending you greetings of joy and happiness. Do have a gr8 evening",NO_SPAM
""Hi darlin i cantdo anythingtomorrow as myparents aretaking me outfor a meal. when are u free? Katexxx"",NO_SPAM
"If india win or level series means this is record:)",NO_SPAM
"Then what about further plan?",NO_SPAM
"Its good to hear from you",NO_SPAM
"awesome, how do I deal with the gate? Charles told me last night but, uh, yeah",NO_SPAM
"What time you thinkin of goin?",NO_SPAM
"Get a FREE mobile video player FREE movie. To collect text GO to 89105. Its free! Extra films can be ordered t's and c's apply. 18 yrs only",SPAM
"Save money on wedding lingerie at www.bridal.petticoatdreams.co.uk Choose from a superb selection with national delivery. Brought to you by WeddingFriend",SPAM
"Your board is working fine. The issue of overheating is also reslove. But still software inst is pending. I will come around 8'o clock.",NO_SPAM
"Yes but I don't care cause I know its there!",NO_SPAM
"wiskey Brandy Rum Gin Beer Vodka Scotch Shampain Wine "KUDI"yarasu dhina vaazhthukkal. ..",NO_SPAM
"Mon okie lor... Haha, best is cheap n gd food la, ex oso okie... Depends on whether wana eat western or chinese food... Den which u prefer... ",NO_SPAM
"Sitting ard nothing to do lor. U leh busy w work?",NO_SPAM
"Its  &lt;#&gt; k here oh. Should i send home for sale.",NO_SPAM
"Sorry. || mail? || ",NO_SPAM
"Ya just telling abt tht incident..",NO_SPAM
"Yes we were outside for like 2 hours. And I called my whole family to wake them up cause it started at 1 am",NO_SPAM
"Ugh just got outta class",NO_SPAM
"Nowadays people are notixiquating the laxinorficated opportunity for bambling of entropication.... Have you ever oblisingately opted ur books for the masteriastering amplikater of fidalfication? It is very champlaxigating, i think it is atrocious.. Wotz Ur Opinion???? Junna",NO_SPAM
"I dont have any of your file in my bag..i was in work when you called me.i 'll tell you if i find anything in my room.",NO_SPAM
"No need lar. Jus testing e phone card. Dunno network not gd i thk. Me waiting 4 my sis 2 finish bathing so i can bathe. Dun disturb u liao u cleaning ur room.",NO_SPAM
"Ok. I.ll do you right later.",NO_SPAM
"Friendship poem: Dear O Dear U R Not Near But I Can Hear Dont Get Fear Live With Cheer No More Tear U R Always my Dear. Gud ni8",NO_SPAM
"Have your lunch and come quickly and open the door:)",NO_SPAM
"Not heard from U4 a while. Call me now am here all night with just my knickers on. Make me beg for it like U did last time 01223585236 XX Luv Nikiyu4.net",SPAM
"I am back. Bit long cos of accident on a30. Had to divert via wadebridge.I had a brilliant weekend thanks. Speak soon. Lots of love",NO_SPAM
"K.. I yan jiu liao... Sat we can go 4 bugis vill one frm 10 to 3 den hop to parco 4 nb. Sun can go cine frm 1030 to 2, den hop to orc mrt 4 hip hop at 4...",NO_SPAM
"Bloomberg -Message center +447797706009 Why wait? Apply for your future http://careers. bloomberg.com",SPAM
"i am seeking a lady in the street and a freak in the sheets. Is that you?",NO_SPAM
"My phone",NO_SPAM
"Haha figures, well I found the piece and priscilla's bowl",NO_SPAM
"Actually fuck that, just do whatever, do find an excuse to be in tampa at some point before january though",NO_SPAM
"URGENT! We are trying to contact U. Todays draw shows that you have won a £800 prize GUARANTEED. Call 09050001808 from land line. Claim M95. Valid12hrs only",SPAM
"yay! finally lol. i missed our cinema trip last week :-(",NO_SPAM
"All day working day:)except saturday and sunday..",NO_SPAM
"aathi..where are you dear..",NO_SPAM
"Heart is empty without love.. Mind is empty without wisdom.. Eyes r empty without dreams &amp; Life is empty without frnds.. So Alwys Be In Touch. Good night &amp; sweet dreams",NO_SPAM
"I think I‘m waiting for the same bus! Inform me when you get there, if you ever get there.",NO_SPAM
"You getting back any time soon?",NO_SPAM
", how's things? Just a quick question.",NO_SPAM
"Night has ended for another day, morning has come in a special way. May you smile like the sunny rays and leaves your worries at the blue blue bay. Gud mrng",NO_SPAM
"I can probably come by, everybody's done around  &lt;#&gt;  right?",NO_SPAM
"I got it before the new year cos yetunde said she wanted to surprise you with it but when i didnt see money i returned it mid january before the  &lt;#&gt; day return period ended.",NO_SPAM
"I can ask around but there's not a lot in terms of mids up here",NO_SPAM
"Be sure to check your yahoo email. We sent photos yesterday",NO_SPAM
"What was she looking for?",NO_SPAM
"Wherre's my boytoy ? :-(",NO_SPAM
"Do you want a NEW video phone750 anytime any network mins 150 text for only five pounds per week call 08000776320 now or reply for delivery tomorrow",SPAM
"Hello, my love! How goes that day ? I wish your well and fine babe and hope that you find some job prospects. I miss you, boytoy ... *a teasing kiss*",NO_SPAM
"Tell my  bad character which u Dnt lik in me. I'll try to change in  &lt;#&gt; . I ll add tat 2 my new year resolution. Waiting for ur reply.Be frank...good morning.",NO_SPAM
"No:-)i got rumour that you going to buy apartment in chennai:-)",NO_SPAM
"Yeah, probably earlier than that",NO_SPAM
"Change windows logoff sound..",NO_SPAM
"Still i have not checked it da. . .",NO_SPAM
"I'm also came to room.",NO_SPAM
"Huh but i got lesson at 4 lei n i was thinkin of going to sch earlier n i tot of parkin at kent vale...  ",NO_SPAM
"Ok.",NO_SPAM
"I will reach office around  &lt;DECIMAL&gt; . &amp; my mobile have problem. You cann't get my voice. So call you asa i'll free",NO_SPAM
"Cool, text me when you head out",NO_SPAM
"You are being contacted by our dating service by someone you know! To find out who it is, call from a land line 09050000878. PoBox45W2TG150P",SPAM
"Wan2 win a Meet+Greet with Westlife 4 U or a m8? They are currently on what tour? 1)Unbreakable, 2)Untamed, 3)Unkempt. Text 1,2 or 3 to 83049. Cost 50p +std text",SPAM
"Happy birthday... May u find ur prince charming soon n dun work too hard...",NO_SPAM
"Oh, the grand is having a bit of a party but it doesn't mention any cover charge so it's probably first come first served",NO_SPAM
"You said to me before i went back to bed that you can't sleep for anything.",NO_SPAM
"I hope you arnt pissed off but id would really like to see you tomorrow. Love me xxxxxxxxxxxxxX",NO_SPAM
"Dorothy@kiefer.com (Bank of Granite issues Strong-Buy) EXPLOSIVE PICK FOR OUR MEMBERS *****UP OVER 300% *********** Nasdaq Symbol CDGT That is a $5.00 per..",SPAM
"says the  &lt;#&gt;  year old with a man and money. I'm down to my last  &lt;#&gt; . Still waiting for that check.",NO_SPAM
"I will come to ur home now",NO_SPAM
"Free any day but i finish at 6 on mon n thurs...",NO_SPAM
"Will you be here for food",NO_SPAM
"life alle mone,eppolum oru pole allalo",NO_SPAM
"Nite...",NO_SPAM
"Two fundamentals of cool life: "Walk, like you are the KING"...! OR "Walk like you Dont care,whoever is the KING"!... Gud nyt",NO_SPAM
"Camera quite good, 10.1mega pixels, 3optical and 5digital dooms. Have a lovely holiday, be safe and i hope you hav a good journey! Happy new year to you both! See you in a couple of weeks! ",NO_SPAM
"Hi Petey!noim ok just wanted 2 chat coz avent spoken 2 u 4 a long time-hope ur doin alrite.have good nit at js love ya am.x",NO_SPAM
"I just saw ron burgundy captaining a party boat so yeah",NO_SPAM
"I'm serious. You are in the money base",NO_SPAM
"Already one guy loving you:-.",NO_SPAM
"Staff of placement training in Amrita college.",NO_SPAM
"I always chat with you. In fact i need money can you raise me?",NO_SPAM
"I'm job profile seems like bpo..",NO_SPAM
"Well, I was about to give up cos they all said no they didn‘t do one nighters. I persevered and found one but it is very cheap so i apologise in advance. It is just somewhere to sleep isnt it?",NO_SPAM
"So you think i should actually talk to him? Not call his boss in the morning? I went to this place last year and he told me where i could go and get my car fixed cheaper. He kept telling me today how much he hoped i would come back in, how he always regretted not getting my number, etc.",NO_SPAM
"Are you willing to go for apps class.",NO_SPAM
"Hanging out with my brother and his family",NO_SPAM
"No it will reach by 9 only. She telling she will be there. I dont know",NO_SPAM
"Hey... are you going to quit soon? Xuhui and i working till end of the month ",NO_SPAM
"Im sorry bout last nite it wasnt ur fault it was me, spouse it was pmt or sumthin! U 4give me? I think u shldxxxx",NO_SPAM
"Try neva mate!!",NO_SPAM
"Yeah that'd pretty much be the best case scenario",NO_SPAM
"I not free today i haf 2 pick my parents up tonite...",NO_SPAM
""HEY BABE! FAR 2 SPUN-OUT 2 SPK AT DA MO... DEAD 2 DA WRLD. BEEN SLEEPING ON DA SOFA ALL DAY, HAD A COOL NYTHO, TX 4 FONIN HON, CALL 2MWEN IM BK FRMCLOUD 9! J X"",NO_SPAM
"Should i send you naughty pix? :)",NO_SPAM
"You are a £1000 winner or Guaranteed Caller Prize, this is our Final attempt to contact you! To Claim Call 09071517866 Now! 150ppmPOBox10183BhamB64XE",SPAM
"Xmas & New Years Eve tickets are now on sale from the club, during the day from 10am till 8pm, and on Thurs, Fri & Sat night this week. They're selling fast!",SPAM
"Tyler (getting an 8th) has to leave not long after 9, can you get here in like an hour?",NO_SPAM
"Prepare to be pounded every night...",NO_SPAM
"Actually, my mobile is full of msg. And i m doing a work online, where i need to send them  &lt;#&gt;  sent msg i wil explain u later.",NO_SPAM
"Sorry, I'll call later",NO_SPAM
"Good evening! How are you?",NO_SPAM
"I'm at home. Please call",NO_SPAM
"Oic cos me n my sis got no lunch today my dad went out... So dunno whether 2 eat in sch or wat...",NO_SPAM
"Mmmmm ... It was sooooo good to wake to your words this morning, my Love!! Mmmm fuck ... I love you too, my Lion ... *devouring kiss from across the sea*",NO_SPAM
"We are pleased to inform that your application for Airtel Broadband is processed successfully. Your installation will happen within 3 days.",NO_SPAM
"What happen dear. Why you silent. I am tensed",NO_SPAM
"I'll get there at 3, unless you guys want me to come some time sooner",NO_SPAM
"If you are not coughing then its nothing",NO_SPAM
"Ü come lt 25 n pass to me lar",NO_SPAM
"I'm e person who's doing e sms survey...",NO_SPAM
"Lol ok ill try to send. Be warned Sprint is dead slow. You'll prolly get it tomorrow",NO_SPAM
"Thank You meet you monday",NO_SPAM
"SO IS TH GOWER MATE WHICH IS WHERE I AM!?! HOW R U MAN? ALL IS GOOD IN WALES ILL B BACK MORROW. C U THIS WK? WHO WAS THE MSG 4?  RANDOM!",NO_SPAM
"Rock yr chik. Get 100's of filthy films &XXX pics on yr phone now. rply FILTH to 69669. Saristar Ltd, E14 9YT 08701752560. 450p per 5 days. Stop2 cancel",SPAM
"Single line with a big meaning::::: "Miss anything 4 ur "Best Life" but, don't miss ur best life for anything... Gud nyt...",NO_SPAM
"I got like $ &lt;#&gt; , I can get some more later though. Get whatever you feel like",NO_SPAM
"Dad wanted to talk about the apartment so I got a late start, omw now",NO_SPAM
"I love you both too :-)",NO_SPAM
"Lol u still feeling sick?",NO_SPAM
"Din i tell u jus now 420",NO_SPAM
"am up to my eyes in philosophy",NO_SPAM
"From next month get upto 50% More Calls 4 Ur standard network charge 2 activate Call 9061100010 C Wire3.net 1st4Terms PoBox84 M26 3UZ Cost £1.50 min MobcudB more",SPAM
"Ok lor. I'm in town now lei.",NO_SPAM
"I had it already..sabarish asked me to go..",NO_SPAM
"No da. . Vijay going to talk in jaya tv",NO_SPAM
"URGENT! We are trying to contact U Todays draw shows that you have won a £800 prize GUARANTEED. Call 09050000460 from land line. Claim J89. po box245c2150pm",SPAM
"Lol I know! Hey someone did a great inpersonation of flea on the forums. I love it!",NO_SPAM
"Text BANNEDUK to 89555 to see! cost 150p textoperator g696ga 18+ XXX",SPAM
"Still chance there. If you search hard you will get it..let have a try :)",NO_SPAM
"Auction round 4. The highest bid is now £54. Next maximum bid is £71. To bid, send BIDS e. g. 10 (to bid £10) to 83383. Good luck.",SPAM
"Do you always celebrate NY's with your family ?",NO_SPAM
"We know TAJ MAHAL as symbol of love. But the other lesser known facts 1. Mumtaz was Shahjahan's 4th wife, out of his 7 wifes. 2. Shahjahan killed Mumtaz's husband to marry her. 3. Mumtaz died in her  &lt;#&gt; th delivery. 4. He then married Mumtaz's sister. Question arises where the Hell is the LOVE?:-| -The Great Hari-",NO_SPAM
"Its ok..come to my home it vl nice to meet and v can chat..",NO_SPAM
"Collect your VALENTINE'S weekend to PARIS inc Flight & Hotel + £200 Prize guaranteed! Text: PARIS to No: 69101. www.rtf.sphosting.com",SPAM
"Sent me de webadres for geting salary slip",NO_SPAM
"She's fine. Sends her greetings",NO_SPAM
"Customer Loyalty Offer:The NEW Nokia6650 Mobile from ONLY £10 at TXTAUCTION! Txt word: START to No: 81151 & get yours Now! 4T&Ctxt TC 150p/MTmsg",SPAM
"But you dint in touch with me.",NO_SPAM
"Yup, leaving right now, be back soon",NO_SPAM
"You won't believe it but it's true. It's Incredible Txts! Reply G now to learn truly amazing things that will blow your mind. From O2FWD only 18p/txt",SPAM
"Yeah sure I'll leave in a min",NO_SPAM
"And do you have any one that can teach me how to ship cars.",NO_SPAM
"The sign of maturity is not when we start saying big things.. But actually it is, when we start understanding small things... *HAVE A NICE EVENING* BSLVYL",NO_SPAM
"Yeah confirmed for you staying at  that weekend",NO_SPAM
"They said ü dun haf passport or smth like dat.. Or ü juz send to my email account..  ",NO_SPAM
"Multiply the numbers independently and count decimal points then, for the division, push the decimal places like i showed you.",NO_SPAM
"Have a lovely night and when you wake up to see this message, i hope you smile knowing all is as should be. Have a great morning",NO_SPAM
"Ard 4 lor...",NO_SPAM
"You are right. Meanwhile how's project twins comin up",NO_SPAM
"I sent your maga that money yesterday oh.",NO_SPAM
"Hi 07734396839 IBH Customer Loyalty Offer: The NEW NOKIA6600 Mobile from ONLY £10 at TXTAUCTION!Txt word:START to No:81151 & get Yours Now!4T&",SPAM
"Heart is empty without love.. Mind is empty without wisdom.. Eyes r empty without dreams &amp; Life is empty without frnds.. So Alwys Be In Touch. Good night &amp; sweet dreams",NO_SPAM
"I am hot n horny and willing I live local to you - text a reply to hear strt back from me 150p per msg Netcollex LtdHelpDesk: 02085076972 reply Stop to end",SPAM
"Our ride equally uneventful - not too many of those pesky cyclists around at that time of night ;).",NO_SPAM
"If you were/are free i can give. Otherwise nalla adi entey nattil kittum",NO_SPAM
"I've sent my wife your text. After we buy them she'll tell you what to do. So just relax. We should go get them this wkend.",NO_SPAM
"I am in escape theatre now. . Going to watch KAVALAN in a few minutes",NO_SPAM
"How much would it cost to hire a hitman",NO_SPAM
"I anything lor...",NO_SPAM
"Sorry, I'll call later",NO_SPAM
"Do you want a New Nokia 3510i Colour Phone Delivered Tomorrow? With 200 FREE minutes to any mobile + 100 FREE text + FREE camcorder Reply or Call 08000930705",SPAM
"Huh but i cant go 2 ur house empty handed right?",NO_SPAM
"Good morning princess! Happy New Year!",NO_SPAM
"Congratulations YOU'VE Won. You're a Winner in our August £1000 Prize Draw. Call 09066660100 NOW. Prize Code 2309.",SPAM
"Aight, we'll head out in a few",NO_SPAM
"Then wat r u doing now? Busy wif work?",NO_SPAM
"I know you mood off today",NO_SPAM
"Jay told me already, will do",NO_SPAM
"Cps is causing the outages to conserve energy.",NO_SPAM
"I'm not sure, I was just checking out what was happening around the area",NO_SPAM
"Hey morning what you come to ask:-) pa...",NO_SPAM
"Jordan got voted out last nite!",NO_SPAM
"That means you got an A in epi, she.s fine. She.s here now.",NO_SPAM
"I have no idea where you are",NO_SPAM
"Pls come quick cant bare this.",NO_SPAM
"Joy's father is John. Then John is the ____ of Joy's father. If u ans ths you hav  &lt;#&gt;  IQ. Tis s IAS question try to answer.",NO_SPAM
"Call me. I m unable to cal. Lets meet bhaskar, and deep",NO_SPAM
"No. I.ll meet you in the library",NO_SPAM
"K, my roommate also wants a dubsack and another friend may also want some so plan on bringing extra, I'll tell you when they know for sure",NO_SPAM
"Depends on individual lor e hair dresser say pretty but my parents say look gong. U kaypoh.. I also dunno wat she collecting.",NO_SPAM
"Ok c ü then.",NO_SPAM
"I enjoy watching and playing football and basketball. Anything outdoors. And you?",NO_SPAM
"Can you please ask macho what his price range is, does he want something new or used plus it he only interfued in the blackberry bold  &lt;#&gt;  or any bb",NO_SPAM
"Sorry sent blank msg again. Yup but trying 2 do some serious studying now.",NO_SPAM
"Hey check it da. I have listed da.",NO_SPAM
"8007 25p 4 Alfie Moon's Children in Need song on ur mob. Tell ur m8s. Txt TONE CHARITY to 8007 for nokias or POLY CHARITY for polys :zed 08701417012 profit 2 charity ",SPAM
"I meant as an apology from me for texting you to get me drugs at  &lt;#&gt; at night",NO_SPAM
"That means from february to april i'll be getting a place to stay down there so i don't have to hustle back and forth during audition season as i have since my sister moved away from harlem.",NO_SPAM
"Goin to workout lor... Muz lose e fats... ",NO_SPAM
"Damn, poor zac doesn't stand a chance",NO_SPAM
"No message..no responce..what happend?",NO_SPAM
"I want to tel u one thing u should not mistake me k THIS IS THE MESSAGE THAT YOU SENT:)",NO_SPAM
"Yeah right! I'll bring my tape measure fri!",NO_SPAM
"Still chance there. If you search hard you will get it..let have a try :)",NO_SPAM
"Meeting u is my work. . . Tel me when shall i do my work tomorrow",NO_SPAM
"Should I head straight there or what",NO_SPAM
"Get the official ENGLAND poly ringtone or colour flag on yer mobile for tonights game! Text TONE or FLAG to 84199. Optout txt ENG STOP Box39822 W111WX £1.50",SPAM
"Thank you princess! You are so sexy...",NO_SPAM
"Oooh I got plenty of those!",NO_SPAM
"Hui xin is in da lib.",NO_SPAM
"Its a big difference.  &lt;#&gt;  versus  &lt;#&gt;  every  &lt;#&gt; hrs",NO_SPAM
"It's not that you make me cry. It's just that when all our stuff happens on top of everything else, it pushes me over the edge. You don't underdtand how often i cry over my sorry, sorry life.",NO_SPAM
""ME 2 BABE I FEEL THE SAME LETS JUST 4GET ABOUT IT+BOTH TRY +CHEER UP+NOT FIT SOO MUCHXXLOVE U LOCAXX"",NO_SPAM
"You know what hook up means right?",NO_SPAM
"Customer service announcement. We recently tried to make a delivery to you but were unable to do so, please call 07090298926 to re-schedule. Ref:9307622",SPAM
"Wat's da model num of ur phone?",NO_SPAM
"He's really into skateboarding now despite the fact that he gets thrown off of it and winds up with bandages and shit all over his arms every five minutes",NO_SPAM
"You can stop further club tones by replying "STOP MIX" See my-tone.com/enjoy. html for terms. Club tones cost GBP4.50/week. MFL, PO Box 1146 MK45 2WT (2/3)",SPAM
"My house here e sky quite dark liao... If raining then got excuse not 2 run already rite... Hee...",NO_SPAM
"Sorry, left phone upstairs. OK, might be hectic but would be all my birds with one fell swoop. It's a date.",NO_SPAM
"* Thought I didn't see you.",NO_SPAM
"wamma get laid?want real doggin locations sent direct to your mobile? join the UKs largest dogging network. txt dogs to 69696 now!nyt. ec2a. 3lp £1.50/msg.",SPAM
"Carlos says we can pick up from him later so yeah we're set",NO_SPAM
"Hey babe, my friend had to cancel, still up for a visit ?",NO_SPAM
"As per your request 'Maangalyam (Alaipayuthe)' has been set as your callertune for all Callers. Press *9 to copy your friends Callertune",NO_SPAM
"Hmm ill have to think about it... ok you're forgiven! =D",NO_SPAM
"We are hoping to get away by 7, from Langport. You still up for town tonight?",NO_SPAM
"Want to send me a virtual hug?... I need one",NO_SPAM
"Probably not, still going over some stuff here",NO_SPAM
"It has issues right now. Ill fix for her by tomorrow.",NO_SPAM
"Why i come in between you people",NO_SPAM
"Senthil group company Apnt 5pm.",NO_SPAM
"Oh really?? Did you make it on air? What's your talent?",NO_SPAM
"Studying. But i.ll be free next weekend.",NO_SPAM
"R u here yet? I'm wearing blue shirt n black pants.",NO_SPAM
"Wait.i will come out.. &lt;#&gt;  min:)",NO_SPAM
"I will reach ur home in  &lt;#&gt;  minutes",NO_SPAM
"Well then you have a great weekend!",NO_SPAM
"What are you doing in langport? Sorry, but I'll probably be in bed by 9pm. It sucks being ill at xmas! When do you and go2sri lanka? ",NO_SPAM
"Frnd s not juz a word.....not merely a relationship.....its a silent promise which says ... " I will be with YOU " Wherevr.. Whenevr.. Forevr... Gudnyt dear..",NO_SPAM
"Huh? 6 also cannot? Then only how many mistakes?",NO_SPAM
"Ha... U jus ate honey ar? So sweet...",NO_SPAM
"I'm turning off my phone. My moms telling everyone I have cancer. And my sister won't stop calling. It hurts to talk. Can't put up with it. See u when u get home. Love u",NO_SPAM
"Honey ? Sweetheart ? Darling ? Sexy buns ? Sugar plum ? Loverboy ? I miss you, boytoy ... *smacks your ass* Did you go to the gym too ?",NO_SPAM
"Thanks for loving me so. You rock",NO_SPAM
"Yeah imma come over cause jay wants to do some drugs",NO_SPAM
"Ok thanx... Take care then...",NO_SPAM
"Yup. Thk of u oso boring wat.",NO_SPAM
"came to look at the flat, seems ok, in his 50s? * Is away alot wiv work. Got woman coming at 6.30 too.",NO_SPAM
"Moji just informed me that you saved our lives. Thanks.",NO_SPAM
"You have won a Nokia 7250i. This is what you get when you win our FREE auction. To take part send Nokia to 86021 now. HG/Suite342/2Lands Row/W1JHL 16+",SPAM
"Whos this am in class:-)",NO_SPAM
"Hey r ü still online? I've finished the formatting...",NO_SPAM
"Great! So what attracts you to the brothas?",NO_SPAM
"Promotion Number: 8714714 - UR awarded a City Break and could WIN a £200 Summer Shopping spree every WK. Txt STORE to 88039 . SkilGme. TsCs087147403231Winawk!Age16 £1.50perWKsub",SPAM
"Stupid.its not possible",NO_SPAM
"I cant pick the phone right now. Pls send a message",NO_SPAM
"LOL what happens in Vegas stays in vegas",NO_SPAM
"Hello, hello, hi lou sorry it took so long 2 reply- I left mobile at friends in Lancaster, just got it bak Neway im sorry I couldnt make ur bday 2 hun!",NO_SPAM
"When did i use soc... I use it only at home... Ü dunno how 2 type it in word ar...",NO_SPAM
"Dad says hurry the hell up",NO_SPAM
"Wake me up at  &lt;#&gt;  am morning:)",NO_SPAM
"I get out of class in bsn in like  &lt;#&gt;  minutes, you know where advising is?",NO_SPAM
"Great! I shoot big loads so get ready!",NO_SPAM
"I'll meet you in the lobby",NO_SPAM
"You still coming tonight?",NO_SPAM
"What happen dear tell me",NO_SPAM
"Sir, i am waiting for your call, once free please call me.",NO_SPAM
"No i am not having not any movies in my laptop",NO_SPAM
"I was about to do it when i texted. I finished a long time ago and showered and er'ything!",NO_SPAM
"Ok im not sure what time i finish tomorrow but i wanna spend the evening with you cos that would be vewy vewy lubly! Love me xxx",NO_SPAM
"Hello, As per request from  &lt;#&gt;  Rs.5 has been transfered to you",NO_SPAM
"I am in tirupur.  call you da.",NO_SPAM
"You are a winner you have been specially selected to receive £1000 cash or a £2000 award. Speak to a live operator to claim call 087147123779am-7pm. Cost 10p",SPAM
"S:)but he had some luck.2 catches put down:)",NO_SPAM
"How i noe... Did ü specify da domain as nusstu... Ü still in sch...",NO_SPAM
"Oh...i asked for fun. Haha...take care. ü",NO_SPAM
"Shall i get my pouch?",NO_SPAM
"Hey loverboy! I love you !! I had to tell ... I look at your picture and ache to feel you between my legs ... Fuck I want you ... I need you ... I crave you .",NO_SPAM
"How is my boy? No sweet words left for me this morning ... *sighs* ... How goes you day, my love ? Did you start your studying?",NO_SPAM
"Kent vale lor... Ü wait 4 me there ar?",NO_SPAM
"Ok. Very good. Its all about making that money.",NO_SPAM
"Reading gud habit.. Nan bari hudgi yorge pataistha ertini kano:-)",NO_SPAM
"Aight do you still want to get money",NO_SPAM
"Free Top ringtone -sub to weekly ringtone-get 1st week free-send SUBPOLY to 81618-?3 per week-stop sms-08718727870",SPAM
"Ok.ok ok..then..whats ur todays plan",NO_SPAM
"ARE YOU IN TOWN? THIS IS V. IMPORTANT",NO_SPAM
"Sorry pa, i dont knw who ru pa?",NO_SPAM
"Wat u doing there?",NO_SPAM
"If i not meeting ü all rite then i'll go home lor. If ü dun feel like comin it's ok.",NO_SPAM
"Oh, i will get paid. The most outstanding one is for a commercial i did for Hasbro...in AUGUST! They made us jump through so many hoops to get paid. Still not.",NO_SPAM
"I am late,so call you tomorrow morning.take care sweet dreams....u and me...ummifying...bye.",NO_SPAM
"Networking technical support associate.",NO_SPAM
"I'm gonna rip out my uterus.",NO_SPAM
"Cool. Do you like swimming? I have a pool and jacuzzi at my house.",NO_SPAM
"Thanks for your ringtone order, reference number X49. Your mobile will be charged 4.50. Should your tone not arrive please call customer services 09065989182. From: [colour=red]text[/colour]TXTstar",SPAM
"Yeah why not, is the gang all ready",NO_SPAM
"Blank is Blank. But wat is blank? Lol",NO_SPAM
"I'm in a movie... Collect car oredi...",NO_SPAM
"We left already we at orchard now.",NO_SPAM
"Hi there, 2nights ur lucky night! Uve been invited 2 XCHAT, the Uks wildest chat! Txt CHAT to 86688 now! 150p/MsgrcvdHG/Suite342/2Lands/Row/W1J6HL LDN 18yrs",SPAM
"Nothing spl..wat abt u and whr ru?",NO_SPAM
"No chikku nt yet.. Ya i'm free",NO_SPAM
"Aldrine, rakhesh ex RTM here.pls call.urgent.",NO_SPAM
"The search 4 happiness is 1 of d main sources of unhappiness! Accept life the way it comes! U will find happiness in every moment u live.",NO_SPAM
"I'm at home. Please call",NO_SPAM
"I guess you could be as good an excuse as any, lol.",NO_SPAM
"Isn't frnd a necesity in life? imagine urself witout a frnd.. hw'd u feel at ur colleg? wat'll u do wth ur cell? wat abt functions? thnk abt events espe'll cared, missed &amp; irritated u? 4wrd it to all those dear-loving frnds wthout whom u cant live.. I jst did it.. Takecare..:) GOODMORNING",NO_SPAM
"Gud mrng dear hav a nice day",NO_SPAM
"Old Orchard near univ. How about you?",NO_SPAM
"4 tacos + 1 rajas burrito, right?",NO_SPAM
"It‘s £6 to get in, is that ok?",NO_SPAM
"Hows the street where the end of library walk is?",NO_SPAM
"Plz note: if anyone calling from a mobile Co. &amp; asks u to type # &lt;#&gt;  or # &lt;#&gt; . Do not do so. Disconnect the call,coz it iz an attempt of 'terrorist' to make use of the sim card no. Itz confirmd by nokia n motorola n has been verified by CNN IBN.",NO_SPAM
"We stopped to get ice cream and will go back after",NO_SPAM
"Did you stitch his trouser",NO_SPAM
"No da. . Vijay going to talk in jaya tv",NO_SPAM
"2/2 146tf150p",SPAM
"Hey i'm bored... So i'm thinking of u... So wat r u doing?",NO_SPAM
"Nah, Wednesday. When should I bring the mini cheetos bag over?",NO_SPAM
"Nobody names their penis a girls name this story doesn't add up at all",NO_SPAM
"Aight, let me know when you're gonna be around usf",NO_SPAM
"I'm not. She lip synced with shangela.",NO_SPAM
"Ü neva tell me how i noe... I'm not at home in da aft wat... ",NO_SPAM
"A bit of Ur smile is my hppnss, a drop of Ur tear is my sorrow, a part of Ur heart is my life, a heart like mine wil care for U, forevr as my GOODFRIEND",NO_SPAM
"Dear Voucher Holder 2 claim your 1st class airport lounge passes when using Your holiday voucher call 08704439680. When booking quote 1st class x 2",SPAM
"Buzz! Hey, my Love ! I think of you and hope your day goes well. Did you sleep in ? I miss you babe. I long for the moment we are together again*loving smile*",NO_SPAM
"Haha... Sounds crazy, dunno can tahan anot...",NO_SPAM
"Why are u up so early?",NO_SPAM
"Ya that one is slow as poo",NO_SPAM
"Bloomberg -Message center +447797706009 Why wait? Apply for your future http://careers. bloomberg.com",SPAM
""Im on gloucesterroad what are uup to later?"",NO_SPAM
"Yes:)here tv is always available in work place..",NO_SPAM
"YES! The only place in town to meet exciting adult singles is now in the UK. Txt CHAT to 86688 now! 150p/Msg.",SPAM
"Lol no ouch but wish i'd stayed out a bit longer",NO_SPAM
"GOD ASKED, "What is forgiveness?" A little child gave lovely reply, "It is d wonderful fruit that a tree gives when it is being hurt by a stone.. Good night......",NO_SPAM
"We'll join the  &lt;#&gt;  bus",NO_SPAM
"Was just about to ask. Will keep this one. Maybe that's why you didn't get all the messages we sent you on glo",NO_SPAM
"FREE for 1st week! No1 Nokia tone 4 ur mob every week just txt NOKIA to 8007 Get txting and tell ur mates www.getzed.co.uk POBox 36504 W45WQ norm150p/tone 16+",SPAM
"K.i will send in  &lt;#&gt;  min:)",NO_SPAM
"Would me smoking you out help us work through this difficult time",NO_SPAM
"Someone U know has asked our dating service 2 contact you! Cant guess who? CALL 09058095107 NOW all will be revealed. POBox 7, S3XY 150p ",SPAM
"Yes.mum lookin strong:)",NO_SPAM
"Sir Goodmorning, Once free call me.",NO_SPAM
"Where are you call me.",NO_SPAM
"Was gr8 to see that message. So when r u leaving? Congrats dear. What school and wat r ur plans.",NO_SPAM
"Love it! The girls at the office may wonder why you are smiling but sore...",NO_SPAM
"Hi, wlcome back, did wonder if you got eaten by a lion or something, nothing much",NO_SPAM
"Does uncle timi help in clearing cars",NO_SPAM
"I came hostel. I m going to sleep. Plz call me up before class. Hrishi.",NO_SPAM
"Ok... But bag again..",NO_SPAM
"Hi! You just spoke to MANEESHA V. We'd like to know if you were satisfied with the experience. Reply Toll Free with Yes or No.",NO_SPAM
"Ok lor. Msg me b4 u call.",NO_SPAM
"Mila, age23, blonde, new in UK. I look sex with UK guys. if u like fun with me. Text MTALK to 69866.18 . 30pp/txt 1st 5free. £1.50 increments. Help08718728876",SPAM
"Once a fishrman woke early in d mrng. It was very dark. He waited a while &amp; found a sack ful of stones. He strtd throwin thm in2 d sea 2 pass time. Atlast he had jus 1stone, sun rose up &amp; he found out tht those r nt stones, those were diamonds. Moral:"Dont wake up early in d mrng'' GOOD night",NO_SPAM
"Claim a 200 shopping spree, just call 08717895698 now! Have you won! MobStoreQuiz10ppm",SPAM
"Then ur physics get a-?",NO_SPAM
"Dear friends, sorry for the late information. Today is the birthday of our loving Ar.Praveesh. for more details log on to face book and see. Its his number + &lt;#&gt; . Dont miss a delicious treat.",NO_SPAM
"How r ü going to send it to me?",NO_SPAM
"Can you do online transaction?",NO_SPAM
"Dear got train and seat mine lower seat",NO_SPAM
"Let me know if you need anything else. Salad or desert or something... How many beers shall i get?",NO_SPAM
"Wat r u doing?",NO_SPAM
"WHORE YOU ARE UNBELIEVABLE.",NO_SPAM
"Want to funk up ur fone with a weekly new tone reply TONES2U 2 this text. www.ringtones.co.uk, the original n best. Tones 3GBP network operator rates apply",SPAM
"Are you sure you don't mean "get here, we made you hold all the weed"",NO_SPAM
"I love you !!! You know? Can you feel it? Does it make your belly warm? I wish it does, my love ... I shall meet you in your dreams, Ahmad ... *adoring kiss*",NO_SPAM
"Twinks, bears, scallies, skins and jocks are calling now. Don't miss the weekend's fun. Call 08712466669 at 10p/min. 2 stop texts call 08712460324(nat rate)",SPAM
"Love it! I want to flood that pretty pussy with cum...",NO_SPAM
"Hey are you angry with me. Reply me dr.",NO_SPAM
"Short But Cute: "Be a good person, but dont try to prove it.." .Gud noon....",NO_SPAM
"Also remember the beads don't come off. Ever.",NO_SPAM
"They have a thread on the wishlist section of the forums where ppl post nitro requests. Start from the last page and collect from the bottom up.",NO_SPAM
"For The First Time In The History 'Need' 'Comfort' And 'Luxury' Are Sold At Same Price In India..!! Onion-Rs. &lt;#&gt;  Petrol-Rs. &lt;#&gt;  Beer-Rs. &lt;#&gt;  SHESIL  &lt;#&gt;",NO_SPAM
"Feb  &lt;#&gt;  is "I LOVE U" day. Send dis to all ur "VALUED FRNDS" evn me. If 3 comes back u'll gt married d person u luv! If u ignore dis u will lose ur luv 4 Evr",NO_SPAM
"Actually nvm, got hella cash, we still on for  &lt;#&gt; ish?",NO_SPAM
"We tried to contact you re your reply to our offer of a Video Handset? 750 anytime any networks mins? UNLIMITED TEXT? Camcorder? Reply or call 08000930705 NOW",SPAM
"It's ok, at least armand's still around",NO_SPAM
"No da. I am happy that we sit together na",NO_SPAM
"Yup song bro. No creative. Neva test quality. He said check review online.",NO_SPAM
"No dude, its not fake..my frnds got money, thts y i'm reffering u..if u member wit my mail link, u vl be credited  &lt;#&gt; rs and il be getiing  &lt;#&gt; rs..i can draw my acc wen it is  &lt;#&gt; rs..",NO_SPAM
"Dude while were makin those weirdy brownies my sister made awesome cookies. I took pics.",NO_SPAM
"URGENT! We are trying to contact you. Last weekends draw shows that you have won a £900 prize GUARANTEED. Call 09061701851. Claim code K61. Valid 12hours only",SPAM
"Pls dont restrict her from eating anythin she likes for the next two days.",NO_SPAM
"Mm you ask him to come its enough :-)",NO_SPAM
"At the funeral home with Audrey and dad",NO_SPAM
"Aight, can you text me the address?",NO_SPAM
"Excellent! Wish we were together right now!",NO_SPAM
"Yep then is fine 7.30 or 8.30 for ice age.",NO_SPAM
"Pls i wont belive god.not only jesus.",NO_SPAM
"Can. Dunno wat to get 4 her...",NO_SPAM
"Not yet chikku..k, then wat abt tht guy did he stopped irritating or msging to u..",NO_SPAM
"How long does it take to get it.",NO_SPAM
"This is my number by vivek..",NO_SPAM
"74355 XMAS iscoming & ur awarded either £500 CD gift vouchers & free entry 2 r £100 weekly draw txt MUSIC to 87066 TnC",SPAM
"sorry brah, just finished the last of my exams, what up",NO_SPAM
"I got arrested for possession at, I shit you not,  &lt;TIME&gt;  pm",NO_SPAM
"You are right though. I can't give you the space you want and need. This is really starting to become an issue. I was going to suggest setting a definite move out--if i'm still there-- after greece. But maybe you are ready and should do it now.",NO_SPAM
"Just normal only here :)",NO_SPAM
"Please protect yourself from e-threats. SIB never asks for sensitive information like Passwords,ATM/SMS PIN thru email. Never share your password with anybody.",NO_SPAM
"I miss you so much I'm so desparate I have recorded the message you left for me the other day and listen to it just to hear the sound of your voice. I love you",NO_SPAM
"Hi. I'm always online on yahoo and would like to chat with you someday",NO_SPAM
"Goodmorning,my grandfather expired..so am on leave today.",NO_SPAM
"Congratulations U can claim 2 VIP row A Tickets 2 C Blu in concert in November or Blu gift guaranteed Call 09061104276 to claim TS&Cs www.smsco.net cost£3.75max ",SPAM
"Where are you ? What are you doing ? Are yuou working on getting the pc to your mom's ? Did you find a spot that it would work ? I need you",NO_SPAM
"Sure, I'll see if I can come by in a bit",NO_SPAM
"I agree. So i can stop thinkin about ipad. Can you please ask macho the same question.",NO_SPAM
"Let's pool our money together and buy a bunch of lotto tickets. If we win I get &lt;#&gt; % u get &lt;#&gt; %. Deal?",NO_SPAM
"Ok.",NO_SPAM
"I had askd u a question some hours before. Its answer",NO_SPAM
"Watching tv lor. Nice one then i like lor.",NO_SPAM
"I'm thinking that chennai forgot to come for auction..",NO_SPAM
"Then ü come n pick me at 530 ar?",NO_SPAM
"Early bird! Any purchases yet?",NO_SPAM
"Went to pay rent. So i had to go to the bank to authorise the payment.",NO_SPAM
"Erm … ill pick you up at about 6.45pm. That'll give enough time to get there, park and that.",NO_SPAM
"HEY MATE! HOWS U HONEY?DID U AVE GOOD HOLIDAY? GIMMI DE GOSS!x",NO_SPAM
"Howz pain.it will come down today.do as i said ystrday.ice and medicine.",NO_SPAM
"chile, please! It's only a  &lt;DECIMAL&gt;  hour drive for me. I come down all the time and will be subletting feb-april for audition season.",NO_SPAM
"Yes ammae....life takes lot of turns you can only sit and try to hold the steering...",NO_SPAM
"Yeah that's what I thought, lemme know if anything's goin on later",NO_SPAM
"Mmmm.... I cant wait to lick it!",NO_SPAM
"Pls go there today  &lt;#&gt; . I dont want any excuses",NO_SPAM
"Fantasy Football is back on your TV. Go to Sky Gamestar on Sky Active and play £250k Dream Team. Scoring starts on Saturday, so register now!SKY OPT OUT to 88088",SPAM
"Can you plz tell me the ans. BSLVYL sent via fullonsms.com",NO_SPAM
"U in town alone?",NO_SPAM
"I to am looking forward to all the sex cuddling.. Only two more sleeps ",NO_SPAM
"We have all rounder:)so not required:)",NO_SPAM
"No, its true..k,Do u knw dis no. &lt;#&gt; ?",NO_SPAM
"Dont worry, 1 day very big lambu ji vl come..til then enjoy batchlor party:-)",NO_SPAM
"oh ya... Got hip hop open. Haha i was thinking can go for jazz then zoom to cine... Actually tonight i'm free leh... And there's a kb lesson tonight",NO_SPAM
"Free msg: Single? Find a partner in your area! 1000s of real people are waiting to chat now!Send CHAT to 62220Cncl send STOPCS 08717890890£1.50 per msg",SPAM
"I'm ok. Will do my part tomorrow",NO_SPAM
"No! But we found a diff farm shop to buy some cheese. On way back now, can i call in?",NO_SPAM
"R u still working now?",NO_SPAM
"Win the newest Harry Potter and the Order of the Phoenix (Book 5) reply HARRY, answer 5 questions - chance to be the first among readers!",SPAM
"Yep. I do like the pink furniture tho.",NO_SPAM
"Free Msg: Ringtone!From: http://tms. widelive.com/index. wml?id=1b6a5ecef91ff9*37819&first=true18:0430-JUL-05",SPAM
"Customer place, i wil cal u sir.",NO_SPAM
"Oh my god! I've found your number again! I'm so glad, text me back xafter this msgs cst std ntwk chg £1.50",SPAM
"A pure hearted person can have a wonderful smile that makes even his/her enemies to feel guilty for being an enemy.. So catch the world with your smile..:) GOODMORNING &amp; HAVE A SMILEY SUNDAY..:)",NO_SPAM
"THATS ALRITE GIRL, U KNOW GAIL IS NEVA WRONG!!TAKE CARE SWEET AND DONT WORRY.C U L8TR HUN!LOVE Yaxxx",NO_SPAM
"Theoretically yeah, he could be able to come",NO_SPAM
"Alright we're hooked up, where you guys at",NO_SPAM
"not that I know of, most people up here are still out of town",NO_SPAM
"No let me do the math. Your not good at it.",NO_SPAM
"Oh ok wait 4 me there... My lect havent finish",NO_SPAM
"Yeah my usual guy's out of town but there're definitely people around I know",NO_SPAM
"I am joining today formally.Pls keep praying.will talk later.",NO_SPAM
"Happy or sad , one thing about past is- "Its no more" GOOD MORNING :-):-).",NO_SPAM
"No. Did you multimedia message them or e-mail?",NO_SPAM
"Okie but i scared u say i fat... Then u dun wan me already...",NO_SPAM
"did u get that message",NO_SPAM
"Sorry sir, i will call you tomorrow.  senthil.hsbc",NO_SPAM
"What you need. You have a person to give na.",NO_SPAM
"She left it very vague. She just said she would inform the person in accounting about the delayed rent and that i should discuss with the housing agency about my renting another place. But checking online now and all places around usc are  &lt;#&gt;  and up",NO_SPAM
"Hi juan. Im coming home on fri hey. Of course i expect a welcome party and lots of presents. Ill phone u when i get back. Loads of love nicky x x x x x x x x x",NO_SPAM
"Can you plz tell me the ans. BSLVYL sent via fullonsms.com",NO_SPAM
"Short But Cute: "Be a good person, but dont try to prove it.." .Gud noon....",NO_SPAM
"Gumby's has a special where a  &lt;#&gt; " cheese pizza is $2 so I know what we're doin tonight",NO_SPAM
"A link to your picture has been sent. You can also use http://alto18.co.uk/wave/wave.asp?o=44345",SPAM
"Like a personal sized or what",NO_SPAM
"Same, I'm at my great aunts anniversary party in tarpon springs",NO_SPAM
"Cab is available.they pick up and drop at door steps.",NO_SPAM
"ok....take care.umma to you too...",NO_SPAM
"Unlimited texts. Limited minutes.",NO_SPAM
"Double Mins & 1000 txts on Orange tariffs. Latest Motorola, SonyEricsson & Nokia with Bluetooth FREE! Call MobileUpd8 on 08000839402 or call2optout/HF8",SPAM
"No problem. We will be spending a lot of quality time together...",NO_SPAM
"URGENT This is our 2nd attempt to contact U. Your £900 prize from YESTERDAY is still awaiting collection. To claim CALL NOW 09061702893. ACL03530150PM",SPAM
"Have you heard from this week?",NO_SPAM
"Dear Dave this is your final notice to collect your 4* Tenerife Holiday or #5000 CASH award! Call 09061743806 from landline. TCs SAE Box326 CW25WX 150ppm",SPAM
"Yes. Last  practice",NO_SPAM
"tells u 2 call 09066358152 to claim £5000 prize. U have 2 enter all ur mobile & personal details @ the prompts. Careful!",SPAM
"No. Thank you. You've been wonderful",NO_SPAM
"Otherwise had part time job na-tuition..",NO_SPAM
"Ü mean it's confirmed... I tot they juz say oni... Ok then... ",NO_SPAM
"Okie",NO_SPAM
"That depends. How would you like to be treated? :)",NO_SPAM
"Right on brah, see you later",NO_SPAM
"Waiting in e car 4 my mum lor. U leh? Reach home already?",NO_SPAM
"Your 2004 account for 07XXXXXXXXX shows 786 unredeemed points. To claim call 08719181259 Identifier code: XXXXX Expires 26.03.05",SPAM
"Do you want a new video handset? 750 anytime any network mins? Half Price Line Rental? Camcorder? Reply or call 08000930705 for delivery tomorrow",SPAM
"Went fast asleep dear.take care.",NO_SPAM
"No that just means you have a fat head",NO_SPAM
"Sounds like a plan! Cardiff is still here and still cold! I'm sitting on the radiator!",NO_SPAM
"Serious? What like proper tongued her",NO_SPAM
"She.s good. She was wondering if you wont say hi but she.s smiling now. So how are you coping with the long distance",NO_SPAM
"How i noe... She's in da car now... Later then c lar... I'm wearing shorts...",NO_SPAM
"You have an important customer service announcement. Call FREEPHONE 0800 542 0825 now!",SPAM
"Yeah whatever lol",NO_SPAM
"Today is ACCEPT DAY..U Accept me as? Brother Sister Lover Dear1 Best1 Clos1 Lvblefrnd Jstfrnd Cutefrnd Lifpartnr Belovd Swtheart Bstfrnd No rply means enemy",NO_SPAM
"Ard 530 lor. I ok then message ü lor.",NO_SPAM
"Ok. C u then.",NO_SPAM
"Eh ur laptop got no stock lei... He say mon muz come again to take a look c got a not...",NO_SPAM
"No need to ke qi... Ü too bored izzit y suddenly thk of this...",NO_SPAM
"I wish! I don't think its gonna snow that much. But it will be more than those flurries we usually get that melt before they hit the ground. Eek! We haven't had snow since &lt;#&gt; before I was even born!",NO_SPAM
"FREE>Ringtone! Reply REAL or POLY eg REAL1 1. PushButton 2. DontCha 3. BabyGoodbye 4. GoldDigger 5. WeBeBurnin 1st tone FREE and 6 more when u join for £3/wk",SPAM
"Do 1 thing! Change that sentence into: "Because i want 2 concentrate in my educational career im leaving here.."",NO_SPAM
"Oh really? perform, write a paper, go to a movie AND be home by midnight, huh?",NO_SPAM
"Okay lor... Will they still let us go a not ah? Coz they will not know until later. We drop our cards into the box right?",NO_SPAM
"How? Izzit still raining?",NO_SPAM
"As if i wasn't having enough trouble sleeping.",NO_SPAM
"I havent add ü yet right.. ",NO_SPAM
"Lol ... I really need to remember to eat when I'm drinking but I do appreciate you keeping me company that night babe *smiles*",NO_SPAM
"Babe ? I lost you ... Will you try rebooting ?",NO_SPAM
"Yes. Nigh you cant aha.",NO_SPAM
"I thk ü gotta go home by urself. Cos i'll b going out shopping 4 my frens present. ",NO_SPAM
"Nooooooo I'm gonna be bored to death all day. Cable and internet outage.",NO_SPAM
"Sos! Any amount i can get pls.",NO_SPAM
"Playin space poker, u?",NO_SPAM
"How come guoyang go n tell her? Then u told her?",NO_SPAM
"You need to get up. Now.",NO_SPAM
"They r giving a second chance to rahul dengra.",NO_SPAM
"Yeah, in fact he just asked if we needed anything like an hour ago. When and how much?",NO_SPAM
"WHEN THE FIRST STRIKE IS A RED ONE. THE BIRD + ANTELOPE BEGIN TOPLAY IN THE FIELDOF SELFINDEPENDENCE BELIEVE THIS + THE FLOWER OF CONTENTION WILL GROW.RANDOM!",NO_SPAM
"Y ü wan to go there? C doctor?",NO_SPAM
"Does daddy have a bb now.",NO_SPAM
"Free Msg: get Gnarls Barkleys "Crazy" ringtone TOTALLY FREE just reply GO to this message right now!",SPAM
"She's borderline but yeah whatever.",NO_SPAM
"I got a call from a landline number. . . I am asked to come to anna nagar . . . I will go in the afternoon",NO_SPAM
"Until 545 lor... Ya, can go 4 dinner together...",NO_SPAM
"I will be gentle princess! We will make sweet gentle love...",NO_SPAM
"How u doin baby girl ?? hope u are okay every time I call ure phone is off! I miss u get in touch",NO_SPAM
"Sorry, went to bed early, nightnight",NO_SPAM
"I like to think there's always the possibility of being in a pub later.",NO_SPAM
"HMM yeah if your not too grooved out! And im looking forward to my pound special :)",NO_SPAM
"I got to video tape pple type in message lor. U so free wan 2 help me? Hee... Cos i noe u wan 2 watch infernal affairs so ask u along. Asking shuhui oso.",NO_SPAM
"Hi dude hw r u da realy mising u today",NO_SPAM
"Me hungry buy some food good lei... But mum n yun dun wan juz buy a little bit... ",NO_SPAM
"Refused a loan? Secured or Unsecured? Can't get credit? Call free now 0800 195 6669 or text back 'help' & we will!",SPAM
"I probably won't eat at all today. I think I'm gonna pop. How was your weekend? Did u miss me?",NO_SPAM
"I knew it... U slept v late yest? Wake up so late...",NO_SPAM
"Haha... dont be angry with yourself... Take it as a practice for the real thing. =) ",NO_SPAM
"Where is that one day training:-)",NO_SPAM
"So i could kiss and feel you next to me...",NO_SPAM
"Have a nice day my dear.",NO_SPAM
"I sent lanre fakeye's Eckankar details to the mail box",NO_SPAM
"Your dad is back in ph?",NO_SPAM
"You have been specially selected to receive a "3000 award! Call 08712402050 BEFORE the lines close. Cost 10ppm. 16+. T&Cs apply. AG Promo",SPAM
"If you ask her or she say any please message.",NO_SPAM
"If e timing can, then i go w u lor...",NO_SPAM
"Love you aathi..love u lot..",NO_SPAM
"I was just callin to say hi. Take care bruv!",NO_SPAM
"YOU HAVE WON! As a valued Vodafone customer our computer has picked YOU to win a £150 prize. To collect is easy. Just call 09061743386",SPAM
"Did u turn on the heater? The heater was on and set to &lt;#&gt; degrees.",NO_SPAM
"Thanks for your message. I really appreciate your sacrifice. I'm not sure of the process of direct pay but will find out on my way back from the test tomorrow. I'm in class now. Do have a wonderful day.",NO_SPAM
"That's the trouble with classes that go well - you're due a dodgey one … Expecting mine tomo! See you for recovery, same time, same place ",NO_SPAM
"Free video camera phones with Half Price line rental for 12 mths and 500 cross ntwk mins 100 txts. Call MobileUpd8 08001950382 or Call2OptOut/674&",SPAM
"WOT U UP 2 J?",NO_SPAM
"Night night, see you tomorrow",NO_SPAM
"Roger that. We‘re probably going to rem in about 20",NO_SPAM
"do u think that any girl will propose u today by seing ur bloody funky shit fucking face...............asssssholeeee................",NO_SPAM
"I wish u were here. I feel so alone",NO_SPAM
"Great NEW Offer - DOUBLE Mins & DOUBLE Txt on best Orange tariffs AND get latest camera phones 4 FREE! Call MobileUpd8 free on 08000839402 NOW! or 2stoptxt T&Cs",SPAM
"Reason is if the team budget is available at last they buy the unsold players for at base rate..",NO_SPAM
"CERI U REBEL! SWEET DREAMZ ME LITTLE BUDDY!! C YA 2MORO! WHO NEEDS BLOKES",NO_SPAM
"ringtoneking 84484",SPAM
"Huh i cant thk of more oredi how many pages do we have?",NO_SPAM
"His frens go then he in lor. Not alone wif my mum n sis lor.",NO_SPAM
"Nationwide auto centre (or something like that) on Newport road. I liked them there",NO_SPAM
"Hey, I missed you tm of last night as my phone was on the charge ... *smiles* ... I am meeting a friend shortly",NO_SPAM
"Whatever, juliana. Do whatever you want.",NO_SPAM
"Friendship is not a game to play, It is not a word to say, It doesn\'t start on March and ends on May, It is tomorrow, yesterday, today and e",NO_SPAM
"Ringtone Club: Gr8 new polys direct to your mobile every week !",SPAM
"Hello. Sort of out in town already. That . So dont rush home, I am eating nachos. Will let you know eta.",NO_SPAM
"Ok lor. Anyway i thk we cant get tickets now cos like quite late already. U wan 2 go look 4 ur frens a not? Darren is wif them now...",NO_SPAM
"(Bank of Granite issues Strong-Buy) EXPLOSIVE PICK FOR OUR MEMBERS *****UP OVER 300% *********** Nasdaq Symbol CDGT That is a $5.00 per..",SPAM
"I am on the way to ur home",NO_SPAM
"Dizzamn, aight I'll ask my suitemates when I get back",NO_SPAM
"Nimbomsons. Yep phone knows that one. Obviously, cos thats a real word",NO_SPAM
"I love to cuddle! I want to hold you in my strong arms right now...",NO_SPAM
"R u in this continent?",NO_SPAM
"We'll you pay over like  &lt;#&gt; yrs so its not too difficult",NO_SPAM
"Bored housewives! Chat n date now! 0871750.77.11! BT-national rate 10p/min only from landlines!",SPAM
"We tried to call you re your reply to our sms for a video mobile 750 mins UNLIMITED TEXT free camcorder Reply or call now 08000930705 Del Thurs",SPAM
"K...k...when will you give treat?",NO_SPAM
"This is the 2nd time we have tried to contact u. U have won the £400 prize. 2 claim is easy, just call 087104711148 NOW! Only 10p per minute. BT-national-rate",SPAM
"He's just gonna worry for nothing. And he won't give you money its no use.",NO_SPAM
"Did you get any gift? This year i didnt get anything. So bad",NO_SPAM
"somewhere out there beneath the pale moon light someone think in of u some where out there where dreams come true... goodnite &amp; sweet dreams",NO_SPAM
"Well there's a pattern emerging of my friends telling me to drive up and come smoke with them and then telling me that I'm a weed fiend/make them smoke too much/impede their doing other things so you see how I'm hesitant",NO_SPAM
", ow u dey.i paid 60,400thousad.i told  u would call . ",NO_SPAM
"IM FINE BABES AINT BEEN UP 2 MUCH THO! SAW SCARY MOVIE YEST ITS QUITE FUNNY! WANT 2MRW AFTERNOON? AT TOWN OR MALL OR SUMTHIN?xx",NO_SPAM
"I'm reaching home in 5 min.",NO_SPAM
"Forgot you were working today! Wanna chat, but things are ok so drop me a text when you're free / bored etc and i'll ring. Hope all is well, nose essay and all xx",NO_SPAM
"Ha... Then we must walk to everywhere... Cannot take tram. My cousin said can walk to vic market from our hotel ",NO_SPAM
"Wan2 win a Meet+Greet with Westlife 4 U or a m8? They are currently on what tour? 1)Unbreakable, 2)Untamed, 3)Unkempt. Text 1,2 or 3 to 83049. Cost 50p +std text",SPAM
"Please call our customer service representative on FREEPHONE 0808 145 4742 between 9am-11pm as you have WON a guaranteed £1000 cash or £5000 prize!",SPAM
"Discussed with your mother ah?",NO_SPAM
"Ok.",NO_SPAM
"Sorry, I can't text &amp; drive coherently, see you in twenty",NO_SPAM
"You will be receiving this week's Triple Echo ringtone shortly. Enjoy it!",SPAM
"In which place i can get rooms cheap:-)",NO_SPAM
"Eek that's a lot of time especially since American Pie is like 8 minutes long. I can't stop singing it.",NO_SPAM
""GRAN ONLYFOUND OUT AFEW DAYS AGO.CUSOON HONI"",NO_SPAM
"U've been selected to stay in 1 of 250 top British hotels - FOR NOTHING! Holiday valued at £350! Dial 08712300220 to claim - National Rate Call. Bx526, SW73SS",SPAM
"University of southern california.",NO_SPAM
"We have to pick rayan macleran there.",NO_SPAM
"U gd lor go shopping i got stuff to do. U wan 2 watch infernal affairs a not? Come lar...",NO_SPAM
"Well. Balls. Time to make calls",NO_SPAM
"Wat time ü wan today?",NO_SPAM
"&lt;#&gt;  in mca. But not conform.",NO_SPAM
"Oh ok.. Wat's ur email?",NO_SPAM
"Yes, princess. Are you going to make me moan?",NO_SPAM
"Lol its ok I didn't remember til last nite",NO_SPAM
"[…] anyway, many good evenings to u! s",NO_SPAM
"Cool, I'll text you in a few",NO_SPAM
"Sorry vikky, i'm Watching olave mandara movie kano in trishul theatre wit my frnds..",NO_SPAM
"I'm very happy for you babe ! Woo hoo party on dude!",NO_SPAM
"I am taking you for italian food. How about a pretty dress with no panties? :)",NO_SPAM
"Wot u up 2? Thout u were gonna call me!! Txt bak luv K",NO_SPAM
"YOU ARE CHOSEN TO RECEIVE A £350 AWARD! Pls call claim number 09066364311 to collect your award which you are selected to receive as a valued mobile customer.",SPAM
"How are you holding up?",NO_SPAM
"Dont flatter yourself... Tell that man of mine two pints of carlin in ten minutes please.... ",NO_SPAM
"Hope you are not scared!",NO_SPAM
"I cant pick the phone right now. Pls send a message",NO_SPAM
"I'm at home n ready...",NO_SPAM
"Please call our customer service representative on FREEPHONE 0808 145 4742 between 9am-11pm as you have WON a guaranteed £1000 cash or £5000 prize!",SPAM
"What time do u get out?",NO_SPAM
"I am literally in bed and have been up for like  &lt;#&gt;  hours",NO_SPAM
"Yes, my reg is  Ciao!",NO_SPAM
"If You mean the website. Yes.",NO_SPAM
"Win a £1000 cash prize or a prize worth £5000",SPAM
"Thanks for your ringtone order, reference number X49.Your mobile will be charged 4.50. Should your tone not arrive please call customer services 09065989182",SPAM
"Lol or I could just starve and lose a pound by the end of the day.",NO_SPAM
"Yeah that's the impression I got",NO_SPAM
"Ok ok take care. I can understand.",NO_SPAM
"Motivate Behind every darkness, there is a shining light waiting for you to find it... Behind every best friend, there is always trust and love... BSLVYL",NO_SPAM
"Ya ok, then had dinner?",NO_SPAM
"I was slept that time.you there?",NO_SPAM
"dont make ne plans for nxt wknd coz she wants us to come down then ok",NO_SPAM
"When is school starting. Where will you stay. What's the weather like. And the food. Do you have a social support system like friends in the school. All these things are important.",NO_SPAM
"Ha ha nan yalrigu heltini..Iyo kothi chikku, u shared many things wit me..so far i didn't told any body and even uttered a word abt u.. If ur trusting me so much how can i tell these to others.. Plz nxt time dont use those words to me..ok, chikku:-);-)B-)",NO_SPAM
"Noice. Text me when you're here",NO_SPAM
"Hi di is yijue we're meeting at 7 pm at esaplanade tonight.",NO_SPAM
"Moby Pub Quiz.Win a £100 High Street prize if u know who the new Duchess of Cornwall will be? Txt her first name to 82277.unsub STOP £1.50 008704050406 SP",SPAM
"This weeks SavaMob member offers are now accessible. Just call 08709501522 for details! SavaMob, POBOX 139, LA3 2WU. Only £1.50/week. SavaMob - offers mobile!",SPAM
"Aight I've been set free, think you could text me blake's address? It occurs to me I'm not quite as sure what I'm doing as I thought I was",NO_SPAM
"Hi dear we saw dear. We both are happy. Where you my battery is low",NO_SPAM
"How are you. Its been ages. How's abj",NO_SPAM
"Prof: you have passed in all the papers in this sem congrats . . . . Student: Enna kalaachutaarama..!! Prof:???? Gud mrng!",NO_SPAM
"Dont kick coco when he's down",NO_SPAM
"Fyi I'm gonna call you sporadically starting at like  &lt;#&gt;  bc we are not not doin this shit",NO_SPAM
"You are being contacted by our Dating Service by someone you know! To find out who it is, call from your mobile or landline 09064017305 PoBox75LDNS7 ",SPAM
"TBS/PERSOLVO. been chasing us since Sept for£38 definitely not paying now thanks to your information. We will ignore them. Kath. Manchester.",SPAM
"Hope youre not having too much fun without me!! see u tomorrow love jess x",NO_SPAM
"Ok i wont call or disturb any one. I know all are avoiding me. I am a burden for all",NO_SPAM
"I've reached home n i bathe liao... U can call me now...",NO_SPAM
"Loans for any purpose even if you have Bad Credit! Tenants Welcome. Call NoWorriesLoans.com on 08717111821",SPAM
"Was the actual exam harder than NBME",NO_SPAM
"A lot of this sickness thing going round. Take it easy. Hope u feel better soon. Lol",NO_SPAM
"God picked up a flower and dippeditinaDEW, lovingly touched itwhichturnedinto u, and the he gifted tomeandsaid,THIS FRIEND IS 4U",NO_SPAM
"87077: Kick off a new season with 2wks FREE goals & news to ur mobile! Txt ur club name to 87077 eg VILLA to 87077",SPAM
"Hey sathya till now we dint meet not even a single time then how can i saw the situation sathya.",NO_SPAM
"Gam gone after outstanding innings.",NO_SPAM
"O i played smash bros  &lt;#&gt;  religiously.",NO_SPAM
"Sir, good morning. Hope you had a good weekend. I called to let you know that i was able to raise  &lt;#&gt;  from my dad. He however said he would make the rest available by mid feb. This amount is still quite short and i was hoping you would help. Do have a good day. Abiola",NO_SPAM
"Hurry home. Soup is DONE!",NO_SPAM
"No no. I will check all rooms befor activities",NO_SPAM
"Good afternoon, my love. It was good to see your words on YM and get your tm. Very smart move, my slave ... *smiles* ... I drink my coffee and await you.",NO_SPAM
"Quite ok but a bit ex... U better go eat smth now else i'll feel guilty...",NO_SPAM
"Orange brings you ringtones from all time Chart Heroes, with a free hit each week! Go to Ringtones & Pics on wap. To stop receiving these tips reply STOP.",SPAM
"Lemme know when you're here",NO_SPAM
"PRIVATE! Your 2003 Account Statement for 07973788240 shows 800 un-redeemed S. I. M. points. Call 08715203649 Identifier Code: 40533 Expires 31/10/04",SPAM
"He needs to stop going to bed and make with the fucking dealing",NO_SPAM
"How are you, my Love ? Are you with your brother ? Time to talk english with him ? *grins* Say : Hey Muhommad, Penny says hello from across the sea",NO_SPAM
"We tried to call you re your reply to our sms for a video mobile 750 mins UNLIMITED TEXT + free camcorder Reply of call 08000930705 Now",SPAM
"Hey doc pls I want to get nice t shirt for my hubby nice fiting ones my budget is  &lt;#&gt; k help pls I will load d card abi hw,keep me posted luv. 2 mj",NO_SPAM
"I remain unconvinced that this isn't an elaborate test of my willpower",NO_SPAM
""Life is nothing wen v get everything". But "life is everything wen v miss something ". Real value of people wil be realized only in their absence.... gud mrng",NO_SPAM
"how are you? I miss you!",NO_SPAM
"I ain't answerin no phone at what is actually a pretty reasonable hour but I'm sleepy",NO_SPAM
"Hey , is * rite u put »10 evey mnth is that all?",NO_SPAM
"i am going to bed now prin",NO_SPAM
"I think just yourself …Thanks and see you tomo",NO_SPAM
"If u dun drive then how i go 2 sch.",NO_SPAM
"I not at home now lei...",NO_SPAM
"GSOH? Good with SPAM the ladies?U could b a male gigolo? 2 join the uk's fastest growing mens club reply ONCALL. mjzgroup. 08714342399.2stop reply STOP. msg@£1.50rcvd",SPAM
"Ok then i will come to ur home after half an hour",NO_SPAM
"U have a secret admirer who is looking 2 make contact with U-find out who they R*reveal who thinks UR so special-call on 09058094599",SPAM
"Do u hav any frnd by name ashwini in ur college?",NO_SPAM
"Jus finish my lunch on my way home lor... I tot u dun wan 2 stay in sch today...",NO_SPAM
"K then 2marrow are you coming to class.",NO_SPAM
"HOT LIVE FANTASIES call now 08707500020 Just 20p per min NTT Ltd, PO Box 1327 Croydon CR9 5WB 0870 is a national rate call",SPAM
"Pls send me your address sir.",NO_SPAM
"I want to lick your pussy now...",NO_SPAM
"Yo, you gonna still be in stock tomorrow/today? I'm trying to get a dubsack",NO_SPAM
"URGENT! Your Mobile number has been awarded a <UKP>2000 prize GUARANTEED. Call 09061790125 from landline. Claim 3030. Valid 12hrs only 150ppm",SPAM
"I'll see, but prolly yeah",NO_SPAM
"Thought we could go out for dinner. I'll treat you! Seem ok?",NO_SPAM
"Where are you ? What do you do ? How can you stand to be away from me ? Doesn't your heart ache without me ? Don't you wonder of me ? Don't you crave me ?",NO_SPAM
"Sorry. You never hear unless you book it. One was kinda a joke--thet were really looking for skinny white girls. The other was one line--you can only do so much on camera with that. Something like that they're casting on the look.",NO_SPAM
"What you doing?how are you?",NO_SPAM
"Sure thing big man. i have hockey elections at 6, shouldn‘t go on longer than an hour though",NO_SPAM
"Watch lor. I saw a few swatch one i thk quite ok. Ard 116 but i need 2nd opinion leh...",NO_SPAM
"Hiya do u like the hlday pics looked horrible in them so took mo out! Hows the camp Amrca thing? Speak soon Serena:)",NO_SPAM
"Babe! How goes that day ? What are you up to ? I miss you already, my Love ... * loving kiss* ... I hope everything goes well.",NO_SPAM
"Yunny... I'm goin to be late",NO_SPAM
"Doc prescribed me morphine cause the other pain meds aren't enough. Waiting for my mom to bring it. That med should kick in fast so I'm gonna try to be on later",NO_SPAM
"Cool, want me to go to kappa or should I meet you outside mu",NO_SPAM
"Hey sexy buns ! Have I told you ? I adore you, loverboy. I hope you remember to thank your sister in law for those meatballs *grins* ... i love you, babe",NO_SPAM
"May b approve panalam...but it should have more posts..",NO_SPAM
"SPJanuary Male Sale! Hot Gay chat now cheaper, call 08709222922. National rate from 1.5p/min cheap to 7.8p/min peak! To stop texts call 08712460324 (10p/min)",SPAM
"Sorry, I'll call later",NO_SPAM
"I dont thnk its a wrong calling between us",NO_SPAM
"Me i'm not workin. Once i get job...",NO_SPAM
"And by when you're done I mean now",NO_SPAM
""Its Ur luck to Love someone. Its Ur fortune to Love the one who Loves U. But, its a miracle to Love a person who can't Love anyone except U..." Gud nyt...",NO_SPAM
"Hi baby ive just got back from work and i was wanting to see u allday! I hope i didnt piss u off on the phone today. If u are up give me a call xxx",NO_SPAM
"FreeMsg Today's the day if you are ready! I'm horny & live in your town. I love sex fun & games! Netcollex Ltd 08700621170150p per msg reply Stop to end",SPAM
"Is it your yahoo boys that bring in the perf? Or legal.",NO_SPAM
"No need to say anything to me. I know i am an outsider",NO_SPAM
"have you ever had one foot before?",NO_SPAM
"Just got to  &lt;#&gt;",NO_SPAM
"Good! No, don‘t need any receipts—well done! (…) Yes, please tell . What‘s her number, i could ring her",NO_SPAM
"Ever green quote ever told by Jerry in cartoon "A Person Who Irritates u Always Is the one Who Loves u Vry Much But Fails to Express It...!..!! :-) :-) gud nyt",NO_SPAM
"Leave it wif me lar... Ü wan to carry meh so heavy... Is da num 98321561 familiar to ü?",NO_SPAM
"Beautiful truth : Expression of the face could Be seen by everyone... But the depression of heart Could be understood only By the Loved ones.. Gud Ni8;-)",NO_SPAM
"Infact happy new year. How are you where are you when are we seeing",NO_SPAM
"In The Simpsons Movie released in July 2007 name the band that died at the start of the film? A-Green Day, B-Blue Day, C-Red Day. (Send A, B or C)",SPAM
"That's a shame! Maybe cld meet for few hrs tomo?",NO_SPAM
"Lol I would but despite these cramps I like being a girl.",NO_SPAM
"I cant wait for cornwall. Hope tonight isnt too bad as well but its rock night shite. Anyway im going for a kip now have a good night. Speak to you soon.",NO_SPAM
"Pls help me tell sura that i'm expecting a battery from hont. And that if should pls send me a message about how to download movies. Thanks",NO_SPAM
"Please call Amanda with regard to renewing or upgrading your current T-Mobile handset free of charge. Offer ends today. Tel 0845 021 3680 subject to T's and C's",SPAM
"Haven't found a way to get another app for your phone, eh ? Will you go to the net cafe ? Did you take that job? Geeee I need you babe. I crave to see you ...",NO_SPAM
"I only work from mon to thurs but Sat i cant leh... Booked liao... Which other day u free?",NO_SPAM
"Ü comin to fetch us oredi...",NO_SPAM
"What's nannys address?",NO_SPAM
"URGENT!! Your 4* Costa Del Sol Holiday or £5000 await collection. Call 09050090044 Now toClaim. SAE, TC s, POBox334, Stockport, SK38xh, Cost£1.50/pm, Max10mins",SPAM
"Haf u eaten? Wat time u wan me 2 come?",NO_SPAM
"Want a new Video Phone? 750 anytime any network mins? Half price line rental free text for 3 months? Reply or call 08000930705 for free delivery",SPAM
"Yo, call me when you get the chance, a friend of mine wanted me to ask you about a big order",NO_SPAM
"This single single answers are we fighting? Plus i said am broke and you didnt reply",NO_SPAM
"It certainly puts things into perspective when something like this happens",NO_SPAM
"Now got tv 2 watch meh? U no work today?",NO_SPAM
"i felt so...not any conveying reason.. Ese he... What about me?",NO_SPAM
"Had your mobile 11 months or more? U R entitled to Update to the latest colour mobiles with camera for Free! Call The Mobile Update Co FREE on 08002986030",SPAM
"How's it going? Got any exciting karaoke type activities planned? I'm debating whether to play football this eve. Feeling lazy though.",NO_SPAM
"I told that am coming on wednesday.",NO_SPAM
"Its ok, called mom instead have fun",NO_SPAM
"Dear Voucher Holder, To claim this weeks offer, at your PC please go to http://www.wtlp.co.uk/text. Ts&Cs apply.",SPAM
"Well if I'm that desperate I'll just call armand again",NO_SPAM
"Are you at work right now ?",NO_SPAM
"Congrats! Nokia 3650 video camera phone is your Call 09066382422 Calls cost 150ppm Ave call 3mins vary from mobiles 16+ Close 300603 post BCM4284 Ldn WC1N3XX",SPAM
"Haven't heard anything and he's not answering my texts so I'm guessing he flaked. That said the jb is fantastic",NO_SPAM
"Mmmmmm ... I love you,so much, Ahmad ... I can't wait for this year to begin as every second takes me closer to being at your side. Happy New Year, my love!!",NO_SPAM
"Pls what's the full name of joke's school cos fees in university of florida seem to actually be  &lt;#&gt; k. Pls holla back",NO_SPAM
"Sorry, I'll call later",NO_SPAM
"Ok... But they said i've got wisdom teeth hidden inside n mayb need 2 remove.",NO_SPAM
"And pls pls drink plenty plenty water",NO_SPAM
"How are you doing. How's the queen. Are you going for the royal wedding",NO_SPAM
"He's in lag. That's just the sad part but we keep in touch thanks to skype",NO_SPAM
"Ok lor then we go tog lor...",NO_SPAM
"Two teams waiting for some players",NO_SPAM
"Can ü send me a copy of da report?",NO_SPAM
"swhrt how u dey,hope ur ok, tot about u 2day.love n miss.take care.",NO_SPAM
"Ok da, i already planned. I wil pick you.",NO_SPAM
"Urgent! Please call 0906346330. Your ABTA complimentary 4* Spanish Holiday or £10,000 cash await collection SAE T&Cs BOX 47 PO19 2EZ 150ppm 18+",SPAM
"Sorry, I'll call later in meeting",NO_SPAM
"I just really need shit before tomorrow and I know you won't be awake before like 6",NO_SPAM
"I'm good. Have you registered to vote?",NO_SPAM
"Hmm ok, i'll stay for like an hour cos my eye is really sore!",NO_SPAM
"Dear got bus directly to calicut",NO_SPAM
"Mm umma ask vava also to come tell him can play later together",NO_SPAM
"Well the general price is  &lt;#&gt; /oz, let me know if/when/how much you want",NO_SPAM
"Sorry, I'll call later",NO_SPAM
"Each Moment in a day,has its own value-Morning brings hope,afternoon brings faith,Evening brings luv,Night brings rest,Wish u find them all today.Good Morning",NO_SPAM
"&lt;#&gt;  w jetton ave if you forgot",NO_SPAM
"Ok i'm coming home now.",NO_SPAM
"Can not use foreign stamps in this country.",NO_SPAM
"Double mins and txts 4 6months FREE Bluetooth on Orange. Available on Sony, Nokia Motorola phones. Call MobileUpd8 on 08000839402 or call2optout/N9DX",SPAM
"Sorry, it's a lot of friend-of-a-friend stuff, I'm just now about to talk to the actual guy who wants to buy",NO_SPAM
"FREE for 1st week! No1 Nokia tone 4 ur mob every week just txt NOKIA to 8007 Get txting and tell ur mates www.getzed.co.uk POBox 36504 W45WQ norm150p/tone 16+",SPAM
"Want to funk up ur fone with a weekly new tone reply TONES2U 2 this text. www.ringtones.co.uk, the original n best. Tones 3GBP network operator rates apply",SPAM
"cmon babe, make me horny, *turn* me on! Txt me your fantasy now babe -) Im hot, sticky and need you now. All replies cost £1.50. 2 cancel send STOP",SPAM
"I will come tomorrow di",NO_SPAM
"Wylie update: my weed dealer carlos went to freedom and had a class with lunsford",NO_SPAM
"Are you happy baby ? Are you alright ? Did you take that job ? I hope your fine. I send you a kiss to make you smile from across the sea ... *kiss* *kiss*",NO_SPAM
"C movie is juz last minute decision mah. Juz watch 2 lar but i tot ü not interested.",NO_SPAM
"How are you enjoying this semester? Take care brother.",NO_SPAM
"IMPORTANT INFORMATION 4 ORANGE USER 0796XXXXXX. TODAY IS UR LUCKY DAY!2 FIND OUT WHY LOG ONTO http://www.urawinner.com THERE'S A FANTASTIC PRIZEAWAITING YOU!",SPAM
"Get the door, I'm here",NO_SPAM
"Lets use it next week, princess :)",NO_SPAM
"Or i go home first lar ü wait 4 me lor.. I put down my stuff first..",NO_SPAM
"I want kfc its Tuesday. Only buy 2 meals ONLY 2. No gravy. Only 2 Mark. 2!",NO_SPAM
"No da:)he is stupid da..always sending like this:)don believe any of those message.pandy is a mental:)",NO_SPAM
"Oi when you gonna ring",NO_SPAM
"Missed call alert. These numbers called but left no message. 07008009200",SPAM
"I attended but nothing is there.",NO_SPAM
"Ard 530 like dat lor. We juz meet in mrt station then ü dun haf to come out.",NO_SPAM
"No dear i was sleeping :-P",NO_SPAM
"Er mw im filled tuth is aight",NO_SPAM
"Will be office around 4 pm. Now i am going hospital.",NO_SPAM
"Actually i'm waiting for 2 weeks when they start putting ad.",NO_SPAM
"Anything lor if they all go then i go lor...",NO_SPAM
"U free on sat rite? U wan 2 watch infernal affairs wif me n darren n mayb xy?",NO_SPAM
"Plz note: if anyone calling from a mobile Co. &amp; asks u to type # &lt;#&gt;  or # &lt;#&gt; . Do not do so. Disconnect the call,coz it iz an attempt of 'terrorist' to make use of the sim card no. Itz confirmd by nokia n motorola n has been verified by CNN IBN.",NO_SPAM
"Yo you around? A friend of mine's lookin to pick up later tonight",NO_SPAM
"Stupid auto correct on my phone",NO_SPAM
"Double eviction this week - Spiral and Michael and good riddance to them!",NO_SPAM
""The world suffers a lot... Not because of the violence of bad people. But because of the silence of good people!", Gud night....",NO_SPAM
"Ok thats cool. Its , just off either raglan rd or edward rd. Behind the cricket ground. Gimme ring when ur closeby see you tuesday.",NO_SPAM
"Buy one egg for me da..please:)",NO_SPAM
"Have you started in skye",NO_SPAM
"Have you bookedthe hut? And also your time off? How are you by the way?",NO_SPAM
"And several to you sir.",NO_SPAM
"U really pig leh sleep so much. My dad wake me up at 10 smth 2 eat lunch today.",NO_SPAM
"I'm at home. Please call",NO_SPAM
"My love ... I hope your not doing anything drastic. Don't you dare sell your pc or your phone ...",NO_SPAM
"Now only i reached home. . . I am very tired now. . I will come tomorro",NO_SPAM
"FREEMSG: Our records indicate you may be entitled to 3750 pounds for the Accident you had. To claim for free reply with YES to this msg. To opt out text STOP",SPAM
"U can WIN £100 of Music Gift Vouchers every week starting NOW Txt the word DRAW to 87066 TsCs www.Idew.com SkillGame, 1Winaweek, age16. 150ppermessSubscription",SPAM
"Life style garments account no please.",NO_SPAM
"Lol wtf random. Btw is that your lunch break",NO_SPAM
"Sez, hows u & de arab boy? Hope u r all good give my love 2 evry1 love ya eshxxxxxxxxxxx",NO_SPAM
"The LAY MAN! Just to let you know you are missed and thought off. Do have a great day. And if you can send me bimbo and ugo's numbers, ill appreciate. Safe",NO_SPAM
"Detroit. The home of snow. Enjoy it.",NO_SPAM
"Show ur colours! Euro 2004 2-4-1 Offer! Get an England Flag & 3Lions tone on ur phone! Click on the following service message for info!",SPAM
"Okie...",NO_SPAM
"Aight, I'm chillin in a friend's room so text me when you're on the way",NO_SPAM
"Is toshiba portege m100 gd?",NO_SPAM
"Well welp is sort of a semiobscure internet thing",NO_SPAM
"Text PASS to 69669 to collect your polyphonic ringtones. Normal gprs charges apply only. Enjoy your tones",SPAM
"accordingly. I repeat, just text the word ok on your mobile phone and send",SPAM
"Loosu go to hospital. De dont let it careless.",NO_SPAM
"How much for an eighth?",NO_SPAM
"Omg Joanna is freaking me out. She's looked thru all my friends to find photos of me. And then she's asking about stuff on my MySpace which I haven't even logged on in like a year. :/",NO_SPAM
"Send ur birthdate with month and year, I will tel u ur LIFE PARTNER'S name. and the method of calculation. Reply must.",NO_SPAM
"Juz now havent woke up so a bit blur blur... Can? Dad went out liao... I cant cum now oso...",NO_SPAM
"How about clothes, jewelry, and trips?",NO_SPAM
"Block Breaker now comes in deluxe format with new features and great graphics from T-Mobile. Buy for just £5 by replying GET BBDELUXE and take the challenge",SPAM
"Aah! A cuddle would be lush! I'd need lots of tea and soup before any kind of fumbling!",NO_SPAM
"important information 4 orange user . today is your lucky day!2find out why log onto http://www.urawinner.com THERE'S A FANTASTIC SURPRISE AWAITING YOU!",SPAM
"I am late. I will be there at",NO_SPAM
"Sad story of a Man - Last week was my b'day. My Wife did'nt wish me. My Parents forgot n so did my Kids . I went to work. Even my Colleagues did not wish.",NO_SPAM
"Are you plans with your family set in stone ?",NO_SPAM
"Pls dont forget to study",NO_SPAM
"You'll never believe this but i have actually got off at taunton. Wow",NO_SPAM
"Den only weekdays got special price... Haiz... Cant eat liao... Cut nails oso muz wait until i finish drivin wat, lunch still muz eat wat... ",NO_SPAM
"She just broke down a list of reasons why nobody's in town and I can't tell if she's being sarcastic or just faggy",NO_SPAM
"&lt;DECIMAL&gt; m but its not a common car here so its better to buy from china or asia. Or if i find it less expensive. I.ll holla",NO_SPAM
"The greatest test of courage on earth is to bear defeat without losing heart....gn tc",NO_SPAM
"SORRY IM STIL FUCKED AFTER LAST NITE WENT TOBED AT 430 GOT UP 4 WORK AT 630",NO_SPAM
"Hey so whats the plan this sat? ",NO_SPAM
"Beauty sleep can help ur pimples too.",NO_SPAM
"Great. Hope you are using your connections from mode men also cos you can never know why old friends can lead you to today",NO_SPAM
"Natalja (25/F) is inviting you to be her friend. Reply YES-440 or NO-440 See her: www.SMS.ac/u/nat27081980 STOP? Send STOP FRND to 62468",SPAM
"Where to get those?",NO_SPAM
"Kind of. Just missed train cos of asthma attack, nxt one in half hr so driving in. not sure where to park.",NO_SPAM
"Ball is moving a lot.will spin in last :)so very difficult to bat:)",NO_SPAM
"Haiyoh... Maybe your hamster was jealous of million",NO_SPAM
"Can you please send me my aunty's number",NO_SPAM
"I'm glad. You are following your dreams.",NO_SPAM
"I've reached home finally...",NO_SPAM
"URGENT. Important information for 02 user. Today is your lucky day! 2 find out why , log onto http://www.urawinner.com there is a fantastic surprise awaiting you !",SPAM
"WINNER!! As a valued network customer you have been selected to receivea £900 prize reward! To claim call 09061701461. Claim code KL341. Valid 12 hours only.",SPAM
"Wn u r hurt by d prsn who s close 2 u, do fight wit dem. Coz somtimes dis fight saves a relation bt being quiet leaves nothin in a relation.. Gud eveB-)",NO_SPAM
"U can call now...",NO_SPAM
"Science tells that chocolate will melt under the sunlight. Please don't walk under the sunlight. BCoz,I don't want to loss a sweet friend.",NO_SPAM
"Yes. I come to nyc for audiitions and am trying to relocate.",NO_SPAM
"I pocked you up there before",NO_SPAM
"Congrats. That's great. I wanted to tell you not to tell me your score cos it might make me relax. But its motivating me so thanks for sharing",NO_SPAM
"I wud never mind if u dont miss me or if u dont need me.. But u wil really hurt me wen u need me &amp; u dont tell me......... Take care:-)",NO_SPAM
"Hey mr whats the name of that bill brison book the one about language and words ",NO_SPAM
"Okay, good, no problem, and thanx!",NO_SPAM
"For you information, IKEA is spelled with all caps. That is not yelling. when you thought i had left you, you were sitting on the bed among the mess when i came in. i said we were going after you got home from class. please don't try and bullshit me. It makes me want to listen to you less.",NO_SPAM
"Call me when u're done...",NO_SPAM
"G.W.R",NO_SPAM
"You best watch what you say cause I get drunk as a motherfucker",NO_SPAM
"Kit Strip - you have been billed 150p. Netcollex Ltd. PO Box 1013 IG11 OJA",SPAM
"HMV BONUS SPECIAL 500 pounds of genuine HMV vouchers to be won. Just answer 4 easy questions. Play Now! Send HMV to 86688 More info:www.100percent-real.com",SPAM
"Please CALL 08712402578 immediately as there is an urgent message waiting for you",SPAM
"thesmszone.com lets you send free anonymous and masked messages..im sending this message from there..do you see the potential for abuse???",SPAM
"WELL DONE! Your 4* Costa Del Sol Holiday or £5000 await collection. Call 09050090044 Now toClaim. SAE, TCs, POBox334, Stockport, SK38xh, Cost£1.50/pm, Max10mins",SPAM
"Hurt me... Tease me... Make me cry... But in the end of my life when i die plz keep one rose on my grave and say STUPID I MISS U.. HAVE A NICE DAY BSLVYL",NO_SPAM
"Erm... Woodland avenue somewhere. Do you get the parish magazine, his telephone number will be in there.",NO_SPAM
"Are there TA jobs available? Let me know please cos i really need to start working",NO_SPAM
"Aiyar hard 2 type. U later free then tell me then i call n scold n tell u.",NO_SPAM
"Yup i'm free...",NO_SPAM
"Good good, billy mates all gone. Just been jogging, again! Did enjoy concert?",NO_SPAM
"Yo come over carlos will be here soon",NO_SPAM
"Awww dat is sweet! We can think of something to do he he! Have a nice time tonight ill probably txt u later cos im lonely :( xxx.",NO_SPAM
"I guess it is useless calling u 4 something important.",NO_SPAM
"Ha ha - had popped down to the loo when you hello-ed me. Hello!",NO_SPAM
"He dint tell anything. He is angry on me that why you told to abi.",NO_SPAM
"Someone U know has asked our dating service 2 contact you! Cant Guess who? CALL 09058091854 NOW all will be revealed. PO BOX385 M6 6WU",SPAM
"It so happens that there r 2waxsto do wat you want. She can come and ill get her medical insurance. And she'll be able to deliver and have basic care. I'm currently shopping for the right medical insurance for her. So just give me til friday morning. Thats when i.ll see the major person that can guide me to the right insurance.",NO_SPAM
"I keep ten rs in my shelf:) buy two egg.",NO_SPAM
"I wasn't well babe, i have swollen glands at my throat ... What did you end up doing ?",NO_SPAM
"Is ur changes 2 da report big? Cos i've already made changes 2 da previous report.",NO_SPAM
"Captain is in our room:)",NO_SPAM
"I can't speak, bcaz mobile have problem. I can listen you but you cann't listen my voice. So i calls you later.",NO_SPAM
"HIYA STU WOT U UP 2.IM IN SO MUCH TRUBLE AT HOME AT MOMENT EVONE HATES ME EVEN U! WOT THE HELL AV I DONE NOW? Y WONT U JUST TELL ME TEXT BCK PLEASE LUV DAN ",NO_SPAM
"S...i will take mokka players only:)",NO_SPAM
"Are you still playing with gautham?",NO_SPAM
"Hey mr  and I are going to the sea view and having a couple of gays I mean games! Give me a bell when ya finish ",NO_SPAM
"K, jason says he's gonna be around so I'll be up there around  &lt;#&gt;",NO_SPAM
"Sorry . I will be able to get to you. See you in the morning.",NO_SPAM
"Aight well keep me informed",NO_SPAM
"I am not having her number sir",NO_SPAM
"Am only searching for good dual sim mobile pa.",NO_SPAM
"That seems unnecessarily hostile",NO_SPAM
"Dude got a haircut. Now its breezy up there",NO_SPAM
"Congrats! 2 mobile 3G Videophones R yours. call 09061744553 now! videochat wid ur mates, play java games, Dload polyH music, noline rentl. bx420. ip4. 5we. 150pm",SPAM
"1Apple/Day=No Doctor. 1Tulsi Leaf/Day=No Cancer. 1Lemon/Day=No Fat. 1Cup Milk/day=No Bone Problms 3 Litres Watr/Day=No Diseases Snd ths 2 Whom U Care..:-)",NO_SPAM
"i thought we were doing a king of the hill thing there.",NO_SPAM
"Nope i'll come online now..",NO_SPAM
"ALSO TELL HIM I SAID HAPPY BIRTHDAY",NO_SPAM
"Y bishan lei... I tot ü say lavender? ",NO_SPAM
"Boo what time u get out? U were supposed to take me shopping today. :(",NO_SPAM
"Now u sound like manky scouse boy steve,like! I is travelling on da bus home.wot has u inmind 4 recreation dis eve?",NO_SPAM
"Fyi I'm taking a quick shower, be at epsilon in like  &lt;#&gt;  min",NO_SPAM
"on a Tuesday night r u 4 real",NO_SPAM
"Yes when is the appt again?",NO_SPAM
"Just got outta class gonna go gym.",NO_SPAM
"I want to sent  &lt;#&gt; mesages today. Thats y. Sorry if i hurts",NO_SPAM
"Ü all write or wat..",NO_SPAM
"Ha! I wouldn't say that I just didn't read anything into way u seemed. I don't like 2 be judgemental....i save that for fridays in the pub!",NO_SPAM
"Its a valentine game. . . send dis msg to all ur friends. . If 5 answers r d same then someone really loves u. . Ques- which colour suits me the best?",NO_SPAM
"Hi:)did you asked to waheeda fathima about leave?",NO_SPAM
"Enjoy urself tmr...",NO_SPAM
"You still around? I could use a half-8th",NO_SPAM
"U 447801259231 have a secret admirer who is looking 2 make contact with U-find out who they R*reveal who thinks UR so special-call on 09058094597",SPAM
"You give us back my id proof and  &lt;#&gt;  rs. We wont allow you to work. We will come to your home within days",NO_SPAM
"Ü bot notes oredi... Cos i juz rem i got...",NO_SPAM
"Yes. Rent is very expensive so its the way we save.",NO_SPAM
"Night has ended for another day, morning has come in a special way. May you smile like the sunny rays and leaves your worries at the blue blue bay. Gud mrng",NO_SPAM
"Hows the pain dear?y r u smiling?",NO_SPAM
"Fun fact: although you would think armand would eventually build up a tolerance or some shit considering how much he smokes, he gets fucked up in like 2 hits",NO_SPAM
"important information 4 orange user 0789xxxxxxx. today is your lucky day!2find out why log onto http://www.urawinner.com THERE'S A FANTASTIC SURPRISE AWAITING YOU!",SPAM
"Sorry, I can't help you on this.",NO_SPAM
"Great. So should i send you my account number.",NO_SPAM
"HELLOGORGEOUS, HOWS U? MY FONE WAS ON CHARGE LST NITW WEN U TEXD ME. HOPEU AD A NICE WKEND AS IM SURE U DID LOOKIN 4WARD 2 C-IN U 2MRW LUV JAZ",NO_SPAM
"Our dating service has been asked 2 contact U by someone shy! CALL 09058091870 NOW all will be revealed. POBox84, M26 3UZ 150p",SPAM
"Ü only send me the contents page...",NO_SPAM
"Night sweet, sleep well! I've just been to see The Exorcism of Emily Rose and may never sleep again! Hugs and snogs! ",NO_SPAM
"Don't Think About "What u Have Got" Think About "How to Use It That You Have Got" gooD ni8",NO_SPAM
"I can't right this second, gotta hit people up first",NO_SPAM
"Evry Emotion dsn't hav Words.Evry Wish dsn't hav Prayrs.. If u Smile,D World is wit u.Othrwise even d Drop of Tear dsn't lik 2 Stay wit u.So b happy.. Good morning, keep smiling:-)",NO_SPAM
"So what about you. What do you remember",NO_SPAM
"Ujhhhhhhh computer shipped out with address to sandiago and parantella lane. Wtf. Poop.",NO_SPAM
"Mm yes dear look how i am hugging you both. :-P",NO_SPAM
"I like dis sweater fr mango but no more my size already so irritating.",NO_SPAM
"1 I don't have her number and 2 its gonna be a massive pain in the ass and i'd rather not get involved if that's possible",NO_SPAM
"Anytime lor...",NO_SPAM
"Do you want a new Video handset? 750 any time any network mins? UNLIMITED TEXT? Camcorder? Reply or Call now 08000930705 for del Sat AM",SPAM
"Purity of friendship between two is not about smiling after reading the forwarded message..Its about smiling just by seeing the name. Gud evng",NO_SPAM
"Ur balance is now £600. Next question: Complete the landmark, Big, A. Bob, B. Barry or C. Ben ?. Text A, B or C to 83738. Good luck!",SPAM
"Me fine..absolutly fine",NO_SPAM
"K and you're sure I don't have to have consent forms to do it :V",NO_SPAM
"Ur TONEXS subscription has been renewed and you have been charged £4.50. You can choose 10 more polys this month. www.clubzed.co.uk *BILLING MSG*",SPAM
"If you don't, your prize will go to another customer. T&C at www.t-c.biz 18+ 150p/min Polo Ltd Suite 373 London W1J 6HL Please call back if busy",SPAM
"How much is torch in 9ja.",NO_SPAM
"Doing nothing, then u not having dinner w us?",NO_SPAM
"How are you. Just checking up on you",NO_SPAM
"Done it but internet connection v slow and can‘t send it. Will try again later or first thing tomo.",NO_SPAM
"Mathews or tait or edwards or anderson",NO_SPAM
"yeah sure thing mate haunt got all my stuff sorted but im going sound anyway promoting hex for .by the way who is this? dont know number. Joke",NO_SPAM
"No need lar i go engin? Cos my sis at arts today...",NO_SPAM
"Thanks honey but still haven't heard anything I will leave it a bit longer so not 2 crowd him and will try later - great advice thanks hope cardiff is still there!",NO_SPAM
"Do you want a New Nokia 3510i Colour Phone Delivered Tomorrow? With 200 FREE minutes to any mobile + 100 FREE text + FREE camcorder Reply or Call 8000930705",SPAM
", im .. On the snowboarding trip. I was wondering if your planning to get everyone together befor we go..a meet and greet kind of affair? Cheers, ",NO_SPAM
"S.i'm watching it in live..",NO_SPAM
"see you then, we're all christmassy here!",NO_SPAM
"K I'm ready,  &lt;#&gt; ?",NO_SPAM
"Do you know why god created gap between your fingers..? So that, One who is made for you comes &amp; fills those gaps by holding your hand with LOVE..!",NO_SPAM
"The greatest test of courage on earth is to bear defeat without losing heart....gn tc",NO_SPAM
"what are your new years plans?",NO_SPAM
"RECPT 1/3. You have ordered a Ringtone. Your order is being processed...",SPAM
"Baaaaaaaabe! Wake up ! I miss you ! I crave you! I need you!",NO_SPAM
"Only just got this message, not ignoring you. Yes, i was. Shopping that is",NO_SPAM
"Dear :-/ why you mood off. I cant drive so i brother to drive",NO_SPAM
"When did dad get back.",NO_SPAM
"Can you tell Shola to please go to college of medicine and visit the academic department, tell the academic secretary what the current situation is and ask if she can transfer there. She should ask someone to check Sagamu for the same thing and lautech. Its vital she completes her medical education in Nigeria. Its less expensive much less expensive. Unless she will be getting citizen rates in new zealand.",NO_SPAM
"Yes just finished watching days of our lives. I love it.",NO_SPAM
"Juz go google n search 4 qet...",NO_SPAM
"Many times we lose our best ones bcoz we are ",NO_SPAM
"Good FRIENDS CaRE for each Other.. CLoSE Friends UNDERSTaND each Other... and TRUE Friends STaY forever beyond words, beyond time. Gud ni8",NO_SPAM
"Just getting back home",NO_SPAM
"Sorry, I'll call later  &lt;#&gt; mins",NO_SPAM
"Dun need to use dial up juz open da browser n surf...",NO_SPAM
"As one of our registered subscribers u can enter the draw 4 a 100 G.B. gift voucher by replying with ENTER. To unsubscribe text STOP",SPAM
"Awesome, plan to get here any time after like  &lt;#&gt; , I'll text you details in a wee bit",NO_SPAM
"Take care and sleep well.you need to learn to change in life.you only need to get CONVINCED on that.i will wait but no more conversations between us.GET CONVINCED by that time.Your family is over for you in many senses.respect them but not overemphasise.or u have no role in my life.",NO_SPAM
"For your chance to WIN a FREE Bluetooth Headset then simply reply back with "ADP"",SPAM
"You also didnt get na hi hi hi hi hi",NO_SPAM
"Ya but it cant display internal subs so i gotta extract them",NO_SPAM
"If i said anything wrong sorry de:-)",NO_SPAM
"Sad story of a Man - Last week was my b'day. My Wife did'nt wish me. My Parents forgot n so did my Kids . I went to work. Even my Colleagues did not wish.",NO_SPAM
"How stupid to say that i challenge god.You dont think at all on what i write instead you respond immed.",NO_SPAM
"Yeah I should be able to, I'll text you when I'm ready to meet up",NO_SPAM
"V skint too but fancied few bevies.waz gona go meet &othrs in spoon but jst bin watchng planet earth&sofa is v comfey; If i dont make it hav gd night",NO_SPAM
"says that he's quitting at least5times a day so i wudn't take much notice of that. Nah, she didn't mind. Are you gonna see him again? Do you want to come to taunton tonight? U can tell me all about !",NO_SPAM
"When you get free, call me",NO_SPAM
"How have your little darlings been so far this week? Need a coffee run tomo?Can't believe it's that time of week already …",NO_SPAM
"Ok i msg u b4 i leave my house.",NO_SPAM
"Still at west coast... Haiz... Ü'll take forever to come back...",NO_SPAM
"MMM ... Fuck .... Merry Christmas to me",NO_SPAM
"alright. Thanks for the advice. Enjoy your night out. I'ma try to get some sleep...",NO_SPAM
"Update your face book status frequently :)",NO_SPAM
"Just now saw your message.it k da:)",NO_SPAM
"Was it something u ate?",NO_SPAM
"So what did the bank say about the money?",NO_SPAM
"Aiyar dun disturb u liao... Thk u have lots 2 do aft ur cupboard come...",NO_SPAM
"Hey they r not watching movie tonight so i'll prob b home early...",NO_SPAM
"Yar lor... How u noe? U used dat route too?",NO_SPAM
"2mro i am not coming to gym machan. Goodnight.",NO_SPAM
"Dont think you need yellow card for uk travel. Ask someone that has gone before. If you do its just  &lt;#&gt; bucks",NO_SPAM
"Can u look 4 me in da lib i got stuff havent finish yet.",NO_SPAM
"Sounds great! Im going to sleep now. Have a good night!",NO_SPAM
"Don't b floppy... b snappy & happy! Only gay chat service with photo upload call 08718730666 (10p/min). 2 stop our texts call 08712460324",SPAM
"House-Maid is the murderer, coz the man was murdered on  &lt;#&gt; th January.. As public holiday all govt.instituitions are closed,including post office..understand?",NO_SPAM
"How come u got nothing to do?",NO_SPAM
"Nothing will ever be easy. But don't be looking for a reason not to take a risk on life and love",NO_SPAM
"i want to grasp your pretty booty :)",NO_SPAM
"I've got it down to a tea. not sure which flavour",NO_SPAM
"I'm going 2 orchard now laready me reaching soon. U reaching?",NO_SPAM
"Dear i am not denying your words please",NO_SPAM
"You know my old Dom I told you about yesterday ? His name is Roger? He got in touch with me last night and wants me to meet him today at 2 pm",NO_SPAM
"COME BACK TO TAMPA FFFFUUUUUUU",NO_SPAM
"2 celebrate my bday, y else?",NO_SPAM
"Merry christmas to u too annie!",NO_SPAM
"Please tell me you have some of that special stock you were talking about",NO_SPAM
"I sent them. Do you like?",NO_SPAM
"Urgent UR awarded a complimentary trip to EuroDisinc Trav, Aco&Entry41 Or £1000. To claim txt DIS to 87121 18+6*£1.50(moreFrmMob. ShrAcomOrSglSuplt)10, LS1 3AJ",SPAM
"Awesome, be there in a minute",NO_SPAM
"And that is the problem. You walk around in "julianaland" oblivious to what is going on around you. I say the same things constantly and they go in one ear and out the other while you go off doing whatever you want to do. It's not that you don't know why I'm upset--it's that you don't listen when i tell you WHAT is going to upset me. Then you want to be surprised when I'm mad.",NO_SPAM
"I've told you everything will stop. Just dont let her get dehydrated.",NO_SPAM
"Or I guess  &lt;#&gt;  min",NO_SPAM
"I'm home. Ard wat time will u reach?",NO_SPAM
"Storming msg: Wen u lift d phne, u say "HELLO" Do u knw wt is d real meaning of HELLO?? . . . It's d name of a girl..! . . . Yes.. And u knw who is dat girl?? "Margaret Hello" She is d girlfrnd f Grahmbell who invnted telphone... . . . . Moral:One can 4get d name of a person, bt not his girlfrnd... G o o d n i g h t . . .@",NO_SPAM
"If you want to mapquest it or something look up "usf dogwood drive", that's the tiny street where the parking lot is",NO_SPAM
"Aight should I just plan to come up later tonight?",NO_SPAM
"Die... I accidentally deleted e msg i suppose 2 put in e sim archive. Haiz... I so sad...",NO_SPAM
"Welcome to UK-mobile-date this msg is FREE giving you free calling to 08719839835. Future mgs billed at 150p daily. To cancel send "go stop" to 89123",SPAM
"This is wishing you a great day. Moji told me about your offer and as always i was speechless. You offer so easily to go to great lengths on my behalf and its stunning. My exam is next friday. After that i will keep in touch more. Sorry.",NO_SPAM
"Thanks again for your reply today. When is ur visa coming in. And r u still buying the gucci and bags. My sister things are not easy, uncle john also has his own bills so i really need to think about how to make my own money. Later sha.",NO_SPAM
"Sorry I flaked last night, shit's seriously goin down with my roommate, what you up to tonight?",NO_SPAM
"He said i look pretty wif long hair wat. But i thk he's cutting quite short 4 me leh.",NO_SPAM
"Ranjith cal drpd Deeraj and deepak 5min hold",NO_SPAM
""CHEERS FOR CALLIN BABE.SOZI CULDNT TALKBUT I WANNATELL U DETAILS LATER WENWECAN CHAT PROPERLY X"",NO_SPAM
"Hey u still at the gym?",NO_SPAM
"She said,'' do u mind if I go into the bedroom for a minute ? '' ''OK'', I sed in a sexy mood. She came out 5 minuts latr wid a cake...n My Wife,",NO_SPAM
"Much better now thanks lol",NO_SPAM
"Nothing, smsing u n xy lor. Sorry lor da guys neva c u in person but they sort of know u lor. So u wan 2 meet them xy ask me 2 bring u along 4 our next meeting.",NO_SPAM
"Lemme know when I can swing by and pick up, I'm free basically any time after 1 all this semester",NO_SPAM
"Wa... U so efficient... Gee... Thanx...",NO_SPAM
"3. You have received your mobile content. Enjoy",SPAM
"S but not able to sleep.",NO_SPAM
"Want explicit SEX in 30 secs? Ring 02073162414 now! Costs 20p/min",SPAM
"We will meet soon princess! Ttyl!",NO_SPAM
"I'll pick you up at about 5.15pm to go to taunton if you still want to come.",NO_SPAM
"Oh :-)only 4 outside players allowed to play know",NO_SPAM
"I anything lor.",NO_SPAM
"Erutupalam thandiyachu",NO_SPAM
"Y cant u try new invention to fly..i'm not joking.,",NO_SPAM
"No..its ful of song lyrics..",NO_SPAM
"What do u reckon as need 2 arrange transport if u can't do it, thanks",NO_SPAM
"True lov n care wil nevr go unrecognized. though somone often makes mistakes when valuing it. but they will definitly undrstnd once when they start missing it.",NO_SPAM
"Shopping? Eh ger i toking abt syd leh...Haha",NO_SPAM
"What not under standing.",NO_SPAM
"have * good weekend.",NO_SPAM
"Miss call miss call khelate kintu opponenter miss call dhorte lage. Thats d rule. One with great phone receiving quality wins.",NO_SPAM
"Call me when you get the chance plz &lt;3",NO_SPAM
"The new deus ex game comin early next yr",NO_SPAM
"My computer just fried the only essential part we don't keep spares of because my fucking idiot roommates looovvve leaving the thing running on full  &lt;#&gt; /7",NO_SPAM
"My friend, she's studying at warwick, we've planned to go shopping and to concert tmw, but it may be canceled, havn't seen  for ages, yeah we should get together sometime!",NO_SPAM
"Probably a couple hours tops",NO_SPAM
"LOL .. *grins* .. I'm not babe, but thanks for thinking of me!",NO_SPAM
"Man this bus is so so so slow. I think you're gonna get there before me",NO_SPAM
"Hope this text meets you smiling. If not then let this text give you a reason to smile. Have a beautiful day.",NO_SPAM
"In case you wake up wondering where I am, I forgot I have to take care of something for grandma today, should be done before the parade",NO_SPAM
"Ok",NO_SPAM
"Latest Nokia Mobile or iPOD MP3 Player +£400 proze GUARANTEED! Reply with: WIN to 83355 now! Norcorp Ltd.£1,50/Mtmsgrcvd18+",SPAM
"SMS SERVICES. for your inclusive text credits, pls goto www.comuk.net login= 3qxj9 unsubscribe with STOP, no extra charge. help 08702840625.COMUK. 220-CM2 9AE",SPAM
"Nvm take ur time.",NO_SPAM
"So wat's da decision?",NO_SPAM
"Wot is u up 2 then bitch?",NO_SPAM
"Stupid.its not possible",NO_SPAM
"She told to hr that he want posting in chennai:)because i'm working here:)",NO_SPAM
"Mobile Club: Choose any of the top quality items for your mobile. 7cfca1a",SPAM
"When are you guys leaving?",NO_SPAM
"He neva grumble but i sad lor... Hee... Buy tmr lor aft lunch. But we still meetin 4 lunch tmr a not. Neva hear fr them lei. Ü got a lot of work ar?",NO_SPAM
"Not able to do anything.",NO_SPAM
"Ü takin linear algebra today?",NO_SPAM
"This weekend is fine (an excuse not to do too much decorating)",NO_SPAM
"Sorry I missed you babe. I was up late and slept in. I hope you enjoy your driving lesson, boytoy. I miss you too ... *teasing kiss*",NO_SPAM
"Now project pa. After that only i can come.",NO_SPAM
"Money i have won wining number 946 wot do i do next",SPAM
"Sure, whenever you show the fuck up &gt;:(",NO_SPAM
"That was random saw my old roomate on campus. He graduated",NO_SPAM
"Congrats! 2 mobile 3G Videophones R yours. call 09061744553 now! videochat wid ur mates, play java games, Dload polyH music, noline rentl. bx420. ip4. 5we. 150pm",SPAM
"Men always needs a beautiful, intelligent, caring, loving, adjustable, cooperative wife. But the law allows only one wife....",NO_SPAM
"That sucks. So what do you got planned for your yo valentine? I am your yo valentine aren't I?",NO_SPAM
"Just got part Nottingham - 3 hrs 63miles. Good thing i love my man so much, but only doing 40mph. Hey ho",NO_SPAM
"What to think no one saying clearly. Ok leave no need to ask her. I will go if she come or not",NO_SPAM
"Hi good mornin.. Thanku wish u d same..",NO_SPAM
"DO U WANT 2 MEET UP 2MORRO",NO_SPAM
"Actually I decided I was too hungry so I haven't left yet :V",NO_SPAM
"I've sent ü my part..",NO_SPAM
"Cos i was out shopping wif darren jus now n i called him 2 ask wat present he wan lor. Then he started guessing who i was wif n he finally guessed darren lor.",NO_SPAM
"I want some cock! My hubby's away, I need a real man 2 satisfy me. Txt WIFE to 89938 for no strings action. (Txt STOP 2 end, txt rec £1.50ea. OTBox 731 LA1 7WS. )",SPAM
"Understand. his loss is my gain :) so do you work? School?",NO_SPAM
"HOW ARE U? I HAVE MISSED U! I HAVENT BEEN UP 2 MUCH A BIT BORED WITH THE HOLIDAY WANT 2 GO BAK 2 COLLEGE! SAD ISNT IT?xx",NO_SPAM
"Hiya, probably coming home * weekend after next",NO_SPAM
"Don't forget though that I love you .... And I walk beside you. Watching over you and keeping your heart warm.",NO_SPAM
"I wish things were different. I wonder when i will be able to show you how much i value you. Pls continue the brisk walks no drugs without askin me please and find things to laugh about. I love you dearly.",NO_SPAM
"Ok both our days. So what are you making for dinner tonite? Am I invited?",NO_SPAM
"Gr8 new service - live sex video chat on your mob - see the sexiest dirtiest girls live on ur phone - 4 details text horny to 89070 to cancel send STOP to 89070",SPAM
"I have no money 4 steve mate! !",NO_SPAM
"IM LATE TELLMISS IM ON MY WAY",NO_SPAM
"Never blame a day in ur life. Good days give u happiness. Bad days give u experience. Both are essential in life! All are Gods blessings! good morning.:",NO_SPAM
"Normally i use to drink more water daily:)",NO_SPAM
"Dare i ask... Any luck with sorting out the car?",NO_SPAM
"Party's at my place at usf, no charge (but if you can contribute in any way it is greatly appreciated) and yeah, we got room for one more",NO_SPAM
"Urgh, coach hot, smells of chip fat! Thanks again, especially for the duvet (not a predictive text word).",NO_SPAM
"Hiya. How was last night? I've been naughty and bought myself clothes and very little ... Ready for more shopping tho! What kind of time do you wanna meet?",NO_SPAM
"FreeMsg Hi baby wow just got a new cam moby. Wanna C a hot pic? or Fancy a chat?Im w8in 4uTxt / rply CHAT to 82242 Hlp 08712317606 Msg150p 2rcv",SPAM
"I've been trying to reach him without success",NO_SPAM
"when you and derek done with class?",NO_SPAM
"Never y lei... I v lazy... Got wat? Dat day ü send me da url cant work one...",NO_SPAM
"Never try alone to take the weight of a tear that comes out of ur heart and falls through ur eyes... Always remember a STUPID FRIEND is here to share... BSLVYL",NO_SPAM
"Hey mate. Spoke to the mag people. We‘re on.  the is deliver by the end of the month. Deliver on the 24th sept. Talk later. ",NO_SPAM
"Hope you are having a good week. Just checking in",NO_SPAM
"Haha, my friend tyler literally just asked if you could get him a dubsack",NO_SPAM
""Hey! do u fancy meetin me at 4 at cha  hav a lil beverage on me. if not txt or ring me and we can meet up l8r. quite tired got in at 3 v.pist ;) love Pete x x x"",NO_SPAM
"Great. Have a safe trip. Dont panic surrender all.",NO_SPAM
""SYMPTOMS" when U are in love: "1.U like listening songs 2.U get stopped where u see the name of your beloved 3.U won't get angry when your",NO_SPAM
"Sun ah... Thk mayb can if dun have anythin on... Thk have to book e lesson... E pilates is at orchard mrt u noe hor...  ",NO_SPAM
"Try to do something dear. You read something for exams",NO_SPAM
"7 wonders in My WORLD 7th You 6th Ur style 5th Ur smile 4th Ur Personality 3rd Ur Nature 2nd Ur SMS and 1st "Ur Lovely Friendship"... good morning dear",NO_SPAM
"Gettin rdy to ship comp",NO_SPAM
"I am in hospital da. . I will return home in evening",NO_SPAM
"PISS IS TALKING IS SOMEONE THAT REALISE U THAT POINT THIS AT IS IT.(NOW READ IT BACKWARDS)",NO_SPAM
"Think + da. You wil do.",NO_SPAM
"I'm awake oh. What's up.",NO_SPAM
"Good afternoon my boytoy. How goes that walking here and there day ? Did you get that police abstract? Are you still out and about? I wake and miss you babe",NO_SPAM
"How much u trying to get?",NO_SPAM
"Come around  &lt;DECIMAL&gt; pm vikky..i'm otside nw, il come by tht time",NO_SPAM
"Tell me again what your address is",NO_SPAM
"Honeybee Said: *I'm d Sweetest in d World* God Laughed &amp; Said: *Wait,U Havnt Met d Person Reading This Msg* MORAL: Even GOD Can Crack Jokes! GM+GN+GE+GN:)",NO_SPAM
"Should i buy him a blackberry bold 2 or torch. Should i buy him new or used. Let me know. Plus are you saying i should buy the  &lt;#&gt; g wifi ipad. And what are you saying about the about the  &lt;#&gt; g?",NO_SPAM
"But you were together so you should be thinkin about him",NO_SPAM
"hiya hows it going in sunny africa? hope u r avin a good time. give that big old silver back a big kiss from me.",NO_SPAM
"At WHAT TIME should i come tomorrow",NO_SPAM
"Wanna have a laugh? Try CHIT-CHAT on your mobile now! Logon by txting the word: CHAT and send it to No: 8883 CM PO Box 4217 London W1A 6ZF 16+ 118p/msg rcvd",SPAM
""CHA QUITEAMUZING THATSCOOL BABE,PROBPOP IN & CU SATTHEN HUNNY 4BREKKIE! LOVE JEN XXX. PSXTRA LRG PORTIONS 4 ME PLEASE "",NO_SPAM
"Omg how did u know what I ate?",NO_SPAM
""URGENT! This is the 2nd attempt to contact U!U have WON £1000CALL 09071512432 b4 300603t&csBCM4235WC1N3XX.callcost150ppmmobilesvary. max£7. 50"",SPAM
":( but your not here....",NO_SPAM
"Not directly behind... Abt 4 rows behind ü...",NO_SPAM
"Congratulations ur awarded 500 of CD vouchers or 125gift guaranteed & Free entry 2 100 wkly draw txt MUSIC to 87066",SPAM
"Had your contract mobile 11 Mnths? Latest Motorola, Nokia etc. all FREE! Double Mins & Text on Orange tariffs. TEXT YES for callback, no to remove from records",SPAM
"Urgent! call 09066350750 from your landline. Your complimentary 4* Ibiza Holiday or 10,000 cash await collection SAE T&Cs PO BOX 434 SK3 8WP 150 ppm 18+",SPAM
"No plans yet. What are you doing ?",NO_SPAM
"Hi ....My engagement has been fixd on  &lt;#&gt; th of next month. I know its really shocking bt....hmm njan vilikkam....t ws al of a sudn;-(.",NO_SPAM
"Not course. Only maths one day one chapter with in one month we can finish.",NO_SPAM
"Wow didn't think it was that common. I take it all back ur not a freak! Unless u chop it off:-)",NO_SPAM
"For ur chance to win a £250 wkly shopping spree TXT: SHOP to 80878. T's&C's www.txt-2-shop.com custcare 08715705022, 1x150p/wk",SPAM
"Noooooooo please. Last thing I need is stress. For once in your life be fair.",NO_SPAM
"U have a Secret Admirer who is looking 2 make contact with U-find out who they R*reveal who thinks UR so special-call on 09065171142-stopsms-08718727870150ppm",SPAM
"Mila, age23, blonde, new in UK. I look sex with UK guys. if u like fun with me. Text MTALK to 69866.18 . 30pp/txt 1st 5free. £1.50 increments. Help08718728876",SPAM
"I'll see if I can swing by in a bit, got some things to take care of here firsg",NO_SPAM
"I wanted to wish you a Happy New Year and I wanted to talk to you about some legal advice to do with when Gary and I split but in person. I'll make a trip to Ptbo for that. I hope everything is good with you babe and I love ya :)",NO_SPAM
"Have you not finished work yet or something?",NO_SPAM
"Tomorrow i am not going to theatre. . . So i can come wherever u call me. . . Tell me where and when to come tomorrow",NO_SPAM
"Well done ENGLAND! Get the official poly ringtone or colour flag on yer mobile! text TONE or FLAG to 84199 NOW! Opt-out txt ENG STOP. Box39822 W111WX £1.50",SPAM
"Right it wasnt you who phoned it was someone with a number like yours!",NO_SPAM
"It's ok i wun b angry. Msg u aft i come home tonight.",NO_SPAM
"I had a good time too. Its nice to do something a bit different with my weekends for a change. See ya soon",NO_SPAM
"Yo sorry was in the shower sup",NO_SPAM
"Carlos is down but I have to pick it up from him, so I'll swing by usf in a little bit",NO_SPAM
"Full heat pa:-) i have applyed oil pa.",NO_SPAM
"I'm stuck in da middle of da row on da right hand side of da lt... ",NO_SPAM
"Have you laid your airtel line to rest?",NO_SPAM
"Hi did u decide wot 2 get 4 his bday if not ill prob jus get him a voucher frm virgin or sumfing ",NO_SPAM
"FreeMsg: Txt: CALL to No: 86888 & claim your reward of 3 hours talk time to use from your phone now! Subscribe6GBP/mnth inc 3hrs 16 stop?txtStop",SPAM
""Hey j! r u feeling any better, hopeSo hunny. i amnow feelin ill & ithink i may have tonsolitusaswell! damn iam layin in bedreal bored. lotsof luv me xxxx"",NO_SPAM
"And I don't plan on staying the night but I prolly won't be back til late",NO_SPAM
"THANX 4 PUTTIN DA FONE DOWN ON ME!!",NO_SPAM
"I need an 8th but I'm off campus atm, could I pick up in an hour or two?",NO_SPAM
"Oh... Haha... Den we shld had went today too... Gee, nvm la... Kaiez, i dun mind goin jazz oso... Scared hiphop open cant catch up... ",NO_SPAM
"Been running but only managed 5 minutes and then needed oxygen! Might have to resort to the roller option!",NO_SPAM
"We live in the next  &lt;#&gt; mins",NO_SPAM
"Y de asking like this.",NO_SPAM
"Just glad to be talking to you.",NO_SPAM
"Wat time ü finish?",NO_SPAM
"Sorry da. I gone mad so many pending works what to do.",NO_SPAM
"How much you got for cleaning",NO_SPAM
"hows my favourite person today? r u workin hard? couldn't sleep again last nite nearly rang u at 4.30",NO_SPAM
"Sunshine Quiz! Win a super Sony DVD recorder if you canname the capital of Australia? Text MQUIZ to 82277. B",SPAM
"Ü called dad oredi...",NO_SPAM
"Good. do you think you could send me some pix? I would love to see your top and bottom...",NO_SPAM
"Nvm... I'm going to wear my sport shoes anyway... I'm going to be late leh.",NO_SPAM
"Sorry, I'll call later In meeting.",NO_SPAM
"THIS IS A LONG FUCKIN SHOWR",NO_SPAM
"Received, understood n acted upon!",NO_SPAM
"They finally came to fix the ceiling.",NO_SPAM
"U need my presnts always bcz U cant mis love. "jeevithathile irulinae neekunna prakasamanu sneham" prakasam ennal prabha 'That mns prabha is'LOVE' Got it. Dont mis me....",NO_SPAM
"Jus finish blowing my hair. U finish dinner already?",NO_SPAM
"I'm on the bus. Love you",NO_SPAM
"Lol ... I knew that .... I saw him in the dollar store",NO_SPAM
"Please call our customer service representative on 0800 169 6031 between 10am-9pm as you have WON a guaranteed £1000 cash or £5000 prize!",SPAM
"Todays Voda numbers ending with 7634 are selected to receive a £350 reward. If you have a match please call 08712300220 quoting claim code 7684 standard rates apply.",SPAM
"Only saturday and sunday holiday so its very difficult:)",NO_SPAM
"Everybody had fun this evening. Miss you.",NO_SPAM
"Got hella gas money, want to go on a grand nature adventure with galileo in a little bit?",NO_SPAM
"I'm in a meeting, call me later at",NO_SPAM
"Oh wow thats gay. Will firmware update help",NO_SPAM
"These won't do. Have to move on to morphine",NO_SPAM
"How come i din c ü... Yup i cut my hair...",NO_SPAM
"K k pa Had your lunch aha.",NO_SPAM
"Oh ho. Is this the first time u use these type of words",NO_SPAM
"Captain vijaykanth is doing comedy in captain tv..he is drunken :)",NO_SPAM
"Of course. I guess god's just got me on hold right now.",NO_SPAM
"Do you hide anythiing or keeping distance from me",NO_SPAM
"Havent.",NO_SPAM
"You are being ripped off! Get your mobile content from www.clubmoby.com call 08717509990 poly/true/Pix/Ringtones/Games six downloads for only 3",SPAM
"Sorry i din lock my keypad.",NO_SPAM
"Did u got that persons story",NO_SPAM
"Are you planning to come chennai?",NO_SPAM
"We tried to contact you re your reply to our offer of a Video Phone 750 anytime any network mins Half Price Line Rental Camcorder Reply or call 08000930705",SPAM
"God created gap btwn ur fingers so dat sum1 vry special will fill those gaps by holding ur hands.. Now plz dont ask y he created so much gap between legs !!!",NO_SPAM
"We are okay. Going to sleep now. Later",NO_SPAM
"Please protect yourself from e-threats. SIB never asks for sensitive information like Passwords,ATM/SMS PIN thru email. Never share your password with anybody.",NO_SPAM
"Finally it has happened..! Aftr decades..! BEER is now cheaper than PETROL! The goverment expects us to "DRINK". . . But don't "DRIVE "",NO_SPAM
"A £400 XMAS REWARD IS WAITING FOR YOU! Our computer has randomly picked you from our loyal mobile customers to receive a £400 reward. Just call 09066380611 ",SPAM
"Where r e meeting tmr?",NO_SPAM
"Lol yes. But it will add some spice to your day.",NO_SPAM
"Hope you are having a great day.",NO_SPAM
"Our Prasanth ettans mother passed away last night. Just pray for her and family.",NO_SPAM
"K, I'll work something out",NO_SPAM
"PRIVATE! Your 2003 Account Statement for shows 800 un-redeemed S. I. M. points. Call 08718738002 Identifier Code: 48922 Expires 21/11/04",SPAM
"This message is from a great Doctor in India:-): 1) Do not drink APPY FIZZ. It contains Cancer causing age",NO_SPAM
"I cant pick the phone right now. Pls send a message",NO_SPAM
"You call him and tell now infront of them. Call him now.",NO_SPAM
"Ok no prob...",NO_SPAM
"Ladies first and genus second k .",NO_SPAM
"No. Yes please. Been swimming?",NO_SPAM
"Mum not going robinson already.",NO_SPAM
"Ok set let u noe e details later...",NO_SPAM
"Not..tel software name..",NO_SPAM
"I send the print  outs da.",NO_SPAM
"IM REALY SOZ IMAT MY MUMS 2NITE WHAT ABOUT 2MORO ",NO_SPAM
"When I was born, GOD said, "Oh No! Another IDIOT". When you were born, GOD said, "OH No! COMPETITION". Who knew, one day these two will become FREINDS FOREVER!",NO_SPAM
"I didnt get ur full msg..sometext is missing, send it again",NO_SPAM
"Probably not, I'm almost out of gas and I get some cash tomorrow",NO_SPAM
"Customer service announcement. We recently tried to make a delivery to you but were unable to do so, please call 07099833605 to re-schedule. Ref:9280114",SPAM
"I forgot 2 ask ü all smth.. There's a card on da present lei... How? Ü all want 2 write smth or sign on it?",NO_SPAM
"I'm leaving my house now.",NO_SPAM
"Hi babe its Chloe, how r u? I was smashed on saturday night, it was great! How was your weekend? U been missing me? SP visionsms.com Text stop to stop 150p/text",SPAM
"Ü ready then call me...",NO_SPAM
"Wewa is 130. Iriver 255. All 128 mb.",NO_SPAM
"It is a good thing I'm now getting the connection to bw",NO_SPAM
"Sry da..jst nw only i came to home..",NO_SPAM
"That's cool he'll be here all night, lemme know when you're around",NO_SPAM
"Are you staying in town ?",NO_SPAM
"Haha yeah, 2 oz is kind of a shitload",NO_SPAM
"Ok u can take me shopping when u get paid =D",NO_SPAM
"My life Means a lot to me, Not because I love my life, But because I love the people in my life, The world calls them friends, I call them my World:-).. Ge:-)..",NO_SPAM
"Alright we'll bring it to you, see you in like  &lt;#&gt;  mins",NO_SPAM
"But pls dont play in others life.",NO_SPAM
"Eatin my lunch...",NO_SPAM
"Hmmm.but you should give it on one day..",NO_SPAM
"Didn't try, g and I decided not to head out",NO_SPAM
"Ok no prob",NO_SPAM
"Surly ill give it to you:-) while coming to review.",NO_SPAM
"By march ending, i should be ready. But will call you for sure. The problem is that my capital never complete. How far with you. How's work and the ladies",NO_SPAM
"Tessy..pls do me a favor. Pls convey my birthday wishes to Nimya..pls dnt forget it. Today is her birthday Shijas",NO_SPAM
"Pls give her the food preferably pap very slowly with loads of sugar. You can take up to an hour to give it. And then some water. Very very slowly.",NO_SPAM
"URGENT! Your Mobile No 07808726822 was awarded a £2,000 Bonus Caller Prize on 02/09/03! This is our 2nd attempt to contact YOU! Call 0871-872-9758 BOX95QU",SPAM
"A guy who gets used but is too dumb to realize it.",NO_SPAM
"Okey dokey, i‘ll be over in a bit just sorting some stuff out.",NO_SPAM
"Don no da:)whats you plan?",NO_SPAM
"Yes fine ",NO_SPAM
"WIN: We have a winner! Mr. T. Foley won an iPod! More exciting prizes soon, so keep an eye on ur mobile or visit www.win-82050.co.uk",SPAM
"I liked the new mobile",NO_SPAM
"Anytime...",NO_SPAM
"Mmmmmmm *snuggles into you* ...*deep contented sigh* ... *whispers* ... I fucking love you so much I can barely stand it ...",NO_SPAM
"Yar but they say got some error.",NO_SPAM
"Hey anyway i have to :-)",NO_SPAM
"Wow so healthy. Old airport rd lor. Cant thk of anything else. But i'll b bathing my dog later.",NO_SPAM
"Wif my family booking tour package.",NO_SPAM
"Did you say bold, then torch later. Or one torch and 2bold?",NO_SPAM
"Haha awesome, I might need to take you up on that, what you doin tonight?",NO_SPAM
"Ya i knw u vl giv..its ok thanks kano..anyway enjoy wit ur family wit 1st salary..:-);-)",NO_SPAM
"Huh so slow i tot u reach long ago liao... U 2 more days only i 4 more leh...",NO_SPAM
"Thats cool princess! I will cover your face in hot sticky cum :)",NO_SPAM
"Big brother‘s really scraped the barrel with this shower of social misfits",NO_SPAM
"Oops i thk i dun haf enuff... I go check then tell ü..",NO_SPAM
"S:)8 min to go for lunch:)",NO_SPAM
"Hey. What happened? U switch off ur cell d whole day. This isnt good. Now if u do care, give me a call tomorrow.",NO_SPAM
"K will do, addie &amp; I are doing some art so I'll be here when you get home",NO_SPAM
"My uncles in Atlanta. Wish you guys a great semester.",NO_SPAM
"Aiyo... Her lesson so early... I'm still sleepin, haha... Okie, u go home liao den confirm w me lor...",NO_SPAM
"Forgot to tell ü smth.. Can ü like number the sections so that it's clearer..",NO_SPAM
"Yup. Anything lor, if u dun wan it's ok...",NO_SPAM
"I'm home, my love ... If your still awake ... *loving kiss*",NO_SPAM
"HELLO PEACH! MY CAKE TASTS LUSH!",NO_SPAM
"FREE GAME. Get Rayman Golf 4 FREE from the O2 Games Arcade. 1st get UR games settings. Reply POST, then save & activ8. Press 0 key for Arcade. Termsapply",SPAM
"There'll be a minor shindig at my place later tonight, you interested?",NO_SPAM
"Jason says it's cool if we pick some up from his place in like an hour",NO_SPAM
"Had your mobile 10 mths? Update to the latest Camera/Video phones for FREE. KEEP UR SAME NUMBER, Get extra free mins/texts. Text YES for a call",SPAM
"I (Career Tel) have added u as a contact on INDYAROCKS.COM to send FREE SMS. To remove from phonebook - sms NO to  &lt;#&gt;",NO_SPAM
"I've reached already.",NO_SPAM
"I dont know ask to my brother. Nothing problem some thing that. Just i told .",NO_SPAM
"K:)eng rocking in ashes:)",NO_SPAM
"Wat time r ü going to xin's hostel?",NO_SPAM
"Good Morning my Dear Shijutta........... Have a great &amp; successful day.",NO_SPAM
"Buy Space Invaders 4 a chance 2 win orig Arcade Game console. Press 0 for Games Arcade (std WAP charge) See o2.co.uk/games 4 Terms + settings. No purchase",SPAM
"Oh k:)after that placement there ah?",NO_SPAM
"Not for possession, especially not first offense",NO_SPAM
"Nt only for driving even for many reasons she is called BBD..thts it chikku, then hw abt dvg cold..heard tht vinobanagar violence hw is the condition..and hw ru ? Any problem?",NO_SPAM
"I bought the test yesterday. Its something that lets you know the exact day u ovulate.when will get 2u in about 2 to 3wks. But pls pls dont fret. I know u r worried. Pls relax. Also is there anything in ur past history u need to tell me?",NO_SPAM
"We have pizza if u want",NO_SPAM
"I keep seeing weird shit and bein all "woah" then realising it's actually reasonable and I'm all "oh"",NO_SPAM
"Many more happy returns of the day. I wish you happy birthday.",NO_SPAM
"Ya very nice. . .be ready on thursday",NO_SPAM
"I am in hospital da. . I will return home in evening",NO_SPAM
""Thinking of u ;) x"",NO_SPAM
"Camera - You are awarded a SiPix Digital Camera! call 09061221066 fromm landline. Delivery within 28 days.",SPAM
"Orh i tot u say she now still dun believe.",NO_SPAM
"When you just put in the + sign, choose my number and the pin will show. Right?",NO_SPAM
"The beauty of life is in next second.. which hides thousands of secrets. I wish every second will be wonderful in ur life...!! gud n8",NO_SPAM
"Thanx u darlin!im cool thanx. A few bday drinks 2 nite. 2morrow off! Take care c u soon.xxx",NO_SPAM
"If you're still up, maybe leave the credit card so I can get gas when I get back like he told me to",NO_SPAM
"Your weekly Cool-Mob tones are ready to download !This weeks new Tones include: 1) Crazy Frog-AXEL F>>> 2) Akon-Lonely>>> 3) Black Eyed-Dont P >>>More info in n",SPAM
"Well boy am I glad G wasted all night at applebees for nothing",NO_SPAM
"Cashbin.co.uk (Get lots of cash this weekend!) www.cashbin.co.uk Dear Welcome to the weekend We have got our biggest and best EVER cash give away!! These..",SPAM
"Ok lor... Or u wan me go look 4 u?",NO_SPAM
"U wan 2 haf lunch i'm in da canteen now.",NO_SPAM
"Don't make life too stressfull.. Always find time to Laugh.. It may not add years to your Life! But surely adds more life to ur years!! Gud ni8..swt dreams..",NO_SPAM
"hey, looks like I was wrong and one of the kappa guys numbers is still on my phone, if you want I can text him and see if he's around",NO_SPAM
"URGENT! Your Mobile number has been awarded with a £2000 prize GUARANTEED. Call 09061790121 from land line. Claim 3030. Valid 12hrs only 150ppm",SPAM
"Thanks 4 your continued support Your question this week will enter u in2 our draw 4 £100 cash. Name the NEW US President? txt ans to 80082",SPAM
"I'm home. Doc gave me pain meds says everything is fine.",NO_SPAM
"It's é only $140 ard...É rest all ard $180 at least...Which is é price 4 é 2 bedrm ($900)",NO_SPAM
"Me too! Have a lovely night xxx",NO_SPAM
"Prepare to be pleasured :)",NO_SPAM
"Hi.:)technical support.providing assistance to us customer through call and email:)",NO_SPAM
"if you text on your way to cup stop that should work. And that should be BUS",NO_SPAM
"Whens your radio show?",NO_SPAM
"Your unique user ID is 1172. For removal send STOP to 87239 customer services 08708034412",SPAM
"I'm not sure if its still available though",NO_SPAM
"watever reLation u built up in dis world only thing which remains atlast iz lonlines with lotz n lot memories! feeling..",NO_SPAM
"CHEERS LOU! YEAH WAS A GOODNITE SHAME U NEVA CAME! C YA GAILxx",NO_SPAM
"Hi..i got the money da:)",NO_SPAM
"Hi, Mobile no.  &lt;#&gt;  has added you in their contact list on www.fullonsms.com It s a great place to send free sms to people For more visit fullonsms.com",NO_SPAM
"Ok then u tell me wat time u coming later lor.",NO_SPAM
"U repeat e instructions again. Wat's e road name of ur house?",NO_SPAM
"So many people seems to be special at first sight, But only very few will remain special to you till your last sight.. Maintain them till life ends.. Sh!jas",NO_SPAM
"Quite lor. But dun tell him wait he get complacent...",NO_SPAM
"Sorry completely forgot * will pop em round this week if your still here?",NO_SPAM
"U R THE MOST BEAUTIFUL GIRL IVE EVER SEEN. U R MY BABY COME AND C ME IN THE COMMON ROOM",NO_SPAM
"O we cant see if we can join denis and mina? Or does denis want alone time",NO_SPAM
"Sen told that he is going to join his uncle finance in cbe",NO_SPAM
"Yup... Hey then one day on fri we can ask miwa and jiayin take leave go karaoke ",NO_SPAM
"Call me, i am senthil from hsbc.",NO_SPAM
"Especially since i talk about boston all up in my personal statement, lol! I woulda changed that if i had realized it said nyc! It says boston now.",NO_SPAM
"Indeed and by the way it was either or - not both !",NO_SPAM
"Urgent -call 09066649731from Landline. Your complimentary 4* Ibiza Holiday or £10,000 cash await collection SAE T&Cs PO BOX 434 SK3 8WP 150ppm 18+",SPAM
"Holy living christ what is taking you so long",NO_SPAM
"Ü thk of wat to eat tonight.",NO_SPAM
"Thanx. Yup we coming back on sun. Finish dinner going back 2 hotel now. Time flies, we're tog 4 exactly a mth today. Hope we'll haf many more mths to come...",NO_SPAM
"We're on the opposite side from where we dropped you off",NO_SPAM
"Yup. Izzit still raining heavily cos i'm in e mrt i can't c outside.",NO_SPAM
"Send me your resume:-)",NO_SPAM
"Gd luck 4 ur exams :-)",NO_SPAM
"Or u ask they all if next sat can a not. If all of them can make it then i'm ok lor.",NO_SPAM
"Sorry that was my uncle. I.ll keep in touch",NO_SPAM
"Saw Guys and Dolls last night with Patrick Swayze it was great",NO_SPAM
"URGENT This is our 2nd attempt to contact U. Your £900 prize from YESTERDAY is still awaiting collection. To claim CALL NOW 09061702893",SPAM
"Santa calling! Would your little ones like a call from Santa Xmas Eve? Call 09077818151 to book you time. Calls1.50ppm last 3mins 30s T&C www.santacalling.com",SPAM
"Just come home. I don't want u to be miserable",NO_SPAM
"I dont know why she.s not getting your messages",NO_SPAM
"its cool but tyler had to take off so we're gonna buy for him and drop it off at his place later tonight. Our total order is a quarter, you got enough?",NO_SPAM
"The guy at the car shop who was flirting with me got my phone number from the paperwork and called and texted me. I'm nervous because of course now he may have my address. Should i call his boss and tell him, knowing this may get him fired?",NO_SPAM
"Reverse is cheating. That is not mathematics.",NO_SPAM
"How do you plan to manage that",NO_SPAM
"Er, hello, things didn‘t quite go to plan – is limping slowly home followed by aa and with exhaust hanging off",NO_SPAM
"Sorry for the delay. Yes masters",NO_SPAM
"Call me when u finish then i come n pick u.",NO_SPAM
"PRIVATE! Your 2004 Account Statement for 078498****7 shows 786 unredeemed Bonus Points. To claim call 08719180219 Identifier Code: 45239 Expires 06.05.05",SPAM
"What's up my own oga. Left my phone at home and just saw ur messages. Hope you are good. Have a great weekend.",NO_SPAM
"Don't worry though, I understand how important it is that I be put in my place with a poorly thought out punishment in the face of the worst thing that has ever happened to me. Brb gonna go kill myself",NO_SPAM
"Honey, can you pls find out how much they sell Predicte in Nigeria. And how many times can it be used. Its very important to have a reply before monday",NO_SPAM
"E admin building there? I might b slightly earlier... I'll call u when i'm reaching...",NO_SPAM
"fyi I'm at usf now, swing by the room whenever",NO_SPAM
"i can call in  &lt;#&gt;  min if thats ok",NO_SPAM
"Ummmmmaah Many many happy returns of d day my dear sweet heart.. HAPPY BIRTHDAY dear",NO_SPAM
"Ü no home work to do meh... ",NO_SPAM
"Anything is valuable in only 2 situations: First- Before getting it... Second- After loosing it...",NO_SPAM
"Me too. Mark is taking forever to pick up my prescription and the pain is coming back.",NO_SPAM
"How's ur paper?",NO_SPAM
"Got smaller capacity one? Quite ex...",NO_SPAM
"Check Out Choose Your Babe Videos @ sms.shsex.netUN fgkslpoPW fgkslpo",SPAM
"Im good! I have been thinking about you...",NO_SPAM
"u r a winner U ave been specially selected 2 receive £1000 cash or a 4* holiday (flights inc) speak to a live operator 2 claim 0871277810710p/min (18 )",SPAM
":-) :-)",NO_SPAM
"Not thought bout it... || Drink in tap & spile at seven. || Is that pub on gas st off broad st by canal. || Ok?",NO_SPAM
"I am going to sleep. I am tired of travel.",NO_SPAM
"Haha, just what I was thinkin",NO_SPAM
"Yup but it's not giving me problems now so mayb i'll jus leave it...",NO_SPAM
"Lol no. Just trying to make your day a little more interesting",NO_SPAM
"How long before you get reply, just defer admission til next semester",NO_SPAM
"The word "Checkmate" in chess comes from the Persian phrase "Shah Maat" which means; "the king is dead.." Goodmorning.. Have a good day..:)",NO_SPAM
"Po de :-):):-):-):-). No need job aha.",NO_SPAM
"Rats. Hey did u ever vote for the next themes?",NO_SPAM
"New Mobiles from 2004, MUST GO! Txt: NOKIA to No: 89545 & collect yours today! From ONLY £1. www.4-tc.biz 2optout 087187262701.50gbp/mtmsg18 TXTAUCTION.",SPAM
"I hope your pee burns tonite.",NO_SPAM
"OH RITE. WELL IM WITH MY BEST MATE PETE, WHO I WENT OUT WITH 4 A WEEK+ NOW WERE 2GEVA AGAIN. ITS BEEN LONGER THAN A WEEK.",NO_SPAM
"Yay can't wait to party together!",NO_SPAM
"....photoshop makes my computer shut down.",NO_SPAM
"All boys made fun of me today. Ok i have no problem. I just sent one message just for fun",NO_SPAM
"That's one of the issues but california is okay. No snow so its manageable",NO_SPAM
"PRIVATE! Your 2003 Account Statement for shows 800 un-redeemed S. I. M. points. Call 08715203652 Identifier Code: 42810 Expires 29/10/0",SPAM
"Hmmm.... Mayb can try e shoppin area one, but forgot e name of hotel...",NO_SPAM
"Awesome, that gonna be soon or later tonight?",NO_SPAM
"I need details about that online job.",NO_SPAM
"YOU HAVE WON! As a valued Vodafone customer our computer has picked YOU to win a £150 prize. To collect is easy. Just call 09061743386 ",SPAM
"Missing you too.pray inshah allah",NO_SPAM
"Pls help me tell Ashley that i cant find her number oh",NO_SPAM
"I am in escape theatre now. . Going to watch KAVALAN in a few minutes",NO_SPAM
"S.this will increase the chance of winning.",NO_SPAM
"either way works for me. I am  &lt;#&gt;  years old. Hope that doesnt bother you.",NO_SPAM
"Maybe you should find something else to do instead???",NO_SPAM
"Gain the rights of a wife.dont demand it.i am trying as husband too.Lets see",NO_SPAM
"I liked your new house",NO_SPAM
"I'm fine. Hope you are also",NO_SPAM
"Also north carolina and texas atm, you would just go to the gre site and pay for the test results to be sent.",NO_SPAM
"Same to u...",NO_SPAM
"yes baby! I need to stretch open your pussy!",NO_SPAM
"Thanks  and ! Or bomb and date as my phone wanted to say! ",NO_SPAM
"Ok...",NO_SPAM
"Hey, a guy I know is breathing down my neck to get him some bud, anyway you'd be able to get a half track to usf tonight?",NO_SPAM
""Response" is one of d powerful weapon 2 occupy a place in others 'HEART'... So, always give response 2 who cares 4 U"... Gud night..swt dreams..take care",NO_SPAM
"Nokia phone is lovly..",NO_SPAM
"**FREE MESSAGE**Thanks for using the Auction Subscription Service. 18 . 150p/MSGRCVD 2 Skip an Auction txt OUT. 2 Unsubscribe txt STOP CustomerCare 08718726270",SPAM
"Bored housewives! Chat n date now! 0871750.77.11! BT-national rate 10p/min only from landlines!",SPAM
"Sorry da..today i wont come to play..i have driving clas..",NO_SPAM
"I'm really sorry I lit your hair on fire",NO_SPAM
"Oh! Shit, I thought that was your trip! Loooooool ... That just makes SO much more sense now ... *grins* and the sofa reference was ... The "sleep on a couch" link you sent me ... Wasn't that how you went on your trip ? Oh ... And didn't your babe go with you for that celebration with your rents?",NO_SPAM
"Okey dokey swashbuckling stuff what oh.",NO_SPAM
"Watching cartoon, listening music &amp; at eve had to go temple &amp; church.. What about u?",NO_SPAM
"1. Tension face 2. Smiling face 3. Waste face 4. Innocent face 5.Terror face 6.Cruel face 7.Romantic face 8.Lovable face 9.decent face  &lt;#&gt; .joker face.",NO_SPAM
"Dip's cell dead. So i m coming with him. U better respond else we shall come back.",NO_SPAM
"Well. You know what i mean. Texting",NO_SPAM
"Hi dis is yijue i would be happy to work wif ü all for gek1510...",NO_SPAM
"Lol! Oops sorry! Have fun. ",NO_SPAM
"Wat happened to the cruise thing",NO_SPAM
"I know dat feelin had it with Pete! Wuld get with em , nuther place nuther time mayb?",NO_SPAM
"lyricalladie(21/F) is inviting you to be her friend. Reply YES-910 or NO-910. See her: www.SMS.ac/u/hmmross STOP? Send STOP FRND to 62468",SPAM
"The world's most happiest frnds never have the same characters... Dey just have the best understanding of their differences...",NO_SPAM
"No 1 POLYPHONIC tone 4 ur mob every week! Just txt PT2 to 87575. 1st Tone FREE ! so get txtin now and tell ur friends. 150p/tone. 16 reply HL 4info",SPAM
"Yeah just open chat and click friend lists. Then make the list. Easy as pie",NO_SPAM
"alright tyler's got a minor crisis and has to be home sooner than he thought so be here asap",NO_SPAM
"When/where do I pick you up",NO_SPAM
"As usual u can call me ard 10 smth.",NO_SPAM
"New Theory: Argument wins d SITUATION, but loses the PERSON. So dont argue with ur friends just.. . . . kick them &amp; say, I'm always correct.!",NO_SPAM
"For many things its an antibiotic and it can be used for chest abdomen and gynae infections even bone infections.",NO_SPAM
"Poor girl can't go one day lmao",NO_SPAM
"Or just do that 6times",NO_SPAM
"Todays Vodafone numbers ending with 4882 are selected to a receive a £350 award. If your number matches call 09064019014 to receive your £350 award.",SPAM
"You have to pls make a note of all she.s exposed to. Also find out from her school if anyone else was vomiting. Is there a dog or cat in the house? Let me know later.",NO_SPAM
"Japanese Proverb: If one Can do it, U too Can do it, If none Can do it,U must do it Indian version: If one Can do it, LET HIM DO it.. If none Can do it,LEAVE it!! And finally Kerala version: If one can do it, Stop him doing it.. If none can do it, Make a strike against it ...",NO_SPAM
"Sounds like there could be a lot of time spent in that chastity device boy ... *grins* ... Or take your beatings like a good dog. Going to lounge in a nice long bath now ?",NO_SPAM
"Its worse if if uses half way then stops. Its better for him to complete it.",NO_SPAM
"Miserable. They don't tell u that the side effects of birth control are massive gut wrenching cramps for the first 2 months. I didn't sleep at all last night.",NO_SPAM
"Send me the new number",NO_SPAM
"Convey my regards to him",NO_SPAM
"Want the latest Video handset? 750 anytime any network mins? Half price line rental? Reply or call 08000930705 for delivery tomorrow",SPAM
"2 and half years i missed your friendship:-)",NO_SPAM
"I cant pick the phone right now. Pls send a message",NO_SPAM
"Oh for fuck's sake she's in like tallahassee",NO_SPAM
"Haha, that was the first person I was gonna ask",NO_SPAM
"ou are guaranteed the latest Nokia Phone, a 40GB iPod MP3 player or a £500 prize! Txt word: COLLECT to No: 83355! IBHltd LdnW15H 150p/Mtmsgrcvd18",SPAM
"Taka lor. Wat time u wan 2 come n look 4 us?",NO_SPAM
"* FREE* POLYPHONIC RINGTONE Text SUPER to 87131 to get your FREE POLY TONE of the week now! 16 SN PoBox202 NR31 7ZS subscription 450pw",SPAM
""I;m reaching in another 2 stops."",NO_SPAM
"no, i *didn't* mean to post it. I wrote it, and like so many other times i've ritten stuff to you, i let it sit there. it WAS what i was feeling at the time. I was angry. Before i left, i hit send, then stop. It wasn't there. I checked on my phone when i got to my car. It wasn't there. You said you didn't sleep, you were bored. So why wouldn't THAT be the time to clean, fold laundry, etc.? At least make the bed?",NO_SPAM
"Warner Village 83118 C Colin Farrell in SWAT this wkend @Warner Village & get 1 free med. Popcorn!Just show msg+ticket@kiosk.Valid 4-7/12. C t&c @kiosk. Reply SONY 4 mre film offers",SPAM
"Will you come online today night",NO_SPAM
"Then anything special?",NO_SPAM
"I'm in solihull, | do you want anything?",NO_SPAM
"Will do. Have a good day",NO_SPAM
"WE REGRET TO INFORM U THAT THE NHS HAS MADE A MISTAKE.U WERE NEVER ACTUALLY BORN.PLEASE REPORT 2 YOR LOCAL HOSPITAL 2B TERMINATED.WE R SORRY 4 THE INCONVENIENCE",NO_SPAM
"Love that holiday Monday feeling even if I have to go to the dentists in an hour",NO_SPAM
"I am on the way to tirupur.",NO_SPAM
"Goal! Arsenal 4 (Henry, 7 v Liverpool 2 Henry scores with a simple shot from 6 yards from a pass by Bergkamp to give Arsenal a 2 goal margin after 78 mins.",SPAM
"You've already got a flaky parent. It'snot supposed to be the child's job to support the parent...not until they're The Ride age anyway. I'm supposed to be there to support you. And now i've hurt you. unintentional. But hurt nonetheless.",NO_SPAM
"We took hooch for a walk toaday and i fell over! Splat! Grazed my knees and everything! Should have stayed at home! See you tomorrow! ",NO_SPAM
"Just dropped em off, omw back now",NO_SPAM
"This is the 2nd time we have tried 2 contact u. U have won the 750 Pound prize. 2 claim is easy, call 08712101358 NOW! Only 10p per min. BT-national-rate",SPAM
"Sitting in mu waiting for everyone to get out of my suite so I can take a shower",NO_SPAM
"Re your call; You didn't see my facebook huh?",NO_SPAM
"G says you never answer your texts, confirm/deny",NO_SPAM
"Its so common hearin How r u? Wat r u doing? How was ur day? So let me ask u something different. Did u smile today? If not, do it now.... Gud evng.",NO_SPAM
"Hi Dear Call me its urgnt. I don't know whats your problem. You don't want to work or if you have any other problem at least tell me. Wating for your reply.",NO_SPAM
"Oh yah... We never cancel leh... Haha ",NO_SPAM
"We can go 4 e normal pilates after our intro...  ",NO_SPAM
"Ok... Let u noe when i leave my house.",NO_SPAM
"Oh yes, why is it like torture watching england?",NO_SPAM
"Wanna do some art?! :D",NO_SPAM
"Just hopeing that wasn‘t too pissed up to remember and has gone off to his sisters or something!",NO_SPAM
"Got what it takes 2 take part in the WRC Rally in Oz? U can with Lucozade Energy! Text RALLY LE to 61200 (25p), see packs or lucozade.co.uk/wrc & itcould be u!",SPAM
"Hi, the SEXYCHAT girls are waiting for you to text them. Text now for a great night chatting. send STOP to stop this service",SPAM
"Good morning, my boytoy! How's those yummy lips ? Where's my sexy buns now ? What do you do ? Do you think of me ? Do you crave me ? Do you need me ?",NO_SPAM
"Match started.india  &lt;#&gt;  for 2",NO_SPAM
"Once free call me sir.",NO_SPAM
"Hey do you want anything to buy:)",NO_SPAM
"Hey babe, how's it going ? Did you ever figure out where your going for New Years ?",NO_SPAM
"K..k.:)congratulation ..",NO_SPAM
"G wants to know where the fuck you are",NO_SPAM
"No it was cancelled yeah baby! Well that sounds important so i understand my darlin give me a ring later on this fone love Kate x",NO_SPAM
"Tomarrow i want to got to court. At  &lt;DECIMAL&gt; . So you come to bus stand at 9.",NO_SPAM
"Ü go home liao? Ask dad to pick me up at 6...",NO_SPAM
"Omg you can make a wedding chapel in frontierville? Why do they get all the good stuff?",NO_SPAM
"I'm eatin now lor, but goin back to work soon... E mountain deer show huh... I watch b4 liao, very nice...",NO_SPAM
"Check mail.i have mailed varma and kept copy to you regarding membership.take care.insha allah.",NO_SPAM
"Wrong phone! This phone! I answer this one but assume the other is people i don't well",NO_SPAM
"Anyway I don't think I can secure anything up here, lemme know if you want me to drive down south and chill",NO_SPAM
"I'm already back home so no probably not",NO_SPAM
"Great News! Call FREEFONE 08006344447 to claim your guaranteed £1000 CASH or £2000 gift. Speak to a live operator NOW!",SPAM
"Hi this is Amy, we will be sending you a free phone number in a couple of days, which will give you an access to all the adult parties...",SPAM
"I am in bus on the way to calicut",NO_SPAM
"Hi its me you are probably having too much fun to get this message but i thought id txt u cos im bored! and james has been farting at me all night",NO_SPAM
"hi baby im sat on the bloody bus at the mo and i wont be home until about 7:30 wanna do somethin later? call me later ortxt back jess xx",NO_SPAM
"Welcome to Select, an O2 service with added benefits. You can now call our specially trained advisors FREE from your mobile by dialling 402.",SPAM
"I lost 4 pounds since my doc visit last week woot woot! Now I'm gonna celebrate by stuffing my face!",NO_SPAM
"U coming back 4 dinner rite? Dad ask me so i re confirm wif u...",NO_SPAM
"Doing my masters. When will you buy a bb cos i have for sale and how's bf",NO_SPAM
"Ahhhh...just woken up!had a bad dream about u tho,so i dont like u right now :) i didnt know anything about comedy night but i guess im up for it.",NO_SPAM
"I'm vivek:)i got call from your number.",NO_SPAM
"Why didn't u call on your lunch?",NO_SPAM
"What i mean was i left too early to check, cos i'm working a 9-6.",NO_SPAM
"I want  &lt;#&gt;  rs da:)do you have it?",NO_SPAM
"A bit of Ur smile is my hppnss, a drop of Ur tear is my sorrow, a part of Ur heart is my life, a heart like mine wil care for U, forevr as my GOODFRIEND",NO_SPAM
"Yup ok...",NO_SPAM
"I want to see your pretty pussy...",NO_SPAM
"Dear Voucher holder Have your next meal on us. Use the following link on your pc 2 enjoy a 2 4 1 dining experiencehttp://www.vouch4me.com/etlp/dining.asp",SPAM
"A few people are at the game, I'm at the mall with iouri and kaila",NO_SPAM
"URGENT! We are trying to contact U. Todays draw shows that you have won a £2000 prize GUARANTEED. Call 09058094507 from land line. Claim 3030. Valid 12hrs only",SPAM
"You can donate £2.50 to UNICEF's Asian Tsunami disaster support fund by texting DONATE to 864233. £2.50 will be added to your next bill",SPAM
"Future is not what we planned for tomorrow.....! it is the result of what we do today...! Do the best in present... enjoy the future.",NO_SPAM
"I will cme i want to go to hos 2morow. After that i wil cme. This what i got from her dear what to do. She didnt say any time",NO_SPAM
"We are supposed to meet to discuss abt our trip... Thought xuhui told you? In the afternoon. Thought we can go for lesson after that",NO_SPAM
"Hey come online! Use msn... We are all there",NO_SPAM
"I'm fine. Hope you are good. Do take care.",NO_SPAM
"Oops I was in the shower when u called. Hey a parking garage collapsed at university hospital. See I'm not crazy. Stuff like that DOES happen.",NO_SPAM
"Aiyo u so poor thing... Then u dun wan 2 eat? U bathe already?",NO_SPAM
"Yar... I tot u knew dis would happen long ago already.",NO_SPAM
"You are gorgeous! keep those pix cumming :) thank you!",NO_SPAM
"A boy was late 2 home. His father: "POWER OF FRNDSHIP"",NO_SPAM
"JADE ITS PAUL. Y DIDNT U TXT ME? DO U REMEMBER ME FROM BARMED? I WANT 2 TALK 2 U! TXT ME",NO_SPAM
"Spending new years with my brother and his family. Lets plan to meet next week. Are you ready to be spoiled? :)",NO_SPAM
"So what u doing today?",NO_SPAM
"I said its okay. Sorry",NO_SPAM
"Slept? I thinkThis time ( &lt;#&gt;  pm) is not dangerous",NO_SPAM
"Networking job is there.",NO_SPAM
"goldviking (29/M) is inviting you to be his friend. Reply YES-762 or NO-762 See him: www.SMS.ac/u/goldviking STOP? Send STOP FRND to 62468",SPAM
"Dont let studying stress you out. L8r.",NO_SPAM
"That's y u haf 2 keep me busy...",NO_SPAM
"No rushing. I'm not working. I'm in school so if we rush we go hungry.",NO_SPAM
"Which channel:-):-):):-).",NO_SPAM
"So your telling me I coulda been your real Valentine and I wasn't? U never pick me for NOTHING!!",NO_SPAM
"Phony £350 award - Todays Voda numbers ending XXXX are selected to receive a £350 award. If you have a match please call 08712300220 quoting claim code 3100 standard rates app",SPAM
"We made it! Eta at taunton is 12:30 as planned, hope that‘s still okday?! Good to see you! :-xx",NO_SPAM
"I'm hungry buy smth home...",NO_SPAM
""HEY KATE, HOPE UR OK... WILL GIVE U A BUZ WEDLUNCH. GO OUTSOMEWHERE 4 ADRINK IN TOWN..CUD GO 2WATERSHD 4 A BIT? PPL FROMWRK WILL BTHERE. LOVE PETEXXX."",NO_SPAM
"My drive can only be read. I need to write",NO_SPAM
"Just looked it up and addie goes back Monday, sucks to be her",NO_SPAM
"Happy new year. Hope you are having a good semester",NO_SPAM
"Esplanade lor. Where else...",NO_SPAM
"Can you talk with me..",NO_SPAM
"Hmph. Go head, big baller.",NO_SPAM
"Well its not like you actually called someone a punto. That woulda been worse.",NO_SPAM
"Nope. Since ayo travelled, he has forgotten his guy",NO_SPAM
"You still around? Looking to pick up later",NO_SPAM
"CDs 4u: Congratulations ur awarded £500 of CD gift vouchers or £125 gift guaranteed & Freeentry 2 £100 wkly draw xt MUSIC to 87066 TnCs www.ldew.com1win150ppmx3age16 ",SPAM
"There's someone here that has a year  &lt;#&gt;  toyota camry like mr olayiwola's own. Mileage is  &lt;#&gt; k.its clean but i need to know how much will it sell for. If i can raise the dough for it how soon after landing will it sell. Holla back.",NO_SPAM
"Guess which pub im in? Im as happy as a pig in clover or whatever the saying is! ",NO_SPAM
"ILL B DOWN SOON",NO_SPAM
"Oh k. . I will come tomorrow",NO_SPAM
"Go fool dont cheat others ok",NO_SPAM
"My mobile number.pls sms ur mail id.convey regards to achan,amma.Rakhesh.Qatar",NO_SPAM
"By the way, 'rencontre' is to meet again. Mountains dont....",NO_SPAM
"You have WON a guaranteed £1000 cash or a £2000 prize. To claim yr prize call our customer service representative on 08714712412 between 10am-7pm Cost 10p",SPAM
"U attend ur driving lesson how many times a wk n which day?",NO_SPAM
"Uncle G, just checking up on you. Do have a rewarding month",NO_SPAM
"Hello boytoy ! Geeee ... I'm missing you today. I like to send you a tm and remind you I'm thinking of you ... And you are loved ... *loving kiss*",NO_SPAM
"I think the other two still need to get cash but we can def be ready by 9",NO_SPAM
"Hey gals...U all wanna meet 4 dinner at nìte? ",NO_SPAM
"Dear 0776xxxxxxx U've been invited to XCHAT. This is our final attempt to contact u! Txt CHAT to 86688 150p/MsgrcvdHG/Suite342/2Lands/Row/W1J6HL LDN 18yrs",SPAM
"Babe ! What are you doing ? Where are you ? Who are you talking to ? Do you think of me ? Are you being a good boy? Are you missing me? Do you love me ?",NO_SPAM
"Great! How is the office today?",NO_SPAM
"It's cool, we can last a little while. Getting more any time soon?",NO_SPAM
":-( sad puppy noise",NO_SPAM
"Yes its possible but dint try. Pls dont tell to any one k",NO_SPAM
"Anyway holla at me whenever you're around because I need an excuse to go creep on people in sarasota",NO_SPAM
"Where you. What happen",NO_SPAM
"I was gonna ask you lol but i think its at 7",NO_SPAM
"Ur cash-balance is currently 500 pounds - to maximize ur cash-in now send GO to 86688 only 150p/meg. CC: 08718720201 HG/Suite342/2lands Row/W1j6HL",SPAM
"PRIVATE! Your 2003 Account Statement for shows 800 un-redeemed S.I.M. points. Call 08715203685 Identifier Code:4xx26 Expires 13/10/04",SPAM
"Go chase after her and run her over while she's crossing the street",NO_SPAM
"I'd like to tell you my deepest darkest fantasies. Call me 09094646631 just 60p/min. To stop texts call 08712460324 (nat rate)",SPAM
"Is there coming friday is leave for pongal?do you get any news from your work place.",NO_SPAM
"Hey... Very inconvenient for your sis a not huh?",NO_SPAM
"Ok i vl..do u know i got adsense approved..",NO_SPAM
"* Was really good to see you the other day dudette, been missing you!",NO_SPAM
"I want to go to perumbavoor",NO_SPAM
"How many times i told in the stage all use to laugh. You not listen aha.",NO_SPAM
"You won't believe it but it's true. It's Incredible Txts! Reply G now to learn truly amazing things that will blow your mind. From O2FWD only 18p/txt",SPAM
"(You didn't hear it from me)",NO_SPAM
"Thanks for being there for me just to talk to on saturday. You are very dear to me. I cherish having you as a brother and role model.",NO_SPAM
"Pls clarify back if an open return ticket that i have can be preponed for me to go back to kerala.",NO_SPAM
"Natalie (20/F) is inviting you to be her friend. Reply YES-165 or NO-165 See her: www.SMS.ac/u/natalie2k9 STOP? Send STOP FRND to 62468",SPAM
"She ran off with a younger man. we will make pretty babies together :)",NO_SPAM
"Jamster! To get your free wallpaper text HEART to 88888 now! T&C apply. 16 only. Need Help? Call 08701213186.",SPAM
"O ic lol. Should play 9 doors sometime yo",NO_SPAM
"Dunno, my dad said he coming home 2 bring us out 4 lunch. Yup i go w u lor. I call u when i reach school lor...",NO_SPAM
"We have sent JD for Customer Service cum Accounts Executive to ur mail id, For details contact us",NO_SPAM
"Desires- u going to doctor 4 liver. And get a bit stylish. Get ur hair managed. Thats it.",NO_SPAM
"Hmmm.still we dont have opener?",NO_SPAM
"Yeah so basically any time next week you can get away from your mom &amp; get up before 3",NO_SPAM
"Edison has rightly said, "A fool can ask more questions than a wise man can answer" Now you know why all of us are speechless during ViVa.. GM,GN,GE,GNT:-)",NO_SPAM
"I will vote for wherever my heart guides me",NO_SPAM
"With my sis lor... We juz watched italian job.",NO_SPAM
"Tick, tick, tick .... Where are you ? I could die of loneliness you know ! *pouts* *stomps feet* I need you ...",NO_SPAM
"Lmao you know me so well...",NO_SPAM
"Double Mins & Double Txt & 1/2 price Linerental on Latest Orange Bluetooth mobiles. Call MobileUpd8 for the very latest offers. 08000839402 or call2optout/LF56",SPAM
"Am on a train back from northampton so i'm afraid not! I'm staying skyving off today ho ho! Will be around wednesday though. Do you fancy the comedy club this week by the way?",NO_SPAM
"Goodnight da thangam I really miss u dear.",NO_SPAM
"Hey next sun 1030 there's a basic yoga course... at bugis... We can go for that... Pilates intro next sat.... Tell me what time you r free",NO_SPAM
"Geeeee ... Your internet is really bad today, eh ?",NO_SPAM
"Free video camera phones with Half Price line rental for 12 mths and 500 cross ntwk mins 100 txts. Call MobileUpd8 08001950382 or Call2OptOut/674",SPAM
"I think i am disturbing her da",NO_SPAM
"Sorry, I'll call you  later. I am in meeting sir.",NO_SPAM
"Havent stuck at orchard in my dad's car. Going 4 dinner now. U leh? So r they free tonight?",NO_SPAM
"Ok i also wan 2 watch e 9 pm show...",NO_SPAM
"I dunno lei... Like dun haf...",NO_SPAM
"But your brother transfered only  &lt;#&gt;  +  &lt;#&gt; . Pa.",NO_SPAM
"I calls you later. Afternoon onwords mtnl service get problem in south mumbai. I can hear you but you cann't listen me.",NO_SPAM
"83039 62735=£450 UK Break AccommodationVouchers terms & conditions apply. 2 claim you mustprovide your claim number which is 15541 ",SPAM
"Talk to g and x about that",NO_SPAM
"Hai dear friends... This is my new &amp; present number..:) By Rajitha Raj (Ranju)",NO_SPAM
"5p 4 alfie Moon's Children in need song on ur mob. Tell ur m8s. Txt Tone charity to 8007 for Nokias or Poly charity for polys: zed 08701417012 profit 2 charity.",SPAM
"As in different styles?",NO_SPAM
"WIN a £200 Shopping spree every WEEK Starting NOW. 2 play text STORE to 88039. SkilGme. TsCs08714740323 1Winawk! age16 £1.50perweeksub.",SPAM
"Gud ni8 dear..slp well..take care..swt dreams..Muah..",NO_SPAM
"I want to sent  &lt;#&gt; mesages today. Thats y. Sorry if i hurts",NO_SPAM
"This is the 2nd attempt to contract U, you have won this weeks top prize of either £1000 cash or £200 prize. Just call 09066361921",SPAM
"Well, i'm glad you didn't find it totally disagreeable ... Lol",NO_SPAM
"Guy, no flash me now. If you go call me, call me. How madam. Take care oh.",NO_SPAM
"Do you want a New Nokia 3510i colour phone DeliveredTomorrow? With 300 free minutes to any mobile + 100 free texts + Free Camcorder reply or call 08000930705.",SPAM
"Mark works tomorrow. He gets out at 5. His work is by your house so he can meet u afterwards.",NO_SPAM
""Keep ur problems in ur heart, b'coz nobody will fight for u. Only u &amp; u have to fight for ur self &amp; win the battle. -VIVEKANAND- G 9t.. SD..",NO_SPAM
"Yeah, give me a call if you've got a minute",NO_SPAM
""HI BABE UAWAKE?FEELLIKW SHIT.JUSTFOUND OUT VIA ALETTER THATMUM GOTMARRIED 4thNOV.BEHIND OURBACKS  FUCKINNICE!SELFISH,DEVIOUSBITCH.ANYWAY,IL CALL U"",NO_SPAM
"Amazing : If you rearrange these letters it gives the same meaning... Dormitory = Dirty room Astronomer = Moon starer The eyes = They see Election results = Lies lets recount Mother-in-law = Woman Hitler Eleven plus two =Twelve plus one Its Amazing... !:-)",NO_SPAM
"Aiya we discuss later lar... Pick ü up at 4 is it?",NO_SPAM
"Hey happy birthday...",NO_SPAM
"Sorry i missed your call. Can you please call back.",NO_SPAM
"Omg if its not one thing its another. My cat has worms :/ when does this bad day end?",NO_SPAM
"Good morning, im suffering from fever and dysentry ..will not be able to come to office today.",NO_SPAM
"I wont do anything de.",NO_SPAM
"What type of stuff do you sing?",NO_SPAM
"St andre, virgil's cream",NO_SPAM
"No no. I will check all rooms befor activities",NO_SPAM
"My fri ah... Okie lor,goin 4 my drivin den go shoppin after tt...",NO_SPAM
"Gokila is talking with you aha:)",NO_SPAM
"Hi Shanil,Rakhesh here.thanks,i have exchanged the uncut diamond stuff.leaving back. Excellent service by Dino and Prem.",NO_SPAM
"K.k.this month kotees birthday know?",NO_SPAM
"But i'm really really broke oh. No amount is too small even  &lt;#&gt; ",NO_SPAM
"Sorry about that this is my mates phone and i didnt write it love Kate",NO_SPAM
"TheMob>Hit the link to get a premium Pink Panther game, the new no. 1 from Sugababes, a crazy Zebra animation or a badass Hoody wallpaper-all 4 FREE!",SPAM
"Ah, well that confuses things, doesnt it? I thought was friends with now. Maybe i did the wrong thing but i already sort of invited -tho he may not come cos of money.",NO_SPAM
"Aight, call me once you're close",NO_SPAM
"Nope thats fine. I might have a nap tho! ",NO_SPAM
"This msg is for your mobile content order It has been resent as previous attempt failed due to network error Queries to customersqueries@netvision.uk.com",SPAM
"In other news after hassling me to get him weed for a week andres has no money. HAUGHAIGHGTUJHYGUJ",NO_SPAM
"A Boy loved a gal. He propsd bt she didnt mind. He gv lv lttrs, Bt her frnds threw thm. Again d boy decided 2 aproach d gal , dt time a truck was speeding towards d gal. Wn it was about 2 hit d girl,d boy ran like hell n saved her. She asked 'hw cn u run so fast?' D boy replied "Boost is d secret of my energy" n instantly d girl shouted "our energy" n Thy lived happily 2gthr drinking boost evrydy Moral of d story:- I hv free msgs:D;): gud ni8",NO_SPAM
"I wnt to buy a BMW car urgently..its vry urgent.but hv a shortage of  &lt;#&gt; Lacs.there is no source to arng dis amt. &lt;#&gt; lacs..thats my prob",NO_SPAM
"Ding me on ya break fassyole! Blacko from londn",NO_SPAM
"I REALLY NEED 2 KISS U I MISS U MY BABY FROM UR BABY 4EVA",NO_SPAM
"The sign of maturity is not when we start saying big things.. But actually it is, when we start understanding small things... *HAVE A NICE EVENING* BSLVYL",NO_SPAM
"Oh you got many responsibilities.",NO_SPAM
"You have 1 new message. Please call 08715205273",SPAM
"I've reached sch already...",NO_SPAM
"December only! Had your mobile 11mths+? You are entitled to update to the latest colour camera mobile for Free! Call The Mobile Update VCo FREE on 08002986906 ",SPAM
"U definitely need a module from e humanities dis sem izzit? U wan 2 take other modules 1st?",NO_SPAM
"Argh why the fuck is nobody in town ;_;",NO_SPAM
"Get 3 Lions England tone, reply lionm 4 mono or lionp 4 poly. 4 more go 2 www.ringtones.co.uk, the original n best. Tones 3GBP network operator rates apply.",SPAM
"Thanks. Fills me with complete calm and reassurance! ",NO_SPAM
"Aslamalaikkum....insha allah tohar beeen muht albi mufti mahfuuz...meaning same here....",NO_SPAM
"Are you driving or training?",NO_SPAM
"Lol for real. She told my dad I have cancer",NO_SPAM
"PRIVATE! Your 2003 Account Statement for 078",SPAM
"Oops I did have it,  &lt;#&gt; ?",NO_SPAM
""NOT ENUFCREDEIT TOCALL.SHALL ILEAVE UNI AT 6 +GET A BUS TO YOR HOUSE?"",NO_SPAM
"Hi Chikku, send some nice msgs",NO_SPAM
"He is impossible to argue with and he always treats me like his sub, like he never released me ... Which he did and I will remind him of that if necessary",NO_SPAM
"After my work ah... Den 6 plus lor... U workin oso rite... Den go orchard lor, no other place to go liao...",NO_SPAM
"To the wonderful Okors, have a great month. We cherish you guys and wish you well each day. MojiBiola",NO_SPAM
"Cuz ibored. And don wanna study",NO_SPAM
"Wot about on wed nite I am 3 then but only til 9!",NO_SPAM
"Rose for red,red for blood,blood for heart,heart for u. But u for me.... Send tis to all ur friends.. Including me.. If u like me.. If u get back, 1-u r poor in relation! 2-u need some 1 to support 3-u r frnd 2 many 4-some1 luvs u 5+- some1 is praying god to marry u.:-) try it....",NO_SPAM
"Any way where are you and what doing.",NO_SPAM
"That sucks. I'll go over so u can do my hair. You'll do it free right?",NO_SPAM
"it's still not working. And this time i also tried adding zeros. That was the savings. The checking is  &lt;#&gt; ",NO_SPAM
"Hmm... Dunno leh, mayb a bag 4 goigng out dat is not too small. Or jus anything except perfume, smth dat i can keep.",NO_SPAM
"Sday only joined.so training we started today:)",NO_SPAM
"Sorry * was at the grocers.",NO_SPAM
"There are some nice pubs near here or there is Frankie n Bennys near the warner cinema?",NO_SPAM
"YOU VE WON! Your 4* Costa Del Sol Holiday or £5000 await collection. Call 09050090044 Now toClaim. SAE, TC s, POBox334, Stockport, SK38xh, Cost£1.50/pm, Max10mins",SPAM
"Yup... I havent been there before... You want to go for the yoga? I can call up to book ",NO_SPAM
"Oh shut it. Omg yesterday I had a dream that I had 2 kids both boys. I was so pissed. Not only about the kids but them being boys. I even told mark in my dream that he was changing diapers cause I'm not getting owed in the face.",NO_SPAM
"Yeah I imagine he would be really gentle. Unlike the other docs who treat their patients like turkeys.",NO_SPAM
"FREE for 1st week! No1 Nokia tone 4 ur mobile every week just txt NOKIA to 8077 Get txting and tell ur mates. www.getzed.co.uk POBox 36504 W45WQ 16+ norm150p/tone",SPAM
"Now that you have started dont stop. Just pray for more good ideas and anything i see that can help you guys i.ll forward you a link.",NO_SPAM
"Hi darlin im on helens fone im gonna b up the princes 2 nite please come up tb love Kate",NO_SPAM
"I'm in office now da:)where are you?",NO_SPAM
"Aiyar u so poor thing... I give u my support k... Jia you! I'll think of u...",NO_SPAM
"Oh unintentionally not bad timing. Great. Fingers  the trains play along! Will give fifteen min warning.",NO_SPAM
"Get your garden ready for summer with a FREE selection of summer bulbs and seeds worth £33:50 only with The Scotsman this Saturday. To stop go2 notxt.co.uk",SPAM
"K..then come wenever u lik to come and also tel vikky to come by getting free time..:-)",NO_SPAM
"Pls call me da. What happen.",NO_SPAM
"Happy new year to u and ur family...may this new year bring happiness , stability and tranquility to ur vibrant colourful life:):)",NO_SPAM
"No problem with the renewal. I.ll do it right away but i dont know his details.",NO_SPAM
"Idk. I'm sitting here in a stop and shop parking lot right now bawling my eyes out because i feel like i'm a failure in everything. Nobody wants me and now i feel like i'm failing you.",NO_SPAM
"Haven't left yet so probably gonna be here til dinner",NO_SPAM
"Like  &lt;#&gt; , same question",NO_SPAM
"MY NEW YEARS EVE WAS OK. I WENT TO A PARTY WITH MY BOYFRIEND. WHO IS THIS SI THEN HEY",NO_SPAM
"Sir, I need Velusamy sir's date of birth and company bank facilities details.",NO_SPAM
"K k:) sms chat with me.",NO_SPAM
"I will come with karnan car. Please wait till 6pm will directly goto doctor.",NO_SPAM
"No but the bluray player can",NO_SPAM
"Ok... Then r we meeting later?",NO_SPAM
"Lol no. I just need to cash in my nitros. Hurry come on before I crash out!",NO_SPAM
"Just send a text. We'll skype later.",NO_SPAM
"Ok leave no need to ask",NO_SPAM
"Congrats 2 mobile 3G Videophones R yours. call 09063458130 now! videochat wid ur mates, play java games, Dload polypH music, noline rentl. bx420. ip4. 5we. 150p",SPAM
"Ü still got lessons?  Ü in sch?",NO_SPAM
"Y she dun believe leh? I tot i told her it's true already. I thk she muz c us tog then she believe.",NO_SPAM
"Oh did you charge camera",NO_SPAM
"I‘ve got some salt, you can rub it in my open wounds if you like!",NO_SPAM
"Now i'm going for lunch.",NO_SPAM
"I'm in school now n i'll be in da lab doing some stuff give me a call when ü r done.",NO_SPAM
"Oh k. . I will come tomorrow",NO_SPAM
"Aight, text me tonight and we'll see what's up",NO_SPAM
"U 2.",NO_SPAM
"Water logging in desert. Geoenvironmental implications.",NO_SPAM
"Raji..pls do me a favour. Pls convey my Birthday wishes to Nimya. Pls. Today is her birthday.",NO_SPAM
"Company is very good.environment is terrific and food is really nice:)",NO_SPAM
"Very strange.  and  are watching the 2nd one now but i'm in bed. Sweet dreams, miss u ",NO_SPAM
"SMS AUCTION - A BRAND NEW Nokia 7250 is up 4 auction today! Auction is FREE 2 join & take part! Txt NOKIA to 86021 now!",SPAM
"Hi hope u r both ok, he said he would text and he hasn't, have u seen him, let me down gently please ",NO_SPAM
"Babe! I fucking love you too !! You know? Fuck it was so good to hear your voice. I so need that. I crave it. I can't get enough. I adore you, Ahmad *kisses*",NO_SPAM
"K sure am in my relatives home. Sms me de. Pls:-)",NO_SPAM
"I sent them. Do you like?",NO_SPAM
"Fuuuuck I need to stop sleepin, sup",NO_SPAM
"I'm in town now so i'll jus take mrt down later.",NO_SPAM
"I just cooked a rather nice salmon a la you",NO_SPAM
"I uploaded mine to Facebook",NO_SPAM
"WHAT TIME U WRKIN?",NO_SPAM
"Okie",NO_SPAM
"ree entry in 2 a weekly comp for a chance to win an ipod. Txt POD to 80182 to get entry (std txt rate) T&C's apply 08452810073 for details 18+",SPAM
"Our records indicate u maybe entitled to 5000 pounds in compensation for the Accident you had. To claim 4 free reply with CLAIM to this msg. 2 stop txt STOP",SPAM
"Sorry, I'll call later",NO_SPAM
"Oh oh... Den muz change plan liao... Go back have to yan jiu again...",NO_SPAM
"It's wylie, you in tampa or sarasota?",NO_SPAM
"Ok... Take ur time n enjoy ur dinner...",NO_SPAM
"Darren was saying dat if u meeting da ge den we dun meet 4 dinner. Cos later u leave xy will feel awkward. Den u meet him 4 lunch lor.",NO_SPAM
"Spook up your mob with a Halloween collection of a logo & pic message plus a free eerie tone, txt CARD SPOOK to 8007 zed 08701417012150p per logo/pic ",SPAM
"I like cheap! But i‘m happy to splash out on the wine if it makes you feel better..",NO_SPAM
"She.s fine. I have had difficulties with her phone. It works with mine. Can you pls send her another friend request.",NO_SPAM
"Ugh my leg hurts. Musta overdid it on mon.",NO_SPAM
"Call Germany for only 1 pence per minute! Call from a fixed line via access number 0844 861 85 85. No prepayment. Direct access! www.telediscount.co.uk",SPAM
"YOU VE WON! Your 4* Costa Del Sol Holiday or £5000 await collection. Call 09050090044 Now toClaim. SAE, TC s, POBox334, Stockport, SK38xh, Cost£1.50/pm, Max10mins",SPAM
"WOT STUDENT DISCOUNT CAN U GET ON BOOKS?",NO_SPAM
"Me fine..absolutly fine",NO_SPAM
"How come she can get it? Should b quite diff to guess rite...",NO_SPAM
"Had your mobile 11mths ? Update for FREE to Oranges latest colour camera mobiles & unlimited weekend calls. Call Mobile Upd8 on freefone 08000839402 or 2StopTxt",SPAM
"I will reach ur home in  &lt;#&gt;  minutes",NO_SPAM
"Babe, I'm answering you, can't you see me ? Maybe you'd better reboot YM ... I got the photo ... It's great !",NO_SPAM
"Hi.what you think about match?",NO_SPAM
"I know you are thinkin malaria. But relax, children cant handle malaria. She would have been worse and its gastroenteritis. If she takes enough to replace her loss her temp will reduce. And if you give her malaria meds now she will just vomit. Its a self limiting illness she has which means in a few days it will completely stop",NO_SPAM
"Dai i downloaded but there is only exe file which i can only run that exe after installing.",NO_SPAM
"It is only yesterday true true.",NO_SPAM
"K.k.how is your business now?",NO_SPAM
"3 pa but not selected.",NO_SPAM
"Natalja (25/F) is inviting you to be her friend. Reply YES-440 or NO-440 See her: www.SMS.ac/u/nat27081980 STOP? Send STOP FRND to 62468",SPAM
"I keep ten rs in my shelf:) buy two egg.",NO_SPAM
"I am late. I will be there at",NO_SPAM
"Well thats nice. Too bad i cant eat it",NO_SPAM
"I accidentally brought em home in the box",NO_SPAM
"Pls she needs to dat slowly or she will vomit more.",NO_SPAM
"I have to take exam with in march 3",NO_SPAM
"Jane babes not goin 2 wrk, feel ill after lst nite. Foned in already cover 4 me chuck.:-)",NO_SPAM
"5 nights...We nt staying at port step liao...Too ex",NO_SPAM
"If I die I want u to have all my stuffs.",NO_SPAM
""OH FUCK. JUSWOKE UP IN A BED ON A BOATIN THE DOCKS. SLEPT WID 25 YEAR OLD. SPINOUT! GIV U DA GOSSIP L8R. XXX"",NO_SPAM
"Smile in Pleasure Smile in Pain Smile when trouble pours like Rain Smile when sum1 Hurts U Smile becoz SOMEONE still Loves to see u Smiling!!",NO_SPAM
"Prabha..i'm soryda..realy..frm heart i'm sory",NO_SPAM
"I re-met alex nichols from middle school and it turns out he's dealing!",NO_SPAM
"PRIVATE! Your 2003 Account Statement for <fone no> shows 800 un-redeemed S. I. M. points. Call 08715203656 Identifier Code: 42049 Expires 26/10/04",SPAM
"It means u could not keep ur words.",NO_SPAM
"Nope, I'm still in the market",NO_SPAM
"I realise you are a busy guy and i'm trying not to be a bother. I have to get some exams outta the way and then try the cars. Do have a gr8 day",NO_SPAM
"YOU ARE CHOSEN TO RECEIVE A £350 AWARD! Pls call claim number 09066364311 to collect your award which you are selected to receive as a valued mobile customer.",SPAM
"Hey what how about your project. Started aha da.",NO_SPAM
"Ok cool. See ya then.",NO_SPAM
"Am on the uworld site. Am i buying the qbank only or am i buying it with the self assessment also?",NO_SPAM
"Your opinion about me? 1. Over 2. Jada 3. Kusruthi 4. Lovable 5. Silent 6. Spl character 7. Not matured 8. Stylish 9. Simple Pls reply..",NO_SPAM
"Someonone you know is trying to contact you via our dating service! To find out who it could be call from your mobile or landline 09064015307 BOX334SK38ch ",SPAM
"Yeah I can still give you a ride",NO_SPAM
"Jay wants to work out first, how's 4 sound?",NO_SPAM
"Gud gud..k, chikku tke care.. sleep well gud nyt",NO_SPAM
"Its a part of checking IQ",NO_SPAM
"Hmm thinking lor...",NO_SPAM
"Of course ! Don't tease me ... You know I simply must see ! *grins* ... Do keep me posted my prey ... *loving smile* *devouring kiss*",NO_SPAM
"thanks for the temales it was wonderful. Thank. Have a great week.",NO_SPAM
"Thank you princess! I want to see your nice juicy booty...",NO_SPAM
"Haven't eaten all day. I'm sitting here staring at this juicy pizza and I can't eat it. These meds are ruining my life.",NO_SPAM
"Gud ni8 dear..slp well..take care..swt dreams..Muah..",NO_SPAM
"U come n search tat vid..not finishd..",NO_SPAM
"K I'm leaving soon, be there a little after 9",NO_SPAM
"Urgent! Please call 09061213237 from a landline. £5000 cash or a 4* holiday await collection. T &Cs SAE PO Box 177 M227XY. 16+",SPAM
"Yeah work is fine, started last week, all the same stuff as before, dull but easy and guys are fun!",NO_SPAM
"You do your studies alone without anyones help. If you cant no need to study.",NO_SPAM
"Please tell me not all of my car keys are in your purse",NO_SPAM
"I didnt get anything da",NO_SPAM
"Ok... Sweet dreams...",NO_SPAM
"Well she's in for a big surprise!",NO_SPAM
"As usual..iam fine, happy &amp; doing well..:)",NO_SPAM
"1 in cbe. 2 in chennai.",NO_SPAM
"Can help u swoop by picking u up from wherever ur other birds r meeting if u want.",NO_SPAM
"If anyone calls for a treadmill say you'll buy it. Make sure its working. I found an ad on Craigslist selling for $ &lt;#&gt; .",NO_SPAM
"I absolutely LOVE South Park! I only recently started watching the office.",NO_SPAM
"Did you see that film:)",NO_SPAM
"Pls speak with me. I wont ask anything other then you friendship.",NO_SPAM
"Storming msg: Wen u lift d phne, u say "HELLO" Do u knw wt is d real meaning of HELLO?? . . . It's d name of a girl..! . . . Yes.. And u knw who is dat girl?? "Margaret Hello" She is d girlfrnd f Grahmbell who invnted telphone... . . . . Moral:One can 4get d name of a person, bt not his girlfrnd... G o o d n i g h t . . .@",NO_SPAM
"Gud ni8.swt drms.take care",NO_SPAM
"HI DARLIN ITS KATE ARE U UP FOR DOIN SOMETHIN TONIGHT? IM GOING TO A PUB CALLED THE SWAN OR SOMETHING WITH MY PARENTS FOR ONE DRINK SO PHONE ME IF U CAN",NO_SPAM
"Anything lar then ü not going home 4 dinner?",NO_SPAM
""ER, ENJOYIN INDIANS AT THE MO..yeP. SaLL gOoD HehE ;> hows bout u shexy? Pete Xx"",NO_SPAM
"If you don't, your prize will go to another customer. T&C at www.t-c.biz 18+ 150p/min Polo Ltd Suite 373 London W1J 6HL Please call back if busy ",SPAM
"Did u fix the teeth?if not do it asap.ok take care.",NO_SPAM
"So u wan 2 come for our dinner tonight a not?",NO_SPAM
"Hello.How u doing?What u been up 2?When will u b moving out of the flat, cos I will need to arrange to pick up the lamp, etc. Take care. Hello caroline!",NO_SPAM
"Its too late:)but its k.wish you the same.",NO_SPAM
"Hi. Hope ur day * good! Back from walk, table booked for half eight. Let me know when ur coming over.",NO_SPAM
"Oh yeah clearly it's my fault",NO_SPAM
"Dunno leh cant remember mayb lor. So wat time r we meeting tmr?",NO_SPAM
"Best msg: It's hard to be with a person, when u know that one more step foward will make u fall in love.. &amp; One step back can ruin ur friendship.. good night:-) ...",NO_SPAM
"URGENT! Your Mobile number has been awarded with a £2000 prize GUARANTEED. Call 09061790126 from land line. Claim 3030. Valid 12hrs only 150ppm",SPAM
"Helloooo... Wake up..! "Sweet" "morning" "welcomes" "You" "Enjoy" "This Day" "with full of joy".. "GUD MRNG".",NO_SPAM
"Vikky, come around  &lt;TIME&gt; ..",NO_SPAM
"And how you will do that, princess? :)",NO_SPAM
"I have gone into get info bt dont know what to do",NO_SPAM
"Yeah, probably here for a while",NO_SPAM
"Sent me ur email id soon",NO_SPAM
"URGENT! You have won a 1 week FREE membership in our £100,000 Prize Jackpot! Txt the word: CLAIM to No: 81010 T&C www.dbuk.net LCCLTD POBOX 4403LDNW1A7RW18",SPAM
"I'm still pretty weak today .. Bad day ?",NO_SPAM
"Hey ! Don't forget ... You are MINE ... For ME ... My possession ... MY property ... MMM ... *childish smile* ...",NO_SPAM
"An excellent thought by a misundrstud frnd: I knw u hate me bt the day wen u'll knw the truth u'll hate urself:-( Gn:-)",NO_SPAM
"Hey! Congrats 2u2. id luv 2 but ive had 2 go home!",NO_SPAM
"Dear where you. Call me",NO_SPAM
"Xy trying smth now. U eat already? We havent...",NO_SPAM
"Urgent! Please call 09061213237 from landline. £5000 cash or a luxury 4* Canary Islands Holiday await collection. T&Cs SAE PO Box 177. M227XY. 150ppm. 16+",SPAM
"I donno its in your genes or something",NO_SPAM
"XMAS iscoming & ur awarded either £500 CD gift vouchers & free entry 2 r £100 weekly draw txt MUSIC to 87066 TnC www.Ldew.com1win150ppmx3age16subscription ",SPAM
"Alex says he's not ok with you not being ok with it",NO_SPAM
"Are u coming to the funeral home",NO_SPAM
"My darling sister. How are you doing. When's school resuming. Is there a minimum wait period before you reapply? Do take care",NO_SPAM
"I.ll hand her my phone to chat wit u",NO_SPAM
"Well good morning mr . Hows london treatin' ya treacle?",NO_SPAM
"I can't make it tonight",NO_SPAM
"At WHAT TIME should i come tomorrow",NO_SPAM
"About  &lt;#&gt; bucks. The banks fees are fixed. Better to call the bank and find out.",NO_SPAM
"I can. But it will tell quite long, cos i haven't finish my film yet...",NO_SPAM
"Pls ask macho how much is budget for bb bold 2 is cos i saw a new one for  &lt;#&gt;  dollars.",NO_SPAM
""Hi missed your Call and my mumHas beendropping red wine all over theplace! what is your adress?"",NO_SPAM
"Ill be at yours in about 3 mins but look out for me",NO_SPAM
"What you did in  leave.",NO_SPAM
"I'm coming back on Thursday. Yay. Is it gonna be ok to get the money. Cheers. Oh yeah and how are you. Everything alright. Hows school. Or do you call it work now",NO_SPAM
"Jolly good! By the way,  will give u tickets for sat eve 7.30. Speak before then x",NO_SPAM
"yeah, that's what I was thinking",NO_SPAM
"K.k:)i'm going to tirunelvali this week to see my uncle ..i already spend the amount by taking dress .so only i want money.i will give it on feb 1",NO_SPAM
"Here got ur favorite oyster... N got my favorite sashimi... Ok lar i dun say already... Wait ur stomach start rumbling...",NO_SPAM
"My sister going to earn more than me da.",NO_SPAM
"Get the official ENGLAND poly ringtone or colour flag on yer mobile for tonights game! Text TONE or FLAG to 84199. Optout txt ENG STOP Box39822 W111WX £1.50",SPAM
"Hahaha..use your brain dear",NO_SPAM
"Jus finish watching tv... U?",NO_SPAM
"K, fyi I'm back in my parents' place in south tampa so I might need to do the deal somewhere else",NO_SPAM
"Good morning, my Love ... I go to sleep now and wish you a great day full of feeling better and opportunity ... You are my last thought babe, I LOVE YOU *kiss*",NO_SPAM
"Kothi print out marandratha.",NO_SPAM
"But we havent got da topic yet rite?",NO_SPAM
"Ok no problem... Yup i'm going to sch at 4 if i rem correctly...",NO_SPAM
"Thanks, I'll keep that in mind",NO_SPAM
"Aah bless! How's your arm?",NO_SPAM
"Dear Sir,Salam Alaikkum.Pride and Pleasure meeting you today at the Tea Shop.We are pleased to send you our contact number at Qatar.Rakhesh an Indian.Pls save our Number.Respectful Regards.",NO_SPAM
"Gal n boy walking in d park. gal-can i hold ur hand? boy-y? do u think i would run away? gal-no, jst wana c how it feels walking in heaven with an prince..GN:-)",NO_SPAM
"What makes you most happy?",NO_SPAM
"Wishing you a wonderful week.",NO_SPAM
"Sweet heart how are you?",NO_SPAM
"Sir, waiting for your letter.",NO_SPAM
"Dude im no longer a pisces. Im an aquarius now.",NO_SPAM
"X course it 2yrs. Just so her messages on messenger lik you r sending me",NO_SPAM
"I think steyn surely get one wicket:)",NO_SPAM
"Neither [in sterm voice] - i'm studying. All fine with me! Not sure the  thing will be resolved, tho. Anyway. Have a fab hols",NO_SPAM
"Garbage bags, eggs, jam, bread, hannaford wheat chex",NO_SPAM
"No. It's not pride. I'm almost  &lt;#&gt;  years old and shouldn't be takin money from my kid. You're not supposed to have to deal with this stuff. This is grownup stuff--why i don't tell you.",NO_SPAM
"Sounds better than my evening im just doing my costume. Im not sure what time i finish tomorrow but i will txt you at the end.",NO_SPAM
"My birthday is on feb  &lt;#&gt;  da. .",NO_SPAM
"So when do you wanna gym?",NO_SPAM
"You'd like that wouldn't you? Jerk!",NO_SPAM
"Are u awake? Is there snow there?",NO_SPAM
"And of course you should make a stink!",NO_SPAM
"u r subscribed 2 TEXTCOMP 250 wkly comp. 1st wk?s free question follows, subsequent wks charged@150p/msg.2 unsubscribe txt STOP 2 84128,custcare 08712405020",SPAM
"No go. No openings for that room 'til after thanksgiving without an upcharge.",NO_SPAM
"When you guys planning on coming over?",NO_SPAM
"Wat ü doing now?",NO_SPAM
"My Parents, My Kidz, My Friends n My Colleagues. All screaming.. SURPRISE !! and I was waiting on the sofa.. ... ..... ' NAKED...!",NO_SPAM
"No sir. That's why i had an 8-hr trip on the bus last week. Have another audition next wednesday but i think i might drive this time.",NO_SPAM
"Do I? I thought I put it back in the box",NO_SPAM
"I'm home...",NO_SPAM
"No one interested. May be some business plan.",NO_SPAM
"Yup it's at paragon... I havent decided whether 2 cut yet... Hee...",NO_SPAM
"Good morning princess! Have a great day!",NO_SPAM
"Guai... Ü shd haf seen him when he's naughty... Ü so free today? Can go jogging...",NO_SPAM
"Aiyo cos i sms ü then ü neva reply so i wait 4 ü to reply lar. I tot ü havent finish ur lab wat.",NO_SPAM
"Living is very simple.. Loving is also simple.. Laughing is too simple.. Winning is tooo simple.. But, Being 'SIMPLE' is very difficult...;-) :-)",NO_SPAM
"Tell me something. Thats okay.",NO_SPAM
"Ok",NO_SPAM
"Hmm. Shall i bring a bottle of wine to keep us amused? Just joking! I'll still bring a bottle. Red or white? See you tomorrow",NO_SPAM
"This is ur face test ( 1 2 3 4 5 6 7 8 9  &lt;#&gt;  ) select any number i will tell ur face astrology.... am waiting. quick reply...",NO_SPAM
"Hey, iouri gave me your number, I'm wylie, ryan's friend",NO_SPAM
"Yep get with the program. You're slacking.",NO_SPAM
"I'm in inside office..still filling forms.don know when they leave me.",NO_SPAM
"I think your mentor is , but not 100 percent sure.",NO_SPAM
"Call 09095350301 and send our girls into erotic ecstacy. Just 60p/min. To stop texts call 08712460324 (nat rate)",SPAM
"Camera - You are awarded a SiPix Digital Camera! call 09061221066 fromm landline. Delivery within 28 days.",SPAM
"A £400 XMAS REWARD IS WAITING FOR YOU! Our computer has randomly picked you from our loyal mobile customers to receive a £400 reward. Just call 09066380611",SPAM
"Just trying to figure out when I'm suppose to see a couple different people this week. We said we'd get together but I didn't set dates",NO_SPAM
"IMPORTANT MESSAGE. This is a final contact attempt. You have important messages waiting out our customer claims dept. Expires 13/4/04. Call 08717507382 NOW!",SPAM
"Hi mom we might be back later than  &lt;#&gt; ",NO_SPAM
"dating:i have had two of these. Only started after i sent a text to talk sport radio last week. Any connection do you think or coincidence?",SPAM
"Lol, oh you got a friend for the dog ?",NO_SPAM
"Ok., is any problem to u frm him? Wats matter?",NO_SPAM
"K I'll head out in a few mins, see you there",NO_SPAM
"Do u konw waht is rael FRIENDSHIP Im gving yuo an exmpel: Jsut ese tihs msg.. Evrey splleing of tihs msg is wrnog.. Bt sitll yuo can raed it wihtuot ayn mitsake.. GOODNIGHT &amp; HAVE A NICE SLEEP..SWEET DREAMS..",NO_SPAM
"I cant pick the phone right now. Pls send a message",NO_SPAM
"I don't want you to leave. But i'm barely doing what i can to stay sane. fighting with you constantly isn't helping.",NO_SPAM
"The current leading bid is 151. To pause this auction send OUT. Customer Care: 08718726270",SPAM
"Free entry to the gr8prizes wkly comp 4 a chance to win the latest Nokia 8800, PSP or £250 cash every wk.TXT GREAT to 80878 http//www.gr8prizes.com 08715705022",SPAM
"Somebody set up a website where you can play hold em using eve online spacebucks",NO_SPAM
"Its sunny in california. The weather's just cool",NO_SPAM
"You have 1 new message. Call 0207-083-6089",SPAM
"I can make it up there, squeezed  &lt;#&gt;  bucks out of my dad",NO_SPAM
"Good day to You too.Pray for me.Remove the teeth as its painful maintaining other stuff.",NO_SPAM
"How are you babes. Hope your doing ok. I had a shit nights sleep. I fell asleep at 5.Im knackered and im dreading work tonight. What are thou upto tonight. X",NO_SPAM
"How do friends help us in problems? They give the most stupid suggestion that Lands us into another problem and helps us forgt the previous problem",NO_SPAM
"I'm at work. Please call",NO_SPAM
"I will be gentle baby! Soon you will be taking all  &lt;#&gt;  inches deep inside your tight pussy...",NO_SPAM
"NOT MUCH NO FIGHTS. IT WAS A GOOD NITE!!",NO_SPAM
"Ok.ok ok..then..whats ur todays plan",NO_SPAM
"Nt joking seriously i told",NO_SPAM
"Watching ajith film ah?",NO_SPAM
"Ooooooh I forgot to tell u I can get on yoville on my phone",NO_SPAM
"All done, all handed in. Don't know if mega shop in asda counts as celebration but thats what i'm doing!",NO_SPAM
"I dont know exactly could you ask chechi.",NO_SPAM
"Dunno lei shd b driving lor cos i go sch 1 hr oni.",NO_SPAM
"As in i want custom officer discount oh.",NO_SPAM
"That's necessarily respectful",NO_SPAM
"Hi. Hope you had a good day. Have a better night.",NO_SPAM
"And he's apparently bffs with carly quick now",NO_SPAM
"HARD BUT TRUE: How much you show &amp;  express your love to someone....that much it will hurt when they leave you or you get seperated...!鈥┾??〨ud evening...",NO_SPAM
"Babes I think I got ur brolly I left it in English wil bring it in 2mrw 4 u luv Franxx",NO_SPAM
"Hi babe its me thanks for coming even though it didnt go that well!i just wanted my bed! Hope to see you soon love and kisses xxx",NO_SPAM
"So gd got free ice cream... I oso wan...",NO_SPAM
"Pls give her prometazine syrup. 5mls then  &lt;#&gt; mins later feed.",NO_SPAM
"So how many days since then?",NO_SPAM
"Dear are you angry i was busy dear",NO_SPAM
"Yup he msg me: is tat yijue? Then i tot it's my group mate cos we meeting today mah... I'm askin if ü leaving earlier or wat mah cos mayb ü haf to walk v far...",NO_SPAM
"... Are you in the pub?",NO_SPAM
"There is a first time for everything :)",NO_SPAM
"Daddy, shu shu is looking 4 u... U wan me 2 tell him u're not in singapore or wat?",NO_SPAM
"I ask if u meeting da ge tmr nite...",NO_SPAM
"Gr8. So how do you handle the victoria island traffic. Plus when's the album due",NO_SPAM
"Nite nite pocay wocay luv u more than n e thing 4eva I promise ring u 2morrowxxxx",NO_SPAM
"East coast",NO_SPAM
"You should get more chicken broth if you want ramen unless there's some I don't know about",NO_SPAM
"My slave! I want you to take 2 or 3 pictures of yourself today in bright light on your cell phone! Bright light!",NO_SPAM
"Nope. I just forgot. Will show next week",NO_SPAM
"So how are you really. What are you up to. How's the masters. And so on.",NO_SPAM
"I'm at bruce &amp; fowler now but I'm in my mom's car so I can't park (long story)",NO_SPAM
"I dont know oh. Hopefully this month.",NO_SPAM
"Hi elaine, is today's meeting confirmed?",NO_SPAM
"Ok k..sry i knw 2 siva..tats y i askd..",NO_SPAM
"Sorry, I'll call later",NO_SPAM
"U horrible gal... U knew dat i was going out wif him yest n u still come n ask me...",NO_SPAM
"Otherwise had part time job na-tuition..",NO_SPAM
"Oh yeah! And my diet just flew out the window",NO_SPAM
"Santa Calling! Would your little ones like a call from Santa Xmas eve? Call 09058094583 to book your time.",SPAM
"You didnt complete your gist oh.",NO_SPAM
"Er yeah, i will b there at 15:26, sorry! Just tell me which pub/cafe to sit in and come wen u can",NO_SPAM
"If you can make it any time tonight or whenever you can it's cool, just text me whenever you're around",NO_SPAM
"If I was I wasn't paying attention",NO_SPAM
"Thanx a lot 4 ur help!",NO_SPAM
"You're gonna have to be way more specific than that",NO_SPAM
"Jesus armand really is trying to tell everybody he can find",NO_SPAM
"I'm wif him now buying tix lar...",NO_SPAM
"Mode men or have you left.",NO_SPAM
"Am slow in using biola's fne",NO_SPAM
""What are youdoing later? Sar xxx"",NO_SPAM
"Hey i've booked the 2 lessons on sun liao...",NO_SPAM
"Thank you. do you generally date the brothas?",NO_SPAM
"By the way, make sure u get train to worc foregate street not shrub hill. Have fun night x",NO_SPAM
"I thought i'd get him a watch, just cos thats the kind of thing u get4an18th. And he loves so much!",NO_SPAM
"You have won a guaranteed 32000 award or maybe even £1000 cash to claim ur award call free on 0800 ..... (18+). Its a legitimat efreefone number wat do u think???",SPAM
"Good morning. At the repair shop--the ONLY reason i'm up at this hour.",NO_SPAM
"And that's fine, I got enough bud to last most of the night at least",NO_SPAM
"I am back. Good journey! Let me know if you need any of the receipts. Shall i tell you like the pendent?",NO_SPAM
"So that takes away some money worries",NO_SPAM
"aight we can pick some up, you open before tonight?",NO_SPAM
"Latest News! Police station toilet stolen, cops have nothing to go on!",SPAM
"Sac needs to carry on:)",NO_SPAM
"Just sing HU. I think its also important to find someone female that know the place well preferably a citizen that is also smart to help you navigate through. Even things like choosing a phone plan require guidance. When in doubt ask especially girls.",NO_SPAM
"What???? Hello wats talks email address?",NO_SPAM
"Except theres a chick with huge boobs.",NO_SPAM
"Im just wondering what your doing right now?",NO_SPAM
"Wishing you a beautiful day. Each moment revealing even more things to keep you smiling. Do enjoy it.",NO_SPAM
""For the most sparkling shopping breaks from 45 per person; call 0121 2025050 or visit www.shortbreaks.org.uk"",SPAM
"Arun can u transfr me d amt",NO_SPAM
"Sorry, I'll call later",NO_SPAM
"If you hear a loud scream in about &lt;#&gt; minutes its cause my Gyno will be shoving things up me that don't belong :/",NO_SPAM
"December only! Had your mobile 11mths+? You are entitled to update to the latest colour camera mobile for Free! Call The Mobile Update Co FREE on 08002986906",SPAM
"Ok i thk i got it. Then u wan me 2 come now or wat?",NO_SPAM
"Txt: CALL to No: 86888 & claim your reward of 3 hours talk time to use from your phone now! Subscribe6GBP/mnth inc 3hrs 16 stop?txtStop www.gamb.tv",SPAM
"U GOIN OUT 2NITE?",NO_SPAM
"I will treasure every moment we spend together...",NO_SPAM
"Shall I bring us a bottle of wine to keep us amused? Only joking! I‘ll bring one anyway",NO_SPAM
"http//tms. widelive.com/index. wml?id=820554ad0a1705572711&first=true¡C C Ringtone¡",SPAM
"Get your garden ready for summer with a FREE selection of summer bulbs and seeds worth £33:50 only with The Scotsman this Saturday. To stop go2 notxt.co.uk",SPAM
"URGENT! Last weekend's draw shows that you have won £1000 cash or a Spanish holiday! CALL NOW 09050000332 to claim. T&C: RSTM, SW7 3SS. 150ppm",SPAM
"Ok lor.",NO_SPAM
"I thought slide is enough.",NO_SPAM
"Yup",NO_SPAM
"Well obviously not because all the people in my cool college life went home ;_;",NO_SPAM
"Ok lor ü reaching then message me.",NO_SPAM
"Where's mummy's boy ? Is he being good or bad ? Is he being positive or negative ? Why is mummy being made to wait? Hmmmm?",NO_SPAM
"Dhoni have luck to win some big title.so we will win:)",NO_SPAM
"Yes princess! I want to please you every night. Your wish is my command...",NO_SPAM
"What Today-sunday..sunday is holiday..so no work..",NO_SPAM
"No probably  &lt;#&gt; %.",NO_SPAM
"Really do hope the work doesnt get stressful. Have a gr8 day.",NO_SPAM
"Have you seen who's back at Holby?!",NO_SPAM
"Shall call now dear having food",NO_SPAM
"URGENT We are trying to contact you Last weekends draw shows u have won a £1000 prize GUARANTEED Call 09064017295 Claim code K52 Valid 12hrs 150p pm",SPAM
"So li hai... Me bored now da lecturer repeating last weeks stuff waste time... ",NO_SPAM
", ,  and  picking them up from various points | going 2 yeovil | and they will do the motor project 4 3 hours | and then u take them home. || 12 2 5.30 max. || Very easy",NO_SPAM
"Also fuck you and your family for going to rhode island or wherever the fuck and leaving me all alone the week I have a new bong &gt;:(",NO_SPAM
"Ofcourse I also upload some songs",NO_SPAM
"2p per min to call Germany 08448350055 from your BT line. Just 2p per min. Check PlanetTalkInstant.com for info & T's & C's. Text stop to opt out",SPAM
"K. I will sent it again",NO_SPAM
"Oh thanks a lot..i already bought 2 eggs ..",NO_SPAM
"K. I will sent it again",NO_SPAM
"U studying in sch or going home? Anyway i'll b going 2 sch later.",NO_SPAM
"Marvel Mobile Play the official Ultimate Spider-man game (£4.50) on ur mobile right now. Text SPIDER to 83338 for the game & we ll send u a FREE 8Ball wallpaper",SPAM
"I think if he rule tamilnadu..then its very tough for our people.",NO_SPAM
"Cool, we shall go and see, have to go to tip anyway. Are you at home, got something to drop in later? So lets go to town tonight! Maybe mum can take us in.",NO_SPAM
"Good afternoon, my love ... How goes your day ? How did you sleep ? I hope your well, my boytoy ... I think of you ...",NO_SPAM
"Yes... I trust u to buy new stuff ASAP so I can try it out",NO_SPAM
"SMS SERVICES. for your inclusive text credits, pls goto www.comuk.net login= 3qxj9 unsubscribe with STOP, no extra charge. help 08702840625.COMUK. 220-CM2 9AE",SPAM
"Why did I wake up on my own &gt;:(",NO_SPAM
"Now get step 2 outta the way. Congrats again.",NO_SPAM
"Love has one law; Make happy the person you love. In the same way friendship has one law; Never make ur friend feel alone until you are alive.... Gud night",NO_SPAM
"PRIVATE! Your 2003 Account Statement for 07808247860 shows 800 un-redeemed S. I. M. points. Call 08719899229 Identifier Code: 40411 Expires 06/11/04",SPAM
"Apo all other are mokka players only",NO_SPAM
"Perhaps * is much easy give your account identification, so i will tomorrow at UNI",NO_SPAM
"Wait . I will msg after  &lt;#&gt;  min.",NO_SPAM
"What i told before i tell. Stupid hear after i wont tell anything to you. You dad called to my brother and spoken. Not with me.",NO_SPAM
"God's love has no limit. God's grace has no measure. God's power has no boundaries. May u have God's endless blessings always in ur life...!! Gud ni8",NO_SPAM
"I want to be inside you every night...",NO_SPAM
"Machan you go to gym tomorrow,  i wil come late goodnight.",NO_SPAM
"Lol they were mad at first but then they woke up and gave in.",NO_SPAM
"I went to project centre",NO_SPAM
"It‘s reassuring, in this crazy world.",NO_SPAM
"Just making dinner, you ?",NO_SPAM
"Yes. Please leave at  &lt;#&gt; . So that at  &lt;#&gt;  we can leave",NO_SPAM
"Oh... Okie lor...We go on sat... ",NO_SPAM
"You are a great role model. You are giving so much and i really wish each day for a miracle but God as a reason for everything and i must say i wish i knew why but i dont. I've looked up to you since i was young and i still do. Have a great day.",NO_SPAM
"Ya, i'm referin to mei's ex wat... No ah, waitin 4 u to treat, somebody shld b rich liao...So gd, den u dun have to work frm tmr onwards...",NO_SPAM
"Miles and smiles r made frm same letters but do u know d difference..? smile on ur face keeps me happy even though I am miles away from u.. :-)keep smiling.. Good nyt",NO_SPAM
"By the way, i've put a skip right outside the front of the house so you can see which house it is. Just pull up before it.",NO_SPAM
"Can you pls send me that company name. In saibaba colany",NO_SPAM
"No. I dont want to hear anything",NO_SPAM
"You are a big chic. Common. Declare",NO_SPAM
"Thats cool. I want to please you...",NO_SPAM
"Going to join tomorrow.",NO_SPAM
"You are awarded a SiPix Digital Camera! call 09061221061 from landline. Delivery within 28days. T Cs Box177. M221BP. 2yr warranty. 150ppm. 16 . p p£3.99",SPAM
"I want to tell you how bad I feel that basically the only times I text you lately are when I need drugs",NO_SPAM
"PRIVATE! Your 2003 Account Statement for shows 800 un-redeemed S.I.M. points. Call 08718738001 Identifier Code: 49557 Expires 26/11/04",SPAM
"Total disappointment, when I texted you was the craziest shit got :(",NO_SPAM
"Its just the effect of irritation. Just ignore it",NO_SPAM
"What about this one then.",NO_SPAM
"I think that tantrum's finished so yeah I'll be by at some point",NO_SPAM
"Compliments to you. Was away from the system. How your side.",NO_SPAM
"happened here while you were adventuring",NO_SPAM
"Hey chief, can you give me a bell when you get this. Need to talk to you about this royal visit on the 1st june. ",NO_SPAM
"Ok which your another number",NO_SPAM
"I know you are thinkin malaria. But relax, children cant handle malaria. She would have been worse and its gastroenteritis. If she takes enough to replace her loss her temp will reduce. And if you give her malaria meds now she will just vomit. Its a self limiting illness she has which means in a few days it will completely stop",NO_SPAM
"Aiyah ok wat as long as got improve can already wat...",NO_SPAM
"Want explicit SEX in 30 secs? Ring 02073162414 now! Costs 20p/min Gsex POBOX 2667 WC1N 3XX",SPAM
"I can't believe how attached I am to seeing you every day. I know you will do the best you can to get to me babe. I will go to teach my class at your midnight",NO_SPAM
"Just sleeping..and surfing",NO_SPAM
"ASKED 3MOBILE IF 0870 CHATLINES INCLU IN FREE MINS. INDIA CUST SERVs SED YES. L8ER GOT MEGA BILL. 3 DONT GIV A SHIT. BAILIFF DUE IN DAYS. I O £250 3 WANT £800",SPAM
"Yeah it's jus rite...",NO_SPAM
"Armand says get your ass over to epsilon",NO_SPAM
"U still havent got urself a jacket ah?",NO_SPAM
"I'm taking derek &amp; taylor to walmart, if I'm not back by the time you're done just leave the mouse on my desk and I'll text you when priscilla's ready",NO_SPAM
"Hi its in durban are you still on this number",NO_SPAM
"Ic. There are a lotta childporn cars then.",NO_SPAM
"Had your contract mobile 11 Mnths? Latest Motorola, Nokia etc. all FREE! Double Mins & Text on Orange tariffs. TEXT YES for callback, no to remove from records.",SPAM
"No, I was trying it all weekend ;V",NO_SPAM
"You know, wot people wear. T shirts, jumpers, hat, belt, is all we know. We r at Cribbs",NO_SPAM
"Cool, what time you think you can get here?",NO_SPAM
"Wen did you get so spiritual and deep. That's great",NO_SPAM
"Have a safe trip to Nigeria. Wish you happiness and very soon company to share moments with",NO_SPAM
"Hahaha..use your brain dear",NO_SPAM
"Well keep in mind I've only got enough gas for one more round trip barring a sudden influx of cash",NO_SPAM
"Yeh. Indians was nice. Tho it did kane me off a bit he he. We shud go out 4 a drink sometime soon. Mite hav 2 go 2 da works 4 a laugh soon. Love Pete x x",NO_SPAM
"Yes i have. So that's why u texted. Pshew...missing you so much",NO_SPAM
"No. I meant the calculation is the same. That  &lt;#&gt; units at  &lt;#&gt; . This school is really expensive. Have you started practicing your accent. Because its important. And have you decided if you are doing 4years of dental school or if you'll just do the nmde exam.",NO_SPAM
"Sorry, I'll call later",NO_SPAM
"if you aren't here in the next  &lt;#&gt;  hours imma flip my shit",NO_SPAM
"Anything lor. Juz both of us lor.",NO_SPAM
"Get me out of this dump heap. My mom decided to come to lowes. BORING.",NO_SPAM
"Ok lor... Sony ericsson salesman... I ask shuhui then she say quite gd 2 use so i considering...",NO_SPAM
"Ard 6 like dat lor.",NO_SPAM
"Why don't you wait 'til at least wednesday to see if you get your .",NO_SPAM
"Huh y lei...",NO_SPAM
"REMINDER FROM O2: To get 2.50 pounds free call credit and details of great offers pls reply 2 this text with your valid name, house no and postcode",SPAM
"This is the 2nd time we have tried 2 contact u. U have won the £750 Pound prize. 2 claim is easy, call 087187272008 NOW1! Only 10p per minute. BT-national-rate.",SPAM
"Will ü b going to esplanade fr home?",NO_SPAM
"Pity, * was in mood for that. So...any other suggestions?",NO_SPAM
"The guy did some bitching but I acted like i'd be interested in buying something else next week and he gave it to us for free",NO_SPAM
"Rofl. Its true to its name",NO_SPAM